{"type":"FeatureCollection","name":"France_CPAM_plate_sans_zoom_IDF","features":[{"type":"Feature","properties":{"organisme":"CCSS LOZERE","feature_role":"zone","svg":"069_Lozere.svg","source":"Canvas utilisateur + SVG exact","flat_map":true},"geometry":{"type":"Polygon","coordinates":[[[1.877770552604401,44.62774277218444],[1.9136303117537747,44.70094441151898],[1.926804579036118,44.71827025930223],[1.9293422802923355,44.73882771820816],[1.9470719744112286,44.755902350674916],[1.9470364974739613,44.79693947546089],[1.9715139636173926,44.828667631337744],[2.000969377321849,44.82824956930142],[1.9947585839908766,44.849518113980984],[2.007102951338094,44.88456218970862],[2.0444930718150127,44.90225100839969],[2.070801759558529,44.87171574032716],[2.0879795539139097,44.860574179889774],[2.123336221838214,44.87270753349857],[2.145043370627983,44.88650822126766],[2.1370209076260096,44.908984183136724],[2.1586563054082823,44.91647674958685],[2.1524020994726616,44.93475017526474],[2.1968281322519196,44.92739927004528],[2.210370579168317,44.94040742465809],[2.2513288753286487,44.95891208322935],[2.275881331008889,44.97543975564413],[2.302271652022187,44.95581262244418],[2.321383754915439,44.95977169814489],[2.3333426341240346,44.93034633922242],[2.3276528469876236,44.91893866115841],[2.3544320290126013,44.87934877841364],[2.3609318715379413,44.851855798597626],[2.378915276269973,44.83681661359959],[2.3994253717807137,44.8049005865257],[2.428206080076338,44.82003273934348],[2.464047329115394,44.82479158284077],[2.5157769701668387,44.82316635412127],[2.5252444297137657,44.85825048951078],[2.521283529308399,44.87507448809955],[2.555048227262254,44.88033966806542],[2.584962860503896,44.874097880571],[2.602887627211674,44.8415610462138],[2.6000125886355008,44.826201714633896],[2.656655411202573,44.828711776760144],[2.6792949038812393,44.83602737282234],[2.6880390298418795,44.81827431808517],[2.7406196040225286,44.777468162945105],[2.7830858716646745,44.76231146126569],[2.77651982849487,44.74131634652747],[2.803839413493487,44.73723895319519],[2.811871541901698,44.66854539904635],[2.838072058867587,44.63928004130459],[2.837125736100914,44.60403631335045],[2.852496358381847,44.5922416568738],[2.8686719982931685,44.555566978307624],[2.8951831808235227,44.55675899349815],[2.930054835554732,44.49578343220139],[2.9364453716792975,44.451020262167546],[2.947547307263293,44.437344163667355],[2.9245347333537333,44.417457019707875],[2.9087810928650724,44.388656808659874],[2.891182935718257,44.37333505586556],[2.852844673920769,44.37637684235595],[2.82975325120888,44.36079075865498],[2.858069742579976,44.34030249538361],[2.891801205259194,44.28820471138384],[2.868920582260636,44.273381924189174],[2.883042235879695,44.261046593861344],[2.8823952765919527,44.24120512095694],[2.9047296663463267,44.23819325204069],[2.9219811536110942,44.21793959514925],[2.8936665959651324,44.20700287202288],[2.8979374758968834,44.187103566153084],[2.885988299838915,44.15543677014145],[2.908276867450372,44.15297867200142],[2.900697802456122,44.13128853158552],[2.840080346228729,44.106661675556694],[2.8161489867380234,44.0865159436329],[2.763886157929417,44.0940089662287],[2.7371903299915363,44.08455888015373],[2.700783234305437,44.10703189147029],[2.6619922398078524,44.12318545725073],[2.641614132584106,44.12356744662314],[2.6176722231486798,44.14017417664347],[2.5906192661771814,44.13244680771623],[2.569302016654058,44.134973532206175],[2.5645660783133652,44.0771890480145],[2.537834976815831,44.071558440292776],[2.49675875331009,44.07827178763074],[2.473773281632641,44.0689120736607],[2.4309854831438895,44.08187898896169],[2.405292891856057,44.07935806220845],[2.361429086523205,44.084524897895776],[2.3519949932871276,44.10447944650202],[2.2917731565111317,44.12827009854784],[2.2750070822192283,44.15691797993168],[2.232404276141304,44.15917800433108],[2.2089249066760166,44.16615109325711],[2.1514779338626715,44.14882639892198],[2.1160190148950186,44.14770024863325],[2.135372118521505,44.17178066618004],[2.1345257199003442,44.19022497745249],[2.0876963715251238,44.2065391118665],[2.0674805203596986,44.2061596318496],[2.060084092023561,44.23617938147761],[2.029044565355867,44.22176094130907],[2.0300785760229383,44.247312265429144],[2.0605230019329084,44.27276326426833],[2.0388685069000703,44.295897236144654],[2.023584195774387,44.33155159732571],[2.025950992101759,44.357635675053],[2.045800403054355,44.36183439992581],[2.0311724064988144,44.38435020971777],[2.046908891919092,44.39977253286632],[2.039980231907573,44.42723564327798],[2.019503926713372,44.449468721757384],[2.00316290273267,44.454071960949456],[1.9691243184170857,44.47812691983027],[1.9852735885120092,44.537619569535146],[1.97714049066379,44.552352941345085],[1.9321078906733946,44.57745232596874],[1.910067099245083,44.60380701955903],[1.877770552604401,44.62774277218444]]]}},{"type":"Feature","properties":{"organisme":"CGSS GUADELOUPE","feature_role":"zone","svg":"039_Guadeloupe.svg","source":"Canvas utilisateur + SVG exact","flat_map":true},"geometry":{"type":"MultiPolygon","coordinates":[[[[-8.25595794600801,49.701884429324124],[-8.354427280803327,49.762700931903886],[-8.485596251281992,49.80840636027467],[-8.510685659816163,49.84715587448965],[-8.52186379396059,49.921855732537715],[-8.553155121183778,49.95010922685164],[-8.593678892995968,49.942435292859194],[-8.637238408000329,49.91082501701363],[-8.66051255928375,49.876323908679346],[-8.661910433159534,49.829969207052024],[-8.717826829912246,49.76391129243448],[-8.824000303116106,49.797778404530014],[-8.867805030853258,49.836436256638194],[-8.847754445280739,49.900823418998804],[-8.882029342774228,49.89018990593755],[-8.90374388412407,49.855696436112176],[-8.909763197586539,49.792873086883866],[-8.874804834816544,49.607652881605965],[-8.852756386766732,49.54646209209008],[-8.813620054245948,49.50479119135079],[-8.760624620257293,49.51402129996665],[-8.724894458673964,49.554563782580956],[-8.709444443519386,49.59650203113176],[-8.714577177740404,49.726549905647104],[-8.63172481144965,49.671637284187156],[-8.52409607415595,49.66767914164467],[-8.50221979674831,49.65582554835162],[-8.492966482990562,49.685772710449164],[-8.441572397272981,49.70695571297379],[-8.397918971009256,49.71165479087963],[-8.287108406342147,49.68977112672845],[-8.25595794600801,49.701884429324124]]],[[[-8.461476898664264,49.600706687151366],[-8.47694778298759,49.56474870480938],[-8.458122900648682,49.53344396931983],[-8.428427704404383,49.51564830236246],[-8.41905961021852,49.512704000311444],[-8.383214668207076,49.520355018777195],[-8.359919647754904,49.54887586090265],[-8.364734127152513,49.58772467573333],[-8.392890582631978,49.61150824740844],[-8.430342090206688,49.61730518940365],[-8.461476898664264,49.600706687151366]]],[[[-8.198674979132637,49.823267444882234],[-8.204939505327898,49.83071222360766],[-8.212758424164555,49.83665429727199],[-8.233007266840184,49.82907966389526],[-8.237686096640928,49.82905674836855],[-8.256380546675162,49.822984820052916],[-8.301525758074039,49.79884223845948],[-8.273405823639884,49.785524132649826],[-8.268737428423513,49.78853718128094],[-8.253156980964256,49.79309876602657],[-8.228239743072258,49.803686448034426],[-8.198674979132637,49.823267444882234]]],[[[-8.699825919308541,49.5217945345748],[-8.690405652200806,49.50389956700172],[-8.681053209891502,49.50544046460733],[-8.679498817250108,49.50694316966843],[-8.674819987449363,49.50696608519514],[-8.673265594807969,49.508468790256245],[-8.668586765007223,49.508491705782944],[-8.667032372365828,49.50999441084406],[-8.665467545140059,49.508506982800746],[-8.660788715339315,49.50852989832745],[-8.64357039856367,49.49067312329887],[-8.632705301950468,49.50567725838325],[-8.645223919756619,49.5175766827297],[-8.646778312398013,49.5160739776686],[-8.651457142198758,49.51605106214189],[-8.653011534840152,49.514548357080784],[-8.656135971999504,49.51602814661519],[-8.66081480180025,49.51600523108849],[-8.665509283477554,49.52046751521841],[-8.667079327995513,49.52345000981392],[-8.667094979872074,49.52793520947054],[-8.682717165668825,49.53533415714258],[-8.684276775602408,49.535326518633674],[-8.690494346167984,49.52931569838924],[-8.692053956101567,49.52930805988034],[-8.699825919308541,49.5217945345748]]]]}},{"type":"Feature","properties":{"organisme":"CGSS GUYANE","feature_role":"zone","svg":"040_Guyane.svg","source":"Canvas utilisateur + SVG exact","flat_map":true},"geometry":{"type":"Polygon","coordinates":[[[-8.783865515178192,48.91687196000916],[-8.89020553218781,48.82532869465255],[-8.889856135820128,48.725205718201615],[-8.823004524688745,48.67091967163824],[-8.82284570815798,48.6254092277969],[-8.889284396309376,48.56136812037282],[-8.88909381647246,48.50675558776322],[-8.795609556129442,48.46170222438659],[-8.742280731093867,48.46196341322357],[-8.715679845188387,48.48029818517859],[-8.675683226411707,48.48049407680632],[-8.648955287281613,48.46242049368828],[-8.515633224692678,48.46307346578072],[-8.382597031859119,48.54564523678756],[-8.356091435872095,48.59128627504738],[-8.223150532956994,48.70116431235902],[-8.223372876100065,48.76487893373688],[-8.276860517666403,48.81012818874123],[-8.303493166878038,48.80089550555448],[-8.330221106008132,48.81896908867253],[-8.31692066305539,48.828136474650044],[-8.490493450870229,48.90010432107599],[-8.517126100081864,48.89087163788924],[-8.570550215035896,48.917916715357066],[-8.623847276765316,48.90855343775182],[-8.65057521589541,48.926627020869866],[-8.73056845344877,48.9262352376144],[-8.75716933935425,48.90790046565938],[-8.783865515178192,48.91687196000916]]]}},{"type":"Feature","properties":{"organisme":"CGSS MARTINIQUE","feature_role":"zone","svg":"073_Martinique.svg","source":"Canvas utilisateur + SVG exact","flat_map":true},"geometry":{"type":"Polygon","coordinates":[[[-8.617566304220404,49.433834623940335],[-8.661692744410457,49.396481348777776],[-8.672789151602522,49.40571129107439],[-8.716915591792574,49.36835801591184],[-8.738881616170774,49.32182898669966],[-8.760944836265798,49.30315234911838],[-8.760685647687591,49.22887930476933],[-8.738492833303463,49.21041942017607],[-8.738201246152979,49.12686224528339],[-8.671428411566932,49.01577780824186],[-8.615946375606608,48.96962809675874],[-8.549562323887875,48.96995322624079],[-8.516467493745335,48.997968182612716],[-8.49446907079486,49.03521308128126],[-8.483696649325553,49.11882444442095],[-8.450666616327567,49.16540766188014],[-8.450925804905774,49.23968070622919],[-8.473183416434455,49.2767088519097],[-8.473377807868111,49.3324136351715],[-8.484474215060176,49.34164357746811],[-8.49566781796907,49.378725911395634],[-8.562246261121459,49.43410556517538],[-8.617566304220404,49.433834623940335]]]}},{"type":"Feature","properties":{"organisme":"CGSS REUNION","feature_role":"zone","svg":"059_La-Reunion.svg","source":"Canvas utilisateur + SVG exact","flat_map":true},"geometry":{"type":"Polygon","coordinates":[[[-8.456945163794808,48.409005657263464],[-8.545091288991525,48.408573943571874],[-8.570213591243903,48.39059649960356],[-8.620582805642027,48.39034980606551],[-8.670858562620122,48.36332196672852],[-8.696074322292526,48.37212566855915],[-8.821592376134387,48.25545730291862],[-8.846621220966737,48.210698713151366],[-8.871743523219115,48.192721269183046],[-8.871431998485694,48.10345078318659],[-8.846185086339947,48.08572003275633],[-8.846122781393262,48.06786593555703],[-8.820844716774173,48.04120813652712],[-8.707264764591656,47.97034680819056],[-8.656864397720192,47.96166645312896],[-8.631617485574445,47.9439357026987],[-8.493102145979604,47.94461410992834],[-8.467979843727226,47.96259155389665],[-8.405080630676258,47.9807540180185],[-8.317121420319594,48.03474802330797],[-8.241879123455831,48.1243885496115],[-8.241972580875856,48.151169695410445],[-8.22941142974967,48.1601584173946],[-8.229754106956435,48.2583559519907],[-8.292964844740826,48.32946397386531],[-8.34345866903232,48.364925474725844],[-8.431698251649063,48.391274906833196],[-8.456945163794808,48.409005657263464]]]}},{"type":"Feature","properties":{"organisme":"CPAM AIN","feature_role":"zone","svg":"001_Ain.svg","source":"Canvas utilisateur + SVG exact","flat_map":true},"geometry":{"type":"Polygon","coordinates":[[[3.6115465463037992,45.95110900456825],[3.638183901111985,45.975774621490565],[3.6288319381570546,46.04189332792232],[3.6225848747959364,46.05218952243368],[3.6453706584282584,46.07800699693804],[3.631332803654593,46.10257755540702],[3.6827045109106717,46.15424368930095],[3.6878405194495585,46.17140331741832],[3.664453164924781,46.19222704964021],[3.679402098235113,46.23637244174133],[3.6931953372956032,46.25617838821155],[3.6965192424481526,46.28048956792679],[3.7121873726091965,46.29629952430338],[3.7182868611774955,46.31971882899224],[3.7401810830839803,46.35296178233012],[3.738699169391248,46.38266557357584],[3.7771710678196047,46.43228538422336],[3.780838252425104,46.47139683082824],[3.8059512009480803,46.49850474751956],[3.805620987717514,46.52339936185797],[3.826600001016757,46.550267608282525],[3.898856654067468,46.54658855215199],[3.923597405468831,46.528887817284485],[3.953778659511935,46.51882411213233],[4.007314798901242,46.5275341200364],[4.038652699689481,46.54610945424204],[4.0758876631032175,46.55065945821087],[4.105841163144351,46.54527474583573],[4.120636337971033,46.50316373996622],[4.163537953970094,46.48598246605925],[4.22112171436742,46.48079973883562],[4.230586934584576,46.463960210577035],[4.208885372867472,46.44466825642823],[4.253735114465765,46.433369573652826],[4.289716661176631,46.41071881569176],[4.287624046707418,46.38108223158823],[4.317652833099787,46.36726952682699],[4.342722722022435,46.3672784337349],[4.355400296192189,46.34212904547656],[4.386000477062572,46.35090864688537],[4.394681451430732,46.342178391091],[4.375575669421747,46.29921530280437],[4.392667793686477,46.28934441084882],[4.442299535379944,46.288623695690426],[4.465180619713559,46.29513376009967],[4.490664657632024,46.32049921654416],[4.523297938048505,46.32395734058771],[4.544463851707299,46.35785360854909],[4.577766338187894,46.369021218081144],[4.614910632651029,46.338967140817985],[4.646610014796386,46.33683372488426],[4.647012776146743,46.30829675846549],[4.657799342236374,46.286046164000595],[4.700325100893435,46.29426478812178],[4.788876171768383,46.28810883715309],[4.818829754504404,46.29584648210979],[4.835866900795456,46.31430455773359],[4.850935533359953,46.31157446076527],[4.860370264292658,46.33833756023833],[4.884986057788514,46.3387261510641],[4.929175346793462,46.39494278042459],[4.977349148932502,46.42105680370996],[5.013505403721834,46.452367021895014],[5.049480655500846,46.4446661931326],[5.124859938450013,46.40180339943566],[5.074099480800346,46.34416166400621],[5.072170383791331,46.32425272888606],[5.054602861587965,46.31374407339224],[5.077452503062681,46.27782331694093],[5.053855070412254,46.26339522273083],[5.039551626688206,46.273193669938436],[4.981686422715854,46.26357504437013],[4.949603353134948,46.245340472074716],[4.924259263294077,46.24102924439366],[4.908805528314145,46.219795856512384],[4.938807842011822,46.20899662295624],[4.901046992035691,46.15109497558182],[4.865510373835973,46.15027237859458],[4.8341701322064035,46.13636880863611],[4.82458461262564,46.100803034122144],[4.795642860857732,46.102616654637465],[4.771000999848636,46.12284402129036],[4.749152836618353,46.093549527288424],[4.744629288931981,46.05692114874712],[4.7503850641384195,46.03594301320466],[4.7476012557583696,45.99975366980138],[4.7733147844511175,45.98107584870684],[4.770498799490967,45.945533508081304],[4.767774246589072,45.914655058437965],[4.741826078428873,45.85767923868886],[4.724227166558419,45.808725492765404],[4.7166148708459374,45.75870409838866],[4.72101301346208,45.73981772411581],[4.692953452537337,45.70202556223339],[4.6376843782450194,45.70407270465442],[4.642209179556967,45.67461157258342],[4.619891352511416,45.65873155153893],[4.622205832130031,45.637936542433486],[4.591049343026644,45.627390496071925],[4.55352999670864,45.600307919389564],[4.531211319941712,45.64068501734449],[4.514066582583228,45.65705919669956],[4.478616016903296,45.67044399665755],[4.50276594602109,45.68315829422224],[4.470918232763318,45.70607788583093],[4.450015744622645,45.70929325007545],[4.440037525064431,45.725673365039114],[4.404505910876581,45.74913736023246],[4.377990578593041,45.77695482486702],[4.341157771755318,45.8046273221393],[4.35418808062344,45.8298637348448],[4.331174727956307,45.85211138512204],[4.2657528964150675,45.88511694980815],[4.24298369213029,45.86369358098507],[4.214350927145286,45.84669523516847],[4.200715452579122,45.80797242501244],[4.177633071548064,45.78484212978142],[4.129537977501362,45.76246563480335],[4.098456935409384,45.765736692964275],[4.0829844728065625,45.78873648571504],[4.065577347522873,45.79799478217957],[4.0031848750863706,45.809399194189375],[3.944004707597883,45.80736368071571],[3.9110813986222572,45.800137829500315],[3.858100261389045,45.80614302255944],[3.8110634182429894,45.801735271471685],[3.8085878786998175,45.8423914823096],[3.792853759951151,45.858065693574176],[3.8010144733215756,45.872676491936915],[3.7744971194290278,45.878782132912775],[3.7711466795083024,45.89694037527318],[3.7367461695769237,45.9134952933758],[3.691740780588708,45.89566405344463],[3.692375588602434,45.922375720956914],[3.674158497840406,45.92482236776844],[3.656438401871078,45.940888202832404],[3.6202372664222464,45.93958600787409],[3.6115465463037992,45.95110900456825]]]}},{"type":"Feature","properties":{"organisme":"CPAM AISNE","feature_role":"zone","svg":"002_Aisne.svg","source":"Canvas utilisateur + SVG exact","flat_map":true},"geometry":{"type":"Polygon","coordinates":[[[1.8121154043881023,49.208902320880725],[1.8585399064085646,49.219243140364775],[1.880498572866435,49.199084908278095],[1.8974873890066553,49.21171478723811],[1.882697254126746,49.24500338851734],[1.892401014926892,49.27389409596328],[1.8354152126965704,49.28497838757438],[1.8180885283496198,49.31031324669747],[1.856818629029751,49.329650707850384],[1.9003710696944522,49.32304348020769],[1.9337532938451831,49.33950209619141],[1.9358384501204495,49.3630973869013],[1.9523794052313084,49.36750043255872],[1.9605278219219668,49.43524987583759],[1.993544112645702,49.427432762636116],[2.0258577503886004,49.43697533653883],[2.023649866906303,49.448548737882604],[1.9673361663356246,49.46588465872165],[1.982175128760331,49.49288671179268],[1.9558468752465574,49.51838719692624],[1.9819506661469772,49.52178156919869],[1.9927092346791897,49.54553739010623],[1.9878679595290438,49.57690813741994],[2.001357404701468,49.58035877873772],[1.982532302027045,49.60938335936412],[1.952569070147293,49.62913712567155],[1.9727057713171932,49.63852978671044],[1.956861688496189,49.66527879000965],[1.9756103140008394,49.67416884104399],[1.978362207008586,49.717552641872985],[1.9522497615374983,49.77149321629425],[1.9195636392047848,49.79840694365329],[1.9439532746619952,49.808457906391084],[1.9361761710431218,49.84058229680484],[1.9121682733576602,49.850278172331464],[1.9432714453178257,49.86327716610072],[1.9411003959372715,49.8871515980346],[1.9794364198845402,49.90627741607797],[1.9771302595676377,49.93801334196447],[2.0123029216569863,49.96823984664218],[2.0387655245908496,50.01337859264541],[2.0224844755701747,50.02477890567519],[2.0345913999715526,50.040991661060545],[2.065742705085765,50.04762589154169],[2.0951719986258754,50.06316796430744],[2.1472849643313126,50.04564342131343],[2.2071452552795465,50.04795456652275],[2.2237535676891462,50.067911427596286],[2.2720459777807287,50.06696327921916],[2.3029258054344584,50.05368177443419],[2.368571411067791,50.05065760041248],[2.385826828961542,50.06860105246462],[2.408401772652287,50.07126289503111],[2.4232068289645103,50.08798189903351],[2.4489016983106193,50.08741888619472],[2.48413476102418,50.073480954172965],[2.4978371688915395,50.05818901492975],[2.54895215978753,50.0729401149062],[2.5525095674902896,50.08948736968954],[2.604425046161964,50.105127073697275],[2.637279938451572,50.088705380140176],[2.6910689324841863,50.08344962001159],[2.7103453809184326,50.073652796872004],[2.731176169426994,50.083568279042694],[2.779955590230469,50.06762872809116],[2.8024712681478454,50.05184664366444],[2.8929757239790406,50.07698049313443],[2.8984876760042293,50.060269333186824],[2.882507409909449,50.03633238920312],[2.9178768630669953,50.018166143718105],[2.9637792046461953,50.018143748436266],[2.99583061680434,50.00111953477396],[3.052320699251889,50.01152215195118],[3.0854509606798257,50.009901158950505],[3.111463087103399,50.000135936344584],[3.110267247855559,49.98740147024497],[3.1494115110134104,49.9897667032111],[3.132754914896626,49.94421905969956],[3.173299473640744,49.932157060801835],[3.1661750468050096,49.88296043155486],[3.1398025506260123,49.858855927939416],[3.130101518389526,49.82918332365557],[3.1431865054910344,49.815398016576374],[3.123143227911014,49.8026615151138],[3.155404483914171,49.78835904338752],[3.1645735142561047,49.77506147935288],[3.1447607168373635,49.76313301582088],[3.141371853272773,49.74571440249102],[3.106228455135183,49.73395806559973],[3.099323847177261,49.71548061214193],[3.056842134826574,49.704391081356434],[3.0388537850831003,49.6930562500465],[3.036312371606562,49.663068726788275],[3.0061413711825664,49.64122190842222],[2.9730839746499256,49.64939019380048],[2.949629268488566,49.64170065129963],[2.938544217921229,49.6252193016214],[2.9862002639632523,49.57977970705762],[2.9670548787457762,49.56001874436068],[2.9857298104521894,49.54659968922773],[2.9871475630691804,49.53116980899903],[2.9487392025701786,49.513344968571175],[2.9506330508069762,49.47119497928515],[2.9666515864137315,49.452738133962896],[2.945794410831316,49.43895602521817],[2.9567421904325384,49.40449171143779],[2.9483042258924055,49.39571604506718],[2.943792702839684,49.35602068640364],[2.9198668754259725,49.35419802390027],[2.901098893347076,49.37485380635601],[2.865739646703023,49.374095930591444],[2.8277044487578475,49.405902688770276],[2.7992972492256527,49.39060033386244],[2.764232287538678,49.40322248018607],[2.735700246744015,49.392838742855155],[2.755390535823389,49.377590018766554],[2.7467265567270784,49.35929838435782],[2.71984541791055,49.35181288386427],[2.672612240418909,49.35035799218208],[2.63556352814665,49.329753821807756],[2.590075702954802,49.32470208068433],[2.5323252309443913,49.304063182951275],[2.546464928809464,49.28117094058773],[2.5444015283463983,49.251341307239564],[2.560810158890658,49.22680886086685],[2.5522633462108297,49.194369808788245],[2.5886046596954113,49.19083823804368],[2.5963585535605236,49.16536483156726],[2.6185207856778288,49.15715568434365],[2.6455337786406754,49.161712792227],[2.6430994781106536,49.139886547296804],[2.5935947167634614,49.12483223626223],[2.5748430721021567,49.136806534488315],[2.542912892472263,49.13051847398262],[2.5101089580704823,49.13290908715764],[2.4977161699537422,49.11633105874273],[2.499252046623195,49.097907443738755],[2.528039390097134,49.05913069555861],[2.4741312587869277,49.03567185190713],[2.474130024745796,49.00859803152918],[2.5373092512862137,49.01693905743413],[2.5543709341699863,49.012688088122125],[2.569337348994601,48.9911678904199],[2.5557700684903275,48.97916585348044],[2.5280182087542364,48.97548981032436],[2.5091278440317297,48.936933697586575],[2.4785487606883736,48.93088835512287],[2.489554267648743,48.91473741096273],[2.4606398959645057,48.9082044101453],[2.4600765597029604,48.88964135280607],[2.4125187049901156,48.87951580615784],[2.3912992406837956,48.85641288670176],[2.367126788400133,48.815553225829376],[2.3414404992746727,48.80222938885173],[2.332459186511988,48.82001795341158],[2.2823841955282567,48.8278029047751],[2.256950630780996,48.83919727867146],[2.2593535793282724,48.85400839948356],[2.2419238871917955,48.89000478717365],[2.2040784460015046,48.87486314192724],[2.185922904519893,48.88801114175098],[2.177065580196881,48.91712481762618],[2.138307180967531,48.90589658495731],[2.1213542784509767,48.94183003290302],[2.0974708586597846,48.958710925675106],[2.033355695148003,48.98829559915932],[2.047415577617888,49.03513046780474],[2.017646358203144,49.058714183308076],[2.0298309503143708,49.076098101147245],[1.9992008218466952,49.08410883754356],[1.9653252720312284,49.08445123617649],[1.9316209977986138,49.09456765677264],[1.9532341336996075,49.106570212750015],[1.9551353283722572,49.120598354746264],[2.0027446091543193,49.13198659797692],[1.9834694741139496,49.14140705514302],[1.9786353765886358,49.170720983243704],[1.9637408038584303,49.17908238687446],[1.9163256643916053,49.178915436442225],[1.9082377028473236,49.190980849425095],[1.856222633947171,49.19588003593357],[1.8583358792624745,49.16857074908328],[1.8218697611654977,49.17243919379194],[1.8248408729821664,49.196430473165286],[1.8121154043881023,49.208902320880725]]]}},{"type":"Feature","properties":{"organisme":"CPAM ALLIER","feature_role":"zone","svg":"003_Allier.svg","source":"Canvas utilisateur + SVG exact","flat_map":true},"geometry":{"type":"Polygon","coordinates":[[[1.1430877115003362,46.408118921758856],[1.1479135547757882,46.44316119781124],[1.1685665736066013,46.46644110396139],[1.217392536614447,46.50557796569562],[1.2345081514054206,46.5122458302767],[1.3157019983088136,46.514351957080706],[1.3550262088077627,46.52791664649396],[1.3720991463266188,46.51593970723674],[1.4030799929247146,46.52475311536216],[1.4115856201188597,46.51445239433093],[1.4884832113786066,46.54702196089543],[1.4791416712154553,46.58931723147122],[1.4547103372017913,46.6035952981921],[1.4742554222412163,46.639051079834495],[1.4484375857755878,46.66242814615408],[1.4753273326795209,46.66807244882505],[1.502862490711118,46.65972050595438],[1.5279564313916638,46.69398491771078],[1.5844143033424207,46.73534643544616],[1.5978260045471004,46.75310602845416],[1.6217969951685887,46.75182029853779],[1.644430473238565,46.72501209740039],[1.6785776959290506,46.74183789866829],[1.7168404601738532,46.74396553536597],[1.8031150022771791,46.79098707884429],[1.801331686762981,46.800018905257396],[1.8557431033075484,46.81718544328527],[1.9316648425335956,46.80807260778754],[1.949681566655212,46.76920899501353],[1.9864384139310645,46.74776051200363],[2.0346963867714956,46.73697026817536],[2.069929822271952,46.701532959630576],[2.1058673506961583,46.68731263471836],[2.125089924406524,46.690546134600645],[2.182017168844009,46.726619405148064],[2.2147636649291664,46.726317628364114],[2.2285901751304045,46.6972498709433],[2.263046977079734,46.69282895659012],[2.283773570861824,46.70017096740267],[2.306100471959538,46.72519529237676],[2.3549093006004553,46.72235883205964],[2.353750776016772,46.70272040238113],[2.375655896709896,46.69309458138336],[2.368958251331246,46.67128615728114],[2.3773791904124915,46.659524986207686],[2.4123518776838537,46.66793325812619],[2.4494786842137537,46.69541303496872],[2.4731838968424276,46.687385137113125],[2.487502050600726,46.69924796248488],[2.4771632789200995,46.72714201260112],[2.50548659335684,46.72620929910845],[2.527214306334824,46.735975263931],[2.503660760002194,46.76286223081903],[2.560172413352364,46.763083493560345],[2.5692487988109587,46.71844143042103],[2.5834607097221394,46.71386584792103],[2.6020622125361355,46.68295479693626],[2.6315308220838896,46.66943141893586],[2.6476136862098247,46.64100202800232],[2.649509757348479,46.62024189639634],[2.6689942750924778,46.61073329155871],[2.6804284676121384,46.56910334303268],[2.668332582062752,46.55220928369221],[2.6792055574395017,46.541614826664606],[2.7061363624337362,46.54121100943334],[2.742291686893653,46.52118214321921],[2.7761662979554953,46.53322402231708],[2.7822677547068544,46.51890336872172],[2.808465498446319,46.51072946179823],[2.805531874114188,46.49205106882784],[2.835750883454037,46.480757503483076],[2.8656777549368324,46.49657586183365],[2.9066800436288256,46.490099654544736],[2.9489577665249,46.464614538857205],[2.938647672979513,46.43283325764487],[2.947057235582691,46.42433212860675],[2.927295163307827,46.394453118568556],[2.942537810853763,46.363231389263625],[2.937486639285293,46.30985568470198],[2.89914008608922,46.31115566719748],[2.896639575312469,46.29300539678728],[2.8607234196868876,46.285663936762276],[2.8460457349844797,46.26362212751297],[2.823180848984211,46.26354761444133],[2.8140680603749377,46.250583336039185],[2.7465559694006942,46.24087903329497],[2.744321872906911,46.223571114633394],[2.7080779634144108,46.22267330009868],[2.7313672845522348,46.19431667665148],[2.7319514355582055,46.166428978066364],[2.7500426158173434,46.14224935457841],[2.7310135322043405,46.1350266869671],[2.744651300349519,46.08800456770404],[2.765050675294382,46.064473279667645],[2.7494910894481355,46.03614705647536],[2.7493154366751575,46.01958756429302],[2.7722227795277945,45.9709037692173],[2.7674272393646193,45.95805223459377],[2.7193369963515166,45.941360772998046],[2.6807077500025827,45.93504831258808],[2.6466352900933416,45.94311009456745],[2.630887241303512,45.91733245858793],[2.6311360300924784,45.897496905180205],[2.6128850160723207,45.926312606895124],[2.5755669518604942,45.93305667434743],[2.533443982036627,45.98623603055063],[2.470214332222327,45.986047094758874],[2.4631628187681582,45.99360279889285],[2.4071522247509276,45.98415884341887],[2.392937420842022,45.99470917583274],[2.3777639375663076,46.036985598336884],[2.3562097690786508,46.034091809145906],[2.341369010494465,46.04791721583345],[2.3034417634463598,46.03769302299833],[2.287389377306377,46.02651424911295],[2.250705554524479,46.02703684288973],[2.1962505835285646,46.038360209336886],[2.1464117889374075,46.035604075777776],[2.1262324249898206,46.047546370548574],[2.093219771306814,46.04693223993134],[2.0758065318540098,46.03750245175829],[2.0353470967926155,46.043362329449266],[2.005498285753857,46.06806727134667],[1.9957811455042955,46.088779382602155],[1.9510797431983293,46.07352569355814],[1.9178222142781847,46.07561670274594],[1.8938693332780305,46.09801335445084],[1.8707224932795214,46.095832067394],[1.840045563502267,46.1451523123109],[1.8067451698255719,46.15438090753618],[1.816122377354267,46.168759328797435],[1.8089704565620681,46.18965054768688],[1.8332393397441882,46.20134143806371],[1.8338653636201552,46.223775198013236],[1.7856225482572898,46.2347959018711],[1.7298076103690503,46.23217704287345],[1.709232775347159,46.212221459244645],[1.7138667435158523,46.19876103471191],[1.7005901696288956,46.17372552091906],[1.675874875039764,46.176180352411436],[1.618587001461107,46.20171130930847],[1.6065475364178838,46.18923232874909],[1.6167531551140346,46.17319416761785],[1.6013555724299215,46.15561914961978],[1.560980258783106,46.14823641982848],[1.5590196957677176,46.13030252532105],[1.5378170512877307,46.09871632366444],[1.5224940813786592,46.09063467605175],[1.4431908516906395,46.11621463711872],[1.437209046715098,46.148276970640666],[1.4037679043373321,46.16181836473633],[1.3907400536545254,46.21530676418783],[1.3653969720346624,46.22670748235998],[1.3498589486902681,46.24937712121173],[1.353680618736428,46.26171592707],[1.3139329078212008,46.27631452057284],[1.2911603072544366,46.265231904620265],[1.2901443987653964,46.29220288474486],[1.2599838131394494,46.31305497089816],[1.2375622067083616,46.294586462114964],[1.2211156532442249,46.30831101705654],[1.1875813653308258,46.31195230519599],[1.1661601186247974,46.33843474345773],[1.187769102889586,46.35134919523835],[1.1471500438485864,46.37207650196753],[1.1430877115003362,46.408118921758856]]]}},{"type":"Feature","properties":{"organisme":"CPAM ALPES-DE-HAUTE-PROVENCE","feature_role":"zone","svg":"004_Alpes-de-Haute-Provence.svg","source":"Canvas utilisateur + SVG exact","flat_map":true},"geometry":{"type":"Polygon","coordinates":[[[4.362995125796556,44.110668753221645],[4.406754415916399,44.12833403656359],[4.41814339825923,44.14699593933049],[4.451402659989985,44.15544488228235],[4.431784227437295,44.16939259470058],[4.444146609656396,44.18759692335664],[4.479282102812081,44.187905071102634],[4.51093818391563,44.16627730135317],[4.5026670398069255,44.149077395205126],[4.552050106502683,44.14372950806034],[4.55631301039861,44.16187334166804],[4.518703304172889,44.16494080372834],[4.523482214097011,44.18961131736692],[4.549186803066715,44.191699038451794],[4.566096627530223,44.18653782179817],[4.589005129542016,44.200178717352856],[4.6327090819842285,44.21197213100133],[4.654835998427439,44.20712942127105],[4.674667476644687,44.215618118294095],[4.709621220826007,44.2022481192173],[4.794587432573028,44.19187212421953],[4.800266514147151,44.20561884774465],[4.765581494698404,44.21346150230616],[4.742543818761992,44.24941686403229],[4.707375470073541,44.267673025873535],[4.70443549508566,44.28500545902873],[4.7301900561495,44.30822645945498],[4.760367445683991,44.295757750275584],[4.763603921866493,44.276946721015285],[4.798469040356068,44.253520012364845],[4.798195109925779,44.274262949681415],[4.811288389810851,44.31689859675007],[4.7802258731577805,44.32740253165255],[4.823480582336472,44.37072043950828],[4.840515651662539,44.408581202136055],[4.865844432695255,44.421721627097924],[4.910603489290082,44.43537651654406],[4.916785447612081,44.45083483943986],[4.965250532312876,44.46952005092311],[4.972800542694484,44.49437213456897],[5.011001752093235,44.49449536581279],[5.0527147370462,44.48040456323088],[5.053466496881091,44.45940155612065],[5.071690489928537,44.45677368757492],[5.129395092026736,44.39585922694867],[5.143549187844808,44.39926351760675],[5.165342158570695,44.428358928607565],[5.137431674011964,44.48027522386691],[5.1655007384693,44.484701505677705],[5.197700278006619,44.501189723466936],[5.228910467347919,44.48325017168114],[5.245213984949101,44.4928642537112],[5.255267654311217,44.51962656013912],[5.238517752743798,44.532140206994114],[5.264677359338342,44.54565124213179],[5.308447086545549,44.515723166644264],[5.3215430585063555,44.49125543717943],[5.344880181219127,44.49300528605376],[5.37504862269008,44.48252890573454],[5.382772335407219,44.470756893041894],[5.450070587576816,44.47178903699642],[5.464902097772234,44.46634551242112],[5.554264002210428,44.46694007131178],[5.5660459962812965,44.51021907338358],[5.592144145914258,44.52361456924246],[5.605065980723164,44.566774196745705],[5.626351020105905,44.56472779281357],[5.664208678981567,44.57924024241115],[5.695384307863414,44.61580683973728],[5.730039397440187,44.63426752327115],[5.7867692579388885,44.6456734997389],[5.791185966913766,44.65977086268221],[5.814304155772333,44.66192922112437],[5.850346855340347,44.6933283796399],[5.885963080088974,44.688542017667146],[5.900801754105019,44.65874437537657],[5.886146918213698,44.64901341093079],[5.869779760012147,44.622754721912],[5.869083299325767,44.60160716895624],[5.8493796444495585,44.58679626507649],[5.810288744653489,44.577438506628155],[5.787209157525581,44.55506920889902],[5.79959121631115,44.51902972560721],[5.816807659806688,44.500341314206324],[5.842483732454053,44.48944306864116],[5.84753980729576,44.4741453057028],[5.874981226904865,44.46000543140355],[5.874953258745825,44.4502933453418],[5.828488073749972,44.440637059761215],[5.8324770282591505,44.391467899974074],[5.82298170272912,44.3773984231614],[5.79012947852863,44.358096860760895],[5.772811038504752,44.36141087523124],[5.743593205378599,44.34651033291232],[5.727054523847099,44.329375454196985],[5.716901811278525,44.30011629607291],[5.692302835117436,44.289990913322356],[5.6883306862182375,44.272015113309294],[5.651654848761819,44.25850533247311],[5.645655941528277,44.21746778460839],[5.6123352804546265,44.17343351521216],[5.63238136539849,44.14730040781063],[5.634656170811756,44.126157688347675],[5.66527064597895,44.102803184973865],[5.685005220559493,44.07787508280182],[5.675160545205787,44.039828778930044],[5.7279482891369105,44.0023516402135],[5.77311153656915,43.98424023093325],[5.784184688447065,43.948162403502444],[5.811909661919652,43.9454033510865],[5.82097982076739,43.926915237041655],[5.851571285489602,43.91930383621472],[5.881847028962953,43.8866564138965],[5.821750968417237,43.878055206033665],[5.813309126620994,43.88804097922316],[5.764936167649563,43.90871633967717],[5.7371734293996415,43.90056783443933],[5.713424326730282,43.871630840857435],[5.678517783520719,43.858894741076575],[5.624774860611021,43.86072941618525],[5.626319608497286,43.84121867165486],[5.604441181246626,43.8366116709778],[5.594031025901301,43.8153651719323],[5.63167525220542,43.806980257070684],[5.63422278843304,43.791742405528055],[5.566369248946299,43.777713384476584],[5.560989641982928,43.77078523562283],[5.543653865036604,43.788216548779694],[5.507211364936638,43.782750987391694],[5.479494877261941,43.765351712716516],[5.443492819508518,43.78863817691115],[5.398635596656488,43.772235137307085],[5.3530986316733635,43.779070802498524],[5.327469754419322,43.77244195323555],[5.3265993210020675,43.73939068338361],[5.295192823564046,43.7117990455123],[5.267225374306502,43.7137072015846],[5.235393909875335,43.72440730188296],[5.168086743384063,43.7613829207189],[5.158887028780814,43.78097141176357],[5.11492073039805,43.77859570715668],[5.089859725882351,43.75505321491869],[5.083983236179348,43.74012120823993],[5.0398084609892,43.713999843089866],[5.000685337636626,43.71330423565815],[4.97310962822021,43.68243943258252],[4.929850036512817,43.6673965319865],[4.932955342157182,43.651292265682606],[4.914810070318412,43.639939200659995],[4.897140128392961,43.660492806472746],[4.879144192340489,43.668103417893676],[4.87644239490681,43.688090274855355],[4.84591981456723,43.69368881417718],[4.826478757399487,43.705413157668],[4.826114808632504,43.726219521100305],[4.7901263391816284,43.72731365811859],[4.788101586667763,43.70767991183972],[4.733041735653185,43.694048158034455],[4.710568030782874,43.723357171966704],[4.661577518413789,43.731151977056655],[4.63642394848807,43.70325635663975],[4.627776417722863,43.715001630136065],[4.595388264295939,43.73026132912316],[4.590002297052438,43.756034441002505],[4.559636156751194,43.76540884152557],[4.54897466942026,43.78530534299486],[4.527829136680155,43.803985618181045],[4.499663754622142,43.810005284205175],[4.443805338181456,43.80905971427432],[4.412208063290032,43.79610934575096],[4.41698226242299,43.83127901558237],[4.4421829017521635,43.84568643403219],[4.476976108743338,43.90004937792167],[4.449057276420906,43.910327125796016],[4.426822478695681,43.927785816277556],[4.412254718802735,43.92398102507797],[4.377617901045384,43.931163031119134],[4.373949050735497,43.94578587748029],[4.383736727263408,43.977864503024335],[4.410503077274733,44.015931205675656],[4.411356557221299,44.06241806529882],[4.367236929305298,44.05537515356555],[4.362995125796556,44.110668753221645]]]}},{"type":"Feature","properties":{"organisme":"CPAM ALPES-MARITIMES","feature_role":"zone","svg":"005_Alpes-Maritimes.svg","source":"Canvas utilisateur + SVG exact","flat_map":true},"geometry":{"type":"Polygon","coordinates":[[[5.506539114497737,43.77518804701158],[5.51190777716259,43.78212131437891],[5.579745426050956,43.79613700602155],[5.577206278117498,43.81138377463051],[5.539554715332999,43.81976540355214],[5.549980981265223,43.841012199077646],[5.571841581891053,43.84562164056304],[5.570309092414056,43.86512442533106],[5.624022575669518,43.86329944026972],[5.658932981523656,43.87602514656294],[5.682671898610133,43.904963274984596],[5.71043372455227,43.9131154981808],[5.758788225402404,43.89243564909537],[5.7672345520876,43.88245600507755],[5.827304074939316,43.89105662412575],[5.797037644295706,43.923699503870225],[5.766461519583764,43.9313147161356],[5.757382973224814,43.949801765432554],[5.7296628619601915,43.952564846770905],[5.718605613655924,43.9886393679559],[5.673438353328729,44.006744191611986],[5.620667866294741,44.04421794213306],[5.630524735062598,44.08226914853335],[5.610787622218133,44.10720002100835],[5.580178538028433,44.13054908747861],[5.5779021046091035,44.15169757218922],[5.557865520857101,44.17782927720615],[5.5911663740109105,44.22184991962357],[5.597166179397037,44.26289214843038],[5.6338435388672705,44.27640120041289],[5.637811000820977,44.294373208956344],[5.662409610781253,44.30450497896134],[5.672558510284562,44.333768058335146],[5.689096318350644,44.35088810741652],[5.718299000056783,44.3657960904001],[5.7356223894364815,44.36247812290024],[5.768454835569363,44.381785472856365],[5.8054562114568675,44.37105159444054],[5.809613158757197,44.35416340577481],[5.845517507769806,44.329050708418265],[5.840664451548024,44.31443830142379],[5.880251167536667,44.29751816352578],[5.884240296655408,44.26697347679186],[5.89578558199577,44.2505587999681],[5.928209027067254,44.23727711641428],[5.961187852611036,44.24722640809134],[6.005417217597604,44.230888508058236],[6.035799111288379,44.213755298962845],[6.055441634349193,44.21936042079875],[6.101416076176766,44.19692516445627],[6.117754608335375,44.18024518958328],[6.13685178497305,44.186043395896014],[6.149034448279229,44.16936250351324],[6.182484527505288,44.15118224419192],[6.245688882287044,44.1562176973255],[6.264781796352799,44.12721862098015],[6.2967926476091325,44.13440454751681],[6.336643621883748,44.126945827632134],[6.339897710304815,44.13780328359917],[6.371497987283348,44.13572005425986],[6.419575539245585,44.15495351825511],[6.473259663114167,44.15868312305747],[6.494647096755157,44.16509924934901],[6.533994435978517,44.161889148651795],[6.565983453852698,44.19191171255119],[6.607557804537099,44.188004467570046],[6.593192090525169,44.16648570057907],[6.589374654544429,44.144971392503734],[6.597184679403024,44.12866059507422],[6.640668262955515,44.09162588942158],[6.63898459977936,44.073263837050675],[6.624293856070323,44.047120318180504],[6.5874836290472185,44.03623873612511],[6.593085059504458,44.0021977850695],[6.574759486893486,43.97710825952768],[6.530125971215732,43.956036846067924],[6.516091261648035,43.95744113305131],[6.4909702653323675,43.93749265503371],[6.477409958704437,43.91272357233216],[6.476725125462618,43.89457188571221],[6.4263643465701845,43.878423229162145],[6.409523594509994,43.857210269185316],[6.434035778065261,43.79491488622306],[6.4465674673106514,43.77884101790625],[6.4046295711634835,43.75657217751497],[6.389661024061775,43.73914188519077],[6.372598658376394,43.74884608989039],[6.322777878503399,43.72145871883008],[6.3238229227303755,43.711284555174736],[6.283710135503479,43.70343558473593],[6.268605628084428,43.70838599649812],[6.244316367655118,43.69708120906039],[6.2326685384650515,43.68056265756492],[6.20194301924247,43.66981361349995],[6.189243893947799,43.678410470626055],[6.1457708735459855,43.67296907799004],[6.127003328563821,43.64417747147797],[6.1066308255201305,43.62649719002418],[6.0940542370534745,43.639429033322514],[6.055481964650476,43.634933498426285],[6.036011448989683,43.61605672371468],[6.019079933987003,43.56539531730692],[6.017869498241441,43.534918183173865],[5.996281100864009,43.54664107511228],[5.9608614786336656,43.5369047396193],[5.948697936083586,43.52237870161865],[5.905435414623674,43.52522393116319],[5.862837629466116,43.51996314388489],[5.839596729612881,43.507824935864214],[5.825144021834842,43.488366033917536],[5.842420797553098,43.476108340487286],[5.834423779178943,43.45452774695273],[5.820396115591597,43.44991085378098],[5.768252932343252,43.47342517817747],[5.780944649962454,43.499539469699556],[5.763205824872264,43.508131080572916],[5.792127645104116,43.54806522700526],[5.792917060508604,43.57569698630068],[5.771760133444551,43.58441207828929],[5.720038109872093,43.59072142492447],[5.692720646095065,43.60845552062401],[5.677879674096419,43.605922701948515],[5.660494184032255,43.63332522395466],[5.637836137889026,43.6462646130399],[5.651983768773554,43.67481978878213],[5.64373282572418,43.70313475930851],[5.629932240996507,43.72206377412658],[5.594046407477825,43.72186024918452],[5.575030121543094,43.73862012774439],[5.555366067617521,43.74261524618031],[5.528801398758304,43.732726524211515],[5.506539114497737,43.77518804701158]]]}},{"type":"Feature","properties":{"organisme":"CPAM ARDECHE","feature_role":"zone","svg":"006_Ardeche.svg","source":"Canvas utilisateur + SVG exact","flat_map":true},"geometry":{"type":"Polygon","coordinates":[[[2.754913042913322,44.72306143815669],[2.7832772034972226,44.73177509321281],[2.815050400345063,44.75589553323654],[2.8330492325889938,44.77800305221979],[2.8408653641396167,44.80747038194727],[2.887092048380113,44.79732795226051],[2.928997530177997,44.819390090275796],[2.9203255903629484,44.83167301925047],[2.9346495341624985,44.85853939656729],[2.9708779156172938,44.85493145115042],[3.00810215340214,44.865470101219536],[3.0632352576545374,44.861592315424915],[3.088210750345179,44.876499287693946],[3.0986113922512466,44.905001686280706],[3.126556930956711,44.925642935589835],[3.131845940709427,44.95506317269157],[3.163260872435943,44.9526661366465],[3.2264224265763946,44.96657147323985],[3.203369531834832,44.9934755806062],[3.2110858889319145,45.01438018348493],[3.2293680112690732,45.029044691804664],[3.254366298806934,45.0248443483082],[3.2970770480391987,45.03507243474398],[3.2959031704903325,45.05421993734519],[3.276541718715458,45.05561648981691],[3.2623739072462556,45.0703206407718],[3.2899918618595914,45.10766817568329],[3.3190327610858508,45.11965812532175],[3.287424317157437,45.13463789871533],[3.29403259251767,45.149547951396656],[3.3672417745519225,45.13649659363653],[3.368563032786973,45.167715102984886],[3.3948452554715756,45.187137328196194],[3.3997037959270213,45.21930492691867],[3.412623692855389,45.23524708792787],[3.4057808189609506,45.247551472717895],[3.466167640906479,45.24605313097766],[3.492382671520207,45.26015105350597],[3.531177046719114,45.264313902089654],[3.5187034384220977,45.28681929280175],[3.5270142750919793,45.30427747225998],[3.5506127811411297,45.30622186486525],[3.543658439558957,45.32588956182587],[3.6125553821274416,45.364766790876715],[3.6338822362405994,45.36433523573565],[3.6605494609908122,45.381463955766314],[3.692264356376455,45.385708775327394],[3.7097217117384216,45.37435342641406],[3.69802569048834,45.359232380217954],[3.707100576400726,45.3332262930319],[3.739313793055852,45.31470849763289],[3.748772057048114,45.305737115487595],[3.749030492607209,45.274549949572986],[3.7417737384567693,45.239119842930556],[3.75235721535242,45.21522907132571],[3.7442409448163207,45.20432058226993],[3.7537030143827286,45.17196622674854],[3.7699205594586522,45.164927583337345],[3.74409859445821,45.139937852787696],[3.744174051254898,45.128032184373474],[3.768282885340836,45.10720291185483],[3.772918547863567,45.073484898580304],[3.8035735379578943,45.05792973214727],[3.7821914709073012,45.03702901833675],[3.779497426856247,45.004219368724875],[3.7938345544772845,44.99358331846058],[3.803301924293129,44.96313973163903],[3.8196616410705695,44.95194286411503],[3.830131754028036,44.93024278150582],[3.8011438869085517,44.89676834473847],[3.8028955064686145,44.8635374985184],[3.783960074909716,44.83259515027801],[3.763261971856027,44.828333468032426],[3.7361008280364314,44.78069015578999],[3.699663943168414,44.757163422202524],[3.7018572205208313,44.70254580708868],[3.7211994538083855,44.66321480715257],[3.7139616029283182,44.62236778187778],[3.678684992026951,44.577875773940896],[3.679543121307343,44.56346886622045],[3.647064700777942,44.55566682554443],[3.6283318083934915,44.528417812993155],[3.643843117844679,44.50197667279314],[3.6281588179190707,44.485390538539626],[3.626063242835384,44.45999489127848],[3.635545276793157,44.449928003442096],[3.635330651635568,44.41883155823471],[3.602520515189041,44.39576694616695],[3.5994841170785525,44.362175214703996],[3.5833572741880286,44.3340766320621],[3.5852681313996446,44.28893913914051],[3.58837243276032,44.25963082967814],[3.5840255821189837,44.22602018241507],[3.5722304022886435,44.23931400573291],[3.5513087287248055,44.23452771832092],[3.5393425714315314,44.247087512259704],[3.486842313010504,44.26129981417106],[3.473663992777736,44.278827712352964],[3.4303114593224446,44.298176890979235],[3.382253104650287,44.30047019451468],[3.37546733891941,44.29298006411265],[3.372735283683558,44.25277165469734],[3.3563307682663432,44.24250993974873],[3.320774580360336,44.244409007458735],[3.312105537302774,44.259291449465906],[3.3250527021685636,44.29199856750621],[3.3074566627634137,44.30536951513637],[3.286728456568928,44.29773055874985],[3.2544286945773346,44.2976070795832],[3.2393924191014327,44.28109355022097],[3.204416498623439,44.2710435974313],[3.205526940338727,44.24835341151529],[3.193028757438514,44.22874319016367],[3.173483867654187,44.21811477343075],[3.1550335106701404,44.223651102043505],[3.1275428615822656,44.245280320683534],[3.097481807555627,44.254686804221926],[3.087989844436468,44.27388660491527],[3.0513386348707194,44.26890663470194],[3.034291918276144,44.29462928088809],[2.976359414117986,44.283312949331815],[2.955179018632768,44.272641806845485],[2.9397863574895506,44.2868039510737],[2.957164506506164,44.29585955692504],[2.956556075701316,44.33759991823952],[2.9727250101178924,44.365640384943816],[2.9509652093084666,44.37924644599691],[2.9401377564498317,44.40845999627562],[2.898608697139598,44.42314539547614],[2.887510308445831,44.43682727953748],[2.8811126718748516,44.481592865001886],[2.8462439274573823,44.542575576242086],[2.8197385067258613,44.54138485393851],[2.8035671291345383,44.57806384250671],[2.7881946931504586,44.58985987530463],[2.7891368988998244,44.62509658647587],[2.762942047794131,44.654373733893756],[2.754913042913322,44.72306143815669]]]}},{"type":"Feature","properties":{"organisme":"CPAM ARDENNES","feature_role":"zone","svg":"007_Ardennes.svg","source":"Canvas utilisateur + SVG exact","flat_map":true},"geometry":{"type":"Polygon","coordinates":[[[2.8868280510348563,49.62042719400091],[2.8979143113929005,49.63690269262006],[2.9213777170453374,49.64459363471703],[2.954448549527598,49.636422811237956],[2.9846222137218463,49.65826835151051],[2.9871543865297276,49.688262706702716],[3.005147938580106,49.699582957774794],[3.0476338006560417,49.710678800164],[3.054530424747071,49.72915692229242],[3.089681875060051,49.74091529244196],[3.0930717551035385,49.75832509383944],[3.112896241400713,49.770244453550994],[3.1037265882361917,49.78354506727497],[3.071450129658587,49.79785169623999],[3.0915151409159964,49.810577603226456],[3.0784184643206767,49.82435886791431],[3.088112310844031,49.854035602678685],[3.114496386129257,49.87813150225378],[3.1216169026700338,49.927331392304886],[3.081082699364902,49.93939669750113],[3.0977242136931524,49.98492741147481],[3.1764854978679926,49.99777277878362],[3.2202920789921476,49.979631854313205],[3.251024840593611,49.98072521175918],[3.322583026520794,49.964605881364136],[3.358995268326742,49.975731685365076],[3.3892928516859544,49.974641471610454],[3.420897715910921,49.99732021924802],[3.455712929390955,50.01055021291787],[3.561814689207752,50.02834503851872],[3.5874848987155916,50.088965103193516],[3.570041006526352,50.10475099674898],[3.590280733351106,50.13314080287686],[3.6420133976416573,50.1505527050179],[3.653293297311105,50.17669774878461],[3.7185449519989517,50.20277387402616],[3.726661883069167,50.195640287720096],[3.776684376589192,50.19385103146973],[3.7928766953663984,50.17548460359761],[3.7675501367663973,50.16442420254084],[3.765284976545265,50.136219630269935],[3.7470948014184056,50.14009073518855],[3.7241748778886654,50.08354292393244],[3.735929458776582,50.07254471852628],[3.7114037326869354,50.049193861467444],[3.7135278208039733,50.02751622602192],[3.6833133903563064,50.00077717358219],[3.6842019831701345,49.988487147404165],[3.746563808477968,49.97617466269623],[3.7549651313713626,49.9618496886723],[3.787763342600468,49.93749238509081],[3.748526861488284,49.88575797266008],[3.7652467705727637,49.86366999025036],[3.7648277451093786,49.8362812176247],[3.752590015111982,49.81311690320099],[3.8320454229708973,49.80766990236425],[3.858503929683946,49.82301124725689],[3.9034123570554065,49.82120666379448],[3.914075568354624,49.802872864396946],[3.9711976544010774,49.78197558581076],[3.999574527434858,49.78543602124694],[4.0258442895940485,49.760555190290866],[4.037071342657804,49.73211260257432],[4.079367089394695,49.72452711282885],[4.079790611728505,49.7094743363241],[4.124586141241557,49.71144332687693],[4.161200977084911,49.702237326577944],[4.1860530048458,49.71381750497065],[4.254255289638473,49.6699798131367],[4.2296464113551115,49.64988057433072],[4.233109750833947,49.62623495490121],[4.2659172847389195,49.64035907310938],[4.319105773703254,49.63039971649318],[4.30429447396178,49.606250800108484],[4.262764743791731,49.60409229645972],[4.23333804345148,49.56881741085431],[4.181827412880133,49.550080514033965],[4.150229282531513,49.579199539562964],[4.129489105232168,49.58333448029237],[4.07687367554151,49.57254172246311],[4.057712387108294,49.6003469779675],[4.0297569823987285,49.60357039443732],[3.999626116735481,49.54888404956762],[4.011363243904688,49.54288737946349],[3.9894312529735347,49.51531409432797],[3.971352279207025,49.503894836580244],[3.993607167344209,49.48809362596718],[4.016755946461547,49.42590474716236],[3.998822728296762,49.40586875225729],[4.015656302616605,49.38836082275665],[4.000774983956569,49.367701034021096],[3.9695179191593852,49.36881570844026],[3.9624231808271646,49.35338174493014],[3.9341423728621407,49.33096644258567],[3.937799680599747,49.3048931682822],[3.958090334481677,49.27753639716636],[3.869185382249188,49.237026903704546],[3.8551728210169283,49.225765030244965],[3.8115633110691105,49.25373520195446],[3.762386946384399,49.23025389337338],[3.724739160840469,49.2239570307076],[3.7125702333375066,49.238805093512134],[3.684715844614405,49.22965686669509],[3.6377496067604587,49.22957402810539],[3.619405546403836,49.24096208476186],[3.576548163902435,49.245449706421354],[3.560091570427734,49.22923395043865],[3.5234743124997396,49.21912912814214],[3.4921826514621834,49.25873611779054],[3.480706216487325,49.25976021525647],[3.460515358060859,49.28709803519345],[3.4241153888395006,49.27588481153614],[3.3382399519177346,49.26631494655832],[3.295371153269393,49.27407397776017],[3.2686737102021506,49.28662084449085],[3.251183791255806,49.30759420147524],[3.227310057759062,49.30660247733979],[3.202820234058366,49.318117342010154],[3.177437190748801,49.318670644387744],[3.1607237311089658,49.338910474802184],[3.126444219242134,49.35621493099967],[3.115791920130421,49.375994282797286],[3.066343307113156,49.3773725565761],[3.0533395985747283,49.39309132850835],[2.9354807060361683,49.395599487842624],[2.905028951579824,49.39971602405625],[2.894080061315576,49.434183580730085],[2.914945209079344,49.44796455228303],[2.898910183740818,49.466410898889755],[2.897015844581486,49.5085585357562],[2.9354392129359144,49.5263759773397],[2.9340250213412955,49.54181686649254],[2.915342800463126,49.55522779861682],[2.934495683455227,49.57498511070554],[2.8868280510348563,49.62042719400091]]]}},{"type":"Feature","properties":{"organisme":"CPAM ARIEGE","feature_role":"zone","svg":"008_Ariege.svg","source":"Canvas utilisateur + SVG exact","flat_map":true},"geometry":{"type":"Polygon","coordinates":[[[-0.2850188400216601,42.88998389417475],[-0.26559557899768677,42.902430160281405],[-0.23514205975929145,42.903460842558324],[-0.2228370832684598,42.91329151447269],[-0.23386571611327583,42.936248901318166],[-0.1943702845433565,42.938149868699675],[-0.12431220007178209,42.95440773132475],[-0.10103022628776984,42.98409535350233],[-0.08535594849860831,42.992455726380975],[-0.11647294605071465,43.01058639414256],[-0.11771110998790804,43.04805159918125],[-0.09720287483897659,43.06693071238047],[-0.11232624696288689,43.07967283837794],[-0.08334423905133509,43.0952658516476],[-0.06194911046341691,43.088140704985605],[-0.04004737982446317,43.13082378658737],[-0.008445243003582854,43.13205722398228],[0.03597513797674087,43.14298918822192],[0.06782317172294017,43.122360499381585],[0.08112387745637246,43.13160604773512],[0.11671961869620406,43.10742378253702],[0.1324986445866662,43.07375998478565],[0.17237698019649517,43.079722029916596],[0.17073542164308003,43.098413530508594],[0.1925939202580904,43.10088058837447],[0.20370686735361507,43.11437175365901],[0.18567016629236957,43.13572194553822],[0.12732445641172652,43.144727649794476],[0.12206447744616573,43.15451116435517],[0.15320111960852148,43.18335572644633],[0.1851535263136105,43.19056862406832],[0.23356472841500547,43.1843157240055],[0.2588192698509845,43.206238884996274],[0.29059947732411445,43.209620795797626],[0.29937767792857484,43.224878856645866],[0.282530544473117,43.239271482326075],[0.24629713067077216,43.246630755630136],[0.2444570031202007,43.26104273998522],[0.22095084836408327,43.26300441500777],[0.2042358167327678,43.28814402344531],[0.2310311480865448,43.29623679318172],[0.23722861850596355,43.31056181383174],[0.2643086668168052,43.31768837745598],[0.32943726129501644,43.26960928242269],[0.344083612686398,43.255189219128454],[0.3360388001639023,43.22475161181522],[0.3679851857027603,43.2091030076153],[0.3916008737143185,43.20834546976548],[0.4064578958300181,43.22332650270511],[0.42757433103556913,43.21830039232631],[0.4273148706041231,43.24805179796968],[0.41147875533717115,43.25747810179274],[0.4184932056994245,43.293850925029915],[0.44098286158128847,43.29042107063147],[0.4422488228638096,43.269005399454606],[0.4725257888381295,43.27602962056778],[0.5299091684747333,43.26604327311374],[0.5670648847125401,43.25512491486897],[0.6063854627164367,43.28254497036046],[0.6207401516767884,43.27451214118826],[0.6337657681233851,43.26080879926459],[0.6328038565912916,43.24312628942512],[0.6581917685426459,43.22282829044177],[0.6436704213771626,43.19742463655585],[0.647430970302541,43.181614386437545],[0.6791193798912547,43.178709914513945],[0.7181785641752441,43.15466955348741],[0.7646614266486015,43.14007640406399],[0.8232040002954218,43.135838866805194],[0.8390849254883624,43.10956931367184],[0.8625085888648627,43.12724383446914],[0.8958507577152928,43.11415919732643],[0.9026812328128054,43.076886581874],[0.8873981953127525,43.04218079195947],[0.9210295923514374,43.03541404569155],[0.9336321817237793,43.02114223157152],[0.9342137714873799,42.95168607427827],[0.8828343011573243,42.93769089527239],[0.8801627499955608,42.92218648400306],[0.9293554925723806,42.91211420943563],[0.9413858768299973,42.886274197754794],[0.9299973092253165,42.85799141499952],[0.9362440698152629,42.850186805158515],[0.8928945182402273,42.83430269436054],[0.8195133530923528,42.8302852929217],[0.812608891101863,42.79041187689457],[0.8419562838755591,42.78306607792084],[0.8637167454416494,42.7564477207973],[0.8591479773528228,42.73111779995475],[0.8996110054669487,42.70790337384824],[0.9588436293959044,42.70547947614514],[1.01060053526247,42.72910530940834],[1.0387037065283664,42.72436607697241],[1.042469493088002,42.71105745398465],[1.1196088475349182,42.671351330196075],[1.135706936218293,42.65203790359853],[1.1254408452070304,42.632020623282855],[1.0847013149018234,42.640696086573236],[1.068011668389546,42.63397441227788],[1.0002236513376226,42.63105334623486],[0.9705708133967885,42.62014650903226],[0.9475441992955952,42.62706653563175],[0.9217335436265431,42.58153091936],[0.9005728617079513,42.58265448131386],[0.8837799207042154,42.56893836756822],[0.8534411572489834,42.57218956750806],[0.8190385556347817,42.5432193390589],[0.7772426493966536,42.54527190697454],[0.7417730274273213,42.53331345086516],[0.7261072153092942,42.534534725110504],[0.712437179131413,42.54192537771666],[0.6627198848594917,42.55193261255964],[0.6753068576713306,42.574156061165894],[0.6180648948207742,42.588217574233376],[0.5953959646382543,42.58241061573009],[0.5691873983333117,42.59372131949444],[0.536795852059012,42.59055714407836],[0.5150222765427284,42.596918295592246],[0.49045617994008794,42.61786584937769],[0.47663211672901173,42.620220615217974],[0.4263352997954973,42.60874899904025],[0.4039068226574525,42.61523188428969],[0.3928036353780236,42.590938901599664],[0.4010602777298787,42.57668467292567],[0.37841915928323655,42.56290798710326],[0.36205615622836435,42.56436184685272],[0.3409740682631588,42.58813486594308],[0.3343491327475723,42.618540884009725],[0.30666027882934205,42.63549307051199],[0.30858162823712154,42.650410748346616],[0.27149724544966947,42.66547472899917],[0.2751593853657602,42.68243886332759],[0.24049761080243295,42.69114270543471],[0.19088105277498177,42.68028802132679],[0.16426687420482317,42.682037344638246],[0.13876504799248338,42.69438158100375],[0.12704824352128907,42.686969320621316],[0.0688955035082304,42.67670031153849],[0.03879955315446307,42.69556758052003],[0.03320711216901974,42.723429853933936],[0.01095271071048158,42.74121105725367],[-0.027337215014650022,42.75180040146064],[-0.11941831427778643,42.75620407712016],[-0.14390763799311146,42.77573600607984],[-0.18206171923100412,42.75940534088245],[-0.2508412334648722,42.79645367769332],[-0.24922757854838923,42.809773376999615],[-0.26726134266778656,42.86287393143567],[-0.2850188400216601,42.88998389417475]]]}},{"type":"Feature","properties":{"organisme":"CPAM ARTOIS","feature_role":"zone","svg":"009_Artois.svg","source":"Canvas utilisateur + SVG exact","flat_map":true},"geometry":{"type":"MultiPolygon","coordinates":[[[[1.3287622418965381,50.1331341097396],[1.3285616750307996,50.190608523994214],[1.3298029251315644,50.190808856596604],[1.376525016671815,50.207808687250576],[1.3654563517152642,50.22173794061777],[1.3309155269338557,50.24101352778367],[1.3283843493826344,50.24142293804551],[1.3268075392925223,50.69327342683987],[1.3272184010452408,50.69321577559788],[1.3751848044552566,50.66955060416889],[1.4147432586833661,50.682266751699856],[1.4183840968298822,50.66892411719713],[1.4474228419015203,50.66279473301525],[1.4704590617583382,50.677260103356325],[1.5166701170896257,50.65618655427077],[1.573321688703382,50.672081984344175],[1.604213699908056,50.67071949587411],[1.6166704307856383,50.65262198186013],[1.6500337904618902,50.657140822815734],[1.6621059875537638,50.70524850904134],[1.7042786243230372,50.71147829879026],[1.7371841410265711,50.69809861595285],[1.7680631992398745,50.67131385377344],[1.7393807969032764,50.669015776395135],[1.7017227747415544,50.64526563504001],[1.683456422497426,50.620110555176836],[1.7035329988332033,50.61609487638062],[1.7091988393922164,50.58458421100579],[1.6971540493286268,50.569181981479815],[1.722464039127223,50.55931577128787],[1.7806321167747285,50.57022631828357],[1.7791433404689339,50.54955602291276],[1.7992425010959936,50.53449854067228],[1.8683165018488528,50.546696010278474],[1.9220856510817312,50.519125629134855],[1.9232808318686325,50.47882946774163],[1.9452695295712035,50.47185524063573],[1.962758385030071,50.486165789438516],[1.985961935353922,50.470961171302505],[1.9322563105240491,50.43577000148515],[1.8957654886634459,50.42258602004433],[1.9109631262954065,50.39253592530485],[1.9947661778716106,50.33415698633491],[1.9223131916152565,50.304823699345924],[1.925839413499126,50.28433753118734],[1.9604206616304647,50.297464984292205],[2.0468258981059817,50.286879558139624],[2.0700371107101,50.26262416006655],[2.1044320541618666,50.24744937864163],[2.0945181238568455,50.23724276171613],[2.0565759214328345,50.23723037248261],[2.044682338811249,50.21620108716903],[2.070731015141843,50.19973804433519],[2.04223166634468,50.180402071767354],[2.0033993109959973,50.132705843977746],[2.0170782560232254,50.12711868010272],[2.026919587513003,50.1027173239222],[2.0065955600806094,50.09309659481937],[2.0019716376304406,50.061964278064714],[1.9854331143019686,50.05295733693473],[1.9222649268169645,50.067301596200075],[1.8848370040518112,50.05359131618325],[1.8487549901320315,50.060932200847674],[1.8200987034215101,50.04201032924752],[1.777376830858458,50.04864158225181],[1.7576052987537802,50.085778947135935],[1.7047959066585803,50.06968033112215],[1.6853250592806546,50.05150137154097],[1.6581867422209224,50.04431289777539],[1.6365242537884146,50.0543509874889],[1.6776666374725893,50.099887054435975],[1.6581647687656191,50.119731643948846],[1.6226081642868848,50.13646308765108],[1.5830625274595587,50.10008001017871],[1.5216282255628766,50.10941408807582],[1.5076140996395881,50.12022086223009],[1.4612596194573777,50.12241228558253],[1.4645946159973964,50.13844341861006],[1.4412173030420234,50.15259960527173],[1.4154817310811205,50.1238975082717],[1.3969709732748428,50.15107030234072],[1.3618180163053142,50.14810366069227],[1.3289009176612954,50.13338315568499],[1.3287622418965381,50.1331341097396]]],[[[1.9061447809404086,50.1303466502711],[1.9355494909998738,50.13017014786995],[1.9457504841517133,50.142662034847966],[1.983324072102502,50.14376459991314],[1.9783824606039915,50.160824977374965],[2.005412726994801,50.17669743313317],[1.9728849897322307,50.188645654182096],[1.9491724641150694,50.1737551642731],[1.9108312020604912,50.163563333808284],[1.9061447809404086,50.1303466502711]]]]}},{"type":"Feature","properties":{"organisme":"CPAM AUBE","feature_role":"zone","svg":"010_Aube.svg","source":"Canvas utilisateur + SVG exact","flat_map":true},"geometry":{"type":"Polygon","coordinates":[[[2.228539869422662,48.48645452966814],[2.2773765432954955,48.50479665588956],[2.2462811070845037,48.53692133671295],[2.2652468538041965,48.54288743802868],[2.302844766343323,48.54008567294612],[2.3242748546581464,48.55498129450008],[2.3093465605764463,48.58217994119566],[2.3429244386438257,48.60295827511711],[2.3495480898211363,48.61870770516388],[2.4039262806143986,48.63535070031528],[2.429510349575798,48.619150722102276],[2.455250884669569,48.5849805070942],[2.484302210217141,48.583561786690936],[2.4866738870831644,48.552164422049536],[2.496813961621405,48.54688389117004],[2.5434680054429375,48.55102462350472],[2.5605113332966507,48.544250228576765],[2.601195922314407,48.54467447441725],[2.6557451735421753,48.53859346007289],[2.6852527763476495,48.52646658983211],[2.715370905889047,48.53431357722582],[2.7302280869727893,48.54978668748434],[2.722876370959314,48.573468516443555],[2.7374176851275918,48.594854956208415],[2.7663447444128177,48.58903175926502],[2.78310561611929,48.62318376008056],[2.8179616056699723,48.61954223303609],[2.8276840270322463,48.64019678600175],[2.847288150380523,48.65015324341529],[2.856922286187197,48.67438489907224],[2.8729157671300145,48.68378204270148],[2.9027530832588453,48.678922961049096],[2.9323152238363552,48.68660890277986],[2.9548930113175866,48.72360170235198],[3.008916856009896,48.7080243143098],[3.040511872337829,48.728809602296124],[3.116068205537075,48.725650727630104],[3.1364094271987915,48.73245823121678],[3.189203263590121,48.73666236551463],[3.2134106276909997,48.72397485031921],[3.2210844672646894,48.69258678856889],[3.2049109070109343,48.672485322388965],[3.2201641493929243,48.64991850864722],[3.2025004818041363,48.63495800622913],[3.2954204646344203,48.57724899099952],[3.392467578612023,48.553873139323414],[3.420512644498272,48.56070865250142],[3.4263705263294506,48.54323575215762],[3.4778443676699164,48.565569691196046],[3.5302917960994784,48.5712914702666],[3.5394111994711137,48.560674357676255],[3.576438743601147,48.54754133308503],[3.554763553116329,48.48283955638754],[3.540478598336631,48.46801920463329],[3.5796443182705544,48.45553133136313],[3.609087292697936,48.40361795468582],[3.671627512202564,48.39531512001024],[3.6659539075020184,48.37312911329879],[3.757299272252723,48.34477844949934],[3.728701167653677,48.32721873279483],[3.767317060952639,48.29908478339478],[3.7584671878134377,48.285627071544674],[3.7746104535054554,48.269822491772416],[3.760419439792717,48.24122992330228],[3.7795148805129513,48.19688340626367],[3.7542247059678364,48.16430618844554],[3.7670957026440903,48.13557951313287],[3.7452718775462714,48.12261655415743],[3.7519982082689904,48.100367675941726],[3.7348609697966397,48.09461051655291],[3.6758859647033018,48.10734440207927],[3.641529964109802,48.110045386336346],[3.6183317185256842,48.09079417753129],[3.597739655239053,48.0621202620022],[3.621152253564663,48.03766715215945],[3.6141485349377187,48.00621414803674],[3.5815571224609055,48.00057434112738],[3.522148399893809,48.01755164776113],[3.486275444712173,48.01536636672239],[3.4370909891239307,47.98521639361992],[3.462604425567185,47.95381571173028],[3.418667464057441,47.94848697946682],[3.392479892840533,47.950703005890944],[3.345946987147073,47.93814399352325],[3.3094676670639003,47.949661757355294],[3.243188390040623,47.93704075295887],[3.1987039849325605,47.941678107669624],[3.1824520146307558,47.90403161430628],[3.153194468531503,47.902237042614345],[3.12909458552933,47.91041983428837],[3.1073937827305165,47.929084499018444],[3.1139705113100202,47.94970559097898],[3.0911131173384923,47.95282258983707],[3.092354668602151,47.92573189764618],[3.0486443303003345,47.939491869356544],[2.991417787578792,47.90449033493043],[2.971564624573821,47.92131139675553],[2.9382164491997615,47.92388399275392],[2.92142501550604,47.90306288235903],[2.8929124587660455,47.90557583410891],[2.877843746204721,47.91985105860704],[2.8590711210232973,47.90770437803638],[2.819236584132185,47.90777592881584],[2.7703061545949876,47.915728781820604],[2.7839491848377786,47.95501377423687],[2.768615117367252,47.9784481887943],[2.7456677061412873,47.95877184853604],[2.7159074998726274,47.96325633328697],[2.705091444093806,47.98446858353351],[2.73744317000908,47.99705674509242],[2.6886281401390195,48.025674039289314],[2.688901324517846,48.04513933466345],[2.6700630994411063,48.06893989422255],[2.668087104487427,48.088701097404126],[2.6346641683653518,48.11727017480464],[2.599345408125698,48.120333085543976],[2.615167172140966,48.13892320891595],[2.599813345894356,48.15944522426312],[2.5628163185843897,48.13239362433861],[2.5237615872693504,48.12679576812008],[2.4958531121068894,48.17399475841996],[2.4727482995873054,48.18113110608489],[2.446118195876025,48.168394590417954],[2.4261021079171945,48.17874168229539],[2.463851331987247,48.20346240240552],[2.474805487261891,48.21813172780371],[2.452103157455851,48.22997528307569],[2.4775337150061247,48.24861941145429],[2.4695683602114977,48.26636669292663],[2.438381372377607,48.275566091624476],[2.4391269999002487,48.2974113173726],[2.4165975298911957,48.30430744382677],[2.4132125015959947,48.319124580902496],[2.380655189810719,48.33915403302268],[2.3449806560248216,48.36871201493015],[2.296478402651032,48.37458099541052],[2.270166716093886,48.35920177419183],[2.2566778954969804,48.39119603504964],[2.264250617416329,48.41565091201585],[2.2325290907726507,48.42711698320262],[2.247691210611212,48.45695727909969],[2.228539869422662,48.48645452966814]]]}},{"type":"Feature","properties":{"organisme":"CPAM AUDE","feature_role":"zone","svg":"011_Aude.svg","source":"Canvas utilisateur + SVG exact","flat_map":true},"geometry":{"type":"Polygon","coordinates":[[[0.558068579719901,43.25547173020515],[0.5790185552080356,43.2743107839106],[0.5745005690435903,43.286423344169364],[0.5979422375241064,43.297995454347515],[0.5951049023955766,43.31510781973455],[0.6289857589196933,43.33435028727369],[0.6460402716983393,43.32300150106359],[0.6795651350096158,43.34533489090878],[0.6793108210792382,43.38104366411699],[0.7039170472761302,43.40941737420889],[0.7366092963738167,43.43647591082804],[0.7760219464871553,43.40983021060836],[0.7833971594795306,43.39720555786565],[0.8139626412804699,43.41615972192093],[0.8393974446801653,43.417521082801215],[0.8730355338412786,43.39883139761556],[0.8992642390186334,43.40656104219102],[0.915885958241305,43.43003177706494],[0.941170216472826,43.42307079747545],[0.9598390971092934,43.39797671630254],[1.0003611136198978,43.38565043969393],[1.0658578301046724,43.40818206095264],[1.0828546088517206,43.38535903508283],[1.1116464399614379,43.37450081905891],[1.1269470207134529,43.40202386029968],[1.1188458630077815,43.42139940643672],[1.1419993739673435,43.44063930586666],[1.1637526608547069,43.44885507232435],[1.1818882693007815,43.43591111254035],[1.212781550782507,43.43640944136011],[1.300973442235744,43.41224857804997],[1.3408666842848742,43.43029064420679],[1.3610123246019534,43.426881606659094],[1.4079209909464252,43.432474933531154],[1.4314978601570807,43.41845547949956],[1.4804847292663499,43.41805132868043],[1.509637637245485,43.40721986673519],[1.4841780334497696,43.39409570464972],[1.4674280703079638,43.37420977969346],[1.4711888689782402,43.35893144056829],[1.4614643930113032,43.32885941328946],[1.5008164292919473,43.32358584716164],[1.5186301934587871,43.28679291457999],[1.5787843581403647,43.28211400329701],[1.6153098266102728,43.31030872682529],[1.6293363907876142,43.282064540836565],[1.6224225987315524,43.26996400754327],[1.6621061789968639,43.25431053562632],[1.6775516162256323,43.24089533028028],[1.6982937799353994,43.24437830797333],[1.7136640207605833,43.26108846461845],[1.7187201419369567,43.281748582859066],[1.7678088410987247,43.31277546621794],[1.7990828296083254,43.320826872489576],[1.8028408252819808,43.36696320012045],[1.8219415759399542,43.35877678953068],[1.8184308915992973,43.3212519991464],[1.8818659552403778,43.30272490782987],[1.9422344709631487,43.311528182277335],[1.943948770547322,43.274292719535275],[1.9954987195275626,43.269037252463825],[2.020285538351385,43.25023481183987],[2.054607045205094,43.24155521896405],[2.0662021785728744,43.25019734886114],[2.0927885875275276,43.23490448659017],[2.1224541689747967,43.23154901535588],[2.149391574587175,43.23746928461385],[2.1592049219216047,43.223204745319755],[2.1911135460097313,43.19920824790659],[2.124686735079624,43.14872425518961],[2.0864827060353326,43.10978442978019],[2.036281516525574,43.04646372233714],[2.0165898884465796,43.01354726442318],[1.984057677241956,42.9309075878372],[1.9816718622101455,42.898685260458294],[2.002879578671984,42.88540793621169],[1.98521043721796,42.801848569773625],[1.9143096502996626,42.83549288125692],[1.8526482792356234,42.850655599439136],[1.8412602673759022,42.86214179765478],[1.8134159352317378,42.86794645210425],[1.7974004316195527,42.88575772454331],[1.7652892247857286,42.87917637004022],[1.7460352866573672,42.866074272929055],[1.7173124980385635,42.86172213031338],[1.6890804237872252,42.83797382494375],[1.681013539492704,42.81493504258352],[1.66514935893205,42.799103904298114],[1.6033040710404018,42.792063212571016],[1.58716733479177,42.798298603739184],[1.5165451054857189,42.79843577244347],[1.4676068711597086,42.8083471939774],[1.4453309662512466,42.804654043245336],[1.4149642332652155,42.81280193346771],[1.3634520767143727,42.79750690430972],[1.289442690679886,42.809348520742766],[1.2315674349358412,42.79740371570435],[1.2385156772201318,42.762464803488825],[1.2493842316876642,42.75916995993312],[1.2484520979611091,42.73180196462944],[1.2585244134847988,42.71823412707541],[1.2637861460232838,42.68454872918813],[1.2266744885735439,42.66022390745194],[1.200460327186322,42.65290104465332],[1.156435301113536,42.64894729509179],[1.147368456360903,42.63170028156404],[1.0735075842510449,42.60098376759375],[1.0627861603079116,42.61300764544097],[1.0730366038664716,42.633022756179166],[1.0569340291373033,42.65234106856066],[0.9798083701899454,42.692038893556585],[0.9760384722713317,42.70535026373683],[0.9479364410392842,42.71009454292486],[0.8961760237513586,42.68646003762789],[0.8369436393716215,42.6888808758414],[0.7964833576480937,42.712106742196035],[0.8010482879865473,42.737432603415094],[0.7792871995927337,42.76404537997999],[0.749934934510923,42.77139314621887],[0.7568336253352336,42.811265134174995],[0.8302169713332453,42.8152849390444],[0.8735778050574283,42.83116607429065],[0.8673308472884458,42.83897402615162],[0.878709805479199,42.86724963881645],[0.8666850558481932,42.89308835145855],[0.8174848598037203,42.903160896581475],[0.820172456140085,42.918665150725104],[0.8715434788831593,42.932661623940845],[0.8709579039576469,43.002113257204364],[0.8583669225423403,43.01638223764476],[0.8247405069013252,43.02314966984477],[0.8400160398547653,43.05785040489882],[0.833191359847029,43.09512052640245],[0.7998362061798143,43.108210651753616],[0.7764178220142647,43.09053799743037],[0.7605204676073973,43.1168060964615],[0.7019841265561911,43.12104457810324],[0.6555098517721425,43.1356389922507],[0.6164335556050021,43.15967534141501],[0.5847641560650165,43.16257958572936],[0.5809855342854011,43.178390864352416],[0.5955113172608427,43.20379188460763],[0.5701306294710777,43.22409055448422],[0.5710965639205963,43.24177261913055],[0.558068579719901,43.25547173020515]]]}},{"type":"Feature","properties":{"organisme":"CPAM AVEYRON","feature_role":"zone","svg":"012_Aveyron.svg","source":"Canvas utilisateur + SVG exact","flat_map":true},"geometry":{"type":"Polygon","coordinates":[[[0.7028811029901548,44.45692726786521],[0.7259577517436202,44.469121162168015],[0.7452951494905624,44.465525920912846],[0.7560878416333797,44.48892392956036],[0.7727574230158859,44.48264224840657],[0.8253958385751246,44.50256775382144],[0.8592679418360606,44.53736807392622],[0.8926504740611911,44.542103387966975],[0.9315194656663324,44.57130229203198],[0.9585176108989125,44.57621604083161],[0.9819495761478726,44.55919204778091],[1.00466692887207,44.56744425443632],[1.0273756619420416,44.55872986990885],[1.0497572052578066,44.580891696581716],[1.0747934696008774,44.575192611542604],[1.0892827256962676,44.606603848254146],[1.0901596305280763,44.63657770407154],[1.1113736023905714,44.648604156258024],[1.1348095344657934,44.64530674152766],[1.176961177272413,44.66107152850528],[1.2145654187354897,44.66453596725129],[1.2209377091212157,44.64438563558739],[1.255912495400434,44.63474252548066],[1.2726942242096846,44.64491548806294],[1.3284937819213245,44.63248990544862],[1.3464971214197254,44.642457758752705],[1.379125698048174,44.64487014164001],[1.3975920524516612,44.687367929830444],[1.457695612497843,44.72269113328621],[1.4537918316669487,44.73975799652585],[1.4649625360041758,44.7805993633567],[1.500780672145347,44.79625397105148],[1.4980395874364252,44.824853283062794],[1.5135297790277562,44.836404519350275],[1.5040837394752273,44.84957097106913],[1.526352779756476,44.8748166950659],[1.5527627472276975,44.8779221679038],[1.5618635896869553,44.895647115611915],[1.586530862746341,44.91793957095309],[1.6129697707051427,44.91789685398618],[1.6234401190124386,44.94105580497634],[1.6387225083112984,44.949271597376445],[1.6654821234118056,44.9447919563773],[1.6835160155252442,44.92656801825195],[1.688664180931734,44.89762497142521],[1.682872155022424,44.863541294489835],[1.7135626078567994,44.882832963113586],[1.7257211897829094,44.87840124440465],[1.7742780611309215,44.88401358437679],[1.7697397280438087,44.85939631872019],[1.7857235053565053,44.83640720642691],[1.7954584285334447,44.80848653539552],[1.810136561183482,44.790918324287055],[1.838203202062037,44.79948698218029],[1.8533344122731872,44.78356806607772],[1.8389531036668278,44.76924334086646],[1.853751590282493,44.74634147066255],[1.8435841686361456,44.728414094453626],[1.8626032574445084,44.67540362647589],[1.8943057706741,44.64249238780677],[1.9034202575933163,44.64144406936874],[1.9357178601908298,44.61750717085257],[1.9577600147040592,44.591149421352455],[2.0027993271926117,44.56603614908042],[2.0109302194944494,44.551295339830375],[1.994775445667842,44.49180204991112],[2.028819039380467,44.46774177001471],[2.045161603374509,44.463131949737935],[2.0656313585110233,44.44088974406677],[2.072551826193047,44.413430246488346],[2.056837753779182,44.39800603529008],[2.071465346679847,44.37548384986535],[2.0516125111851196,44.371289758108716],[2.0492478211605976,44.345194381623116],[2.064531730575034,44.30952796699347],[2.0861736668677753,44.28638186087124],[2.0557420751156785,44.26093922859839],[2.0547121261701986,44.2353767314314],[2.085740762161735,44.24979687799192],[2.0931469746616043,44.21977054314403],[2.1133502353748654,44.22015835598748],[2.1601882454276775,44.203828114075016],[2.1610306116563076,44.18538943296898],[2.141672105950445,44.16130508427174],[2.177133990425337,44.16242729299415],[2.234591236086398,44.17975579898563],[2.2580559553333814,44.17278246278305],[2.3006594871182333,44.1705288409456],[2.3174251296030977,44.1418648955821],[2.27794092999937,44.12889348162435],[2.2614435165615205,44.10470371187315],[2.265838403931241,44.0829618914892],[2.202446649909226,44.05751614934967],[2.230093374443879,44.036639531771115],[2.2707143586575476,44.044558629158956],[2.2832784126345147,44.02111808444728],[2.310948406132931,44.0227284729396],[2.3796534360206367,43.9959271018877],[2.3982275064317204,43.98297617473356],[2.3869785800522774,43.95940511342039],[2.3673472696764093,43.95518572008255],[2.3516678140532594,43.929841725961964],[2.3229354721472952,43.9268165373475],[2.2951000234131693,43.89544409234328],[2.3023011792131896,43.86987052437061],[2.259874432512882,43.84547460076457],[2.2147626510435643,43.85305296402052],[2.172198668776337,43.809673331701475],[2.1897510596259306,43.793371864404875],[2.187630762360587,43.78013487652814],[2.1463160751078005,43.76234520221417],[2.061634193360232,43.76613285997824],[2.019464209582465,43.784778816460694],[1.9886505861933956,43.78134624739116],[1.9891894732881468,43.757834308073015],[1.9777614753080013,43.75184969689609],[1.9859010776678354,43.729467942140246],[2.005752562888999,43.71461232996257],[1.981836477791044,43.69086257233876],[1.9823543229431853,43.6590887635886],[1.997828353685079,43.651261085963895],[1.9895020202090994,43.63454262031346],[1.961407229206672,43.6334689923295],[1.9101800795080535,43.6510290153105],[1.8699979998187957,43.63395732491123],[1.8583374519167961,43.63573060801199],[1.847265298941957,43.64896825514497],[1.8430770494238407,43.67952419388611],[1.7962152249469174,43.68381372167232],[1.7299997668572877,43.706069357311605],[1.7026655620423234,43.69570028019874],[1.6963192146356132,43.67983310387069],[1.6501448447016458,43.6712021462136],[1.6232337380306654,43.68536490757005],[1.591288353832521,43.68611670119439],[1.5359217810469075,43.72481429395953],[1.50204119393881,43.76561832992378],[1.4672716695994659,43.789043166092085],[1.4683768552278935,43.81705581421127],[1.4802987555440135,43.831855950682],[1.452688560730348,43.84740960874325],[1.4587212121846027,43.87084957609889],[1.4392053644974045,43.88670813210593],[1.3986986736852849,43.90434704727463],[1.4210457668142076,43.916944276741376],[1.4253725690977097,43.9335778818873],[1.4015002212838785,43.94131304270894],[1.3809917872803699,43.984357378412604],[1.3606516534866655,43.99346527417158],[1.3570183008301866,44.01078482845669],[1.304565915935881,44.01529695313143],[1.2945211315331815,44.04454654396993],[1.2492163966260188,44.0633993498582],[1.213258828917499,44.08770023347775],[1.1785736373220346,44.08753035565189],[1.1724169353942921,44.109356594481575],[1.1248988843830299,44.09760960976055],[1.083789563432115,44.108435067070445],[1.1226591128477232,44.12318247934801],[1.0903470222070033,44.13640775806609],[1.0737827978902774,44.12678997821893],[1.0570322752928494,44.146547844035986],[1.0373209859402284,44.14523891161905],[1.029844542513216,44.16680732017647],[0.9809610168214347,44.15818948042032],[0.9351546424335433,44.136715632341584],[0.9015175442469435,44.13175548025518],[0.9039948819341639,44.120425565114985],[0.8624453344141222,44.11219916900406],[0.8486101375950772,44.12602878535266],[0.8481551003161949,44.1443777049539],[0.8044536446904605,44.14569269902168],[0.7712966841391501,44.15863747546804],[0.7725565259417677,44.17606015481213],[0.8125417434327182,44.21581636662131],[0.8297573551987849,44.20912906268556],[0.8412274590398342,44.24649442689997],[0.8103304466533467,44.25266615209655],[0.7685935250735179,44.248970380337106],[0.7342496164063886,44.26247734858015],[0.7469607177829242,44.27464547327311],[0.724338051857467,44.29242475220619],[0.7480623938079995,44.31338215193336],[0.7740180786759642,44.33976527707592],[0.7325194615536723,44.374682521598736],[0.738401839187113,44.4023116586817],[0.7145308342099196,44.41423534303869],[0.7167114500491331,44.439342405663155],[0.7028811029901548,44.45692726786521]]]}},{"type":"Feature","properties":{"organisme":"CPAM BAS-RHIN","feature_role":"zone","svg":"013_Bas-Rhin.svg","source":"Canvas utilisateur + SVG exact","flat_map":true},"geometry":{"type":"Polygon","coordinates":[[[5.819576653463786,48.95766572297082],[5.84409576026636,48.969449091665304],[5.8548530180022,48.997624417011814],[5.9001024476344455,48.99374958888328],[5.9064019335079605,49.036967343365895],[5.921771717283091,49.048061797290096],[5.923688679439112,49.07275258833751],[5.948604545738168,49.09376219262201],[5.93743278924884,49.111184352662846],[5.975037693206388,49.11906724001423],[5.979570384457573,49.086558018893626],[5.991577900196624,49.080057794075366],[6.0033058765435605,49.045605691945816],[6.049302579353519,49.047707756262476],[6.086277205586626,49.02008964778767],[6.114355796536361,49.028400627204796],[6.175344433773073,49.01151535631624],[6.21005574056427,48.98184696254467],[6.2436866474845525,48.997067609849644],[6.278876509761713,48.99206352805932],[6.341213255337069,49.008513081888815],[6.370619503313681,49.001705222955806],[6.394141288390059,48.98368695222188],[6.4271900704870335,48.97247704667337],[6.474581497474716,48.99798607687109],[6.487936313736011,49.03648673047504],[6.507127482441159,49.06568062400166],[6.5390799908183626,49.095332643079665],[6.534063613992367,49.10064553171345],[6.575344185050947,49.09120142015114],[6.609838288688223,49.100905601264834],[6.63607189394792,49.090771453126784],[6.675183503198727,49.09454583922802],[6.701584014487468,49.11376644182708],[6.779745499888183,49.08068915686054],[6.803717013735306,49.09502404947213],[6.830126819262998,49.08814043601294],[6.848914436848152,49.106052202595336],[6.878862106043503,49.09045719563264],[6.896820322409508,49.07275593871182],[6.914331145629333,49.07520295382342],[6.969616103927842,49.06047886900528],[7.014043453126377,49.034329838100135],[7.065016513976167,49.02314802969534],[7.1522578746833885,49.02095169848383],[7.16291903343969,49.01148810868602],[7.124010246934376,48.9999049538852],[7.064632081721887,48.932634252804064],[7.0494115632474275,48.90906795401143],[7.019903071153441,48.845122421547224],[6.980671036882806,48.822114553102026],[6.94932251652251,48.81948871260718],[6.942753682044197,48.80028472669383],[6.923993100830731,48.79006208507663],[6.886950241673045,48.786349192850835],[6.880145074183757,48.75025297500577],[6.804356423618063,48.688249074667084],[6.750724245505893,48.66500965254777],[6.739136258034939,48.639907798969425],[6.713407207258167,48.61294180175608],[6.709333702960297,48.598482258861466],[6.71669276257401,48.53760187962034],[6.703784781158709,48.51741873632513],[6.6759529892291285,48.504133816840024],[6.672595244960728,48.4692344155134],[6.642371704440184,48.41351853040401],[6.638300107413825,48.383075776014856],[6.652151214316479,48.34110610582475],[6.63981559568598,48.32213623726894],[6.608210305115047,48.312476744126535],[6.571334874654367,48.22247971093813],[6.548456329608301,48.20653574667919],[6.530067842996954,48.178303611652076],[6.5014726306017145,48.152806126751905],[6.49726630599984,48.12609546227476],[6.476542394993989,48.11247332945449],[6.415566588851526,48.118249255825454],[6.4082834403586775,48.14594198846686],[6.371374190936146,48.15025190045796],[6.360943763400537,48.163348034735634],[6.3706640866268245,48.19994438452928],[6.336648098329193,48.214458915369974],[6.299019574743391,48.22134866169693],[6.287500708170901,48.230181992626974],[6.237237915749277,48.2459384753232],[6.210202823742132,48.243333760726664],[6.197607668832462,48.26786324561161],[6.158066785257542,48.30648796257776],[6.122891372842296,48.303349195786915],[6.077155712252807,48.31163042392889],[6.062899591143473,48.33873513102019],[5.995251764354551,48.335437323932865],[5.951038540073819,48.35396920693305],[5.981976813347217,48.38153541369968],[5.969003430827205,48.43440779047013],[5.990889675052293,48.49572291719929],[5.970701020330578,48.49852111937027],[5.997393485857736,48.526127610260275],[5.952658514886779,48.524939579140195],[5.935636555127361,48.53619882806918],[5.951228160948315,48.55004846865008],[5.988062287045389,48.55125749444565],[6.0225084788353795,48.54038759028399],[6.044404415904624,48.5411805788666],[6.070176817072767,48.56372828988075],[6.097328010997164,48.567938280708425],[6.137137122699124,48.60624505944017],[6.137197463739458,48.619827067032645],[6.160299164625805,48.645004745554346],[6.151828157190831,48.650614437539325],[6.187429129218894,48.68216944069623],[6.14561037083417,48.68460906073101],[6.122003405522234,48.715602002444065],[6.140831175893293,48.71800549398089],[6.147556992337918,48.73910646896977],[6.168801529727768,48.75733288668871],[6.189229678295429,48.79739237797279],[6.173137030142853,48.823638539215544],[6.142410390681441,48.82747483140816],[6.107192671988564,48.85932847777397],[6.073550134809003,48.85944689025535],[6.072673525541714,48.87223722485176],[6.023781396927754,48.87655924416257],[6.020978886781457,48.85178360295162],[5.996319519260946,48.833883334777475],[5.959552073527283,48.82099886081451],[5.950149344069519,48.84375742530596],[5.924072527196787,48.84326601205263],[5.920606442860631,48.877718321984005],[5.9577220774425745,48.87944373216423],[5.951925743784887,48.89672147632924],[5.919417035917821,48.89152603062533],[5.91322368768531,48.90651137398321],[5.85478354537754,48.9249124989042],[5.829167015484218,48.93888375440447],[5.819576653463786,48.95766572297082]]]}},{"type":"Feature","properties":{"organisme":"CPAM BAYONNE","feature_role":"zone","svg":"014_Bayonne.svg","source":"Canvas utilisateur + SVG exact","flat_map":true},"geometry":{"type":"Polygon","coordinates":[[[-2.8858878994751884,43.335860889133585],[-2.8575644885794445,43.33793210528549],[-2.7284991201842344,43.37289968312937],[-2.689009404389798,43.399446073108265],[-2.6487782386276746,43.4540304722695],[-2.6331325647686015,43.46599063539632],[-2.60887007680155,43.501772557226495],[-2.584211838150735,43.498985563932024],[-2.55817016120967,43.51222300891072],[-2.544978498647404,43.491598946171976],[-2.5102758773275875,43.48630575716164],[-2.493683109060391,43.46794576355461],[-2.443768533081095,43.46579160416187],[-2.401329206546408,43.476592813999716],[-2.3607079606248216,43.47023958918129],[-2.285617881929483,43.50445032366819],[-2.262866494923015,43.52080138241411],[-2.2367972233507074,43.520418538897204],[-2.1954161447907445,43.48370678333341],[-2.2294931397344917,43.48110380117041],[-2.2279357835704414,43.46328612578637],[-2.1827950594612004,43.474056172957816],[-2.171966876808986,43.48745217163245],[-2.1345177662453185,43.493200010766614],[-2.0849650982491457,43.47649971936225],[-2.050167381080368,43.478803801958385],[-2.046570956728846,43.50850389574373],[-2.0318283015727783,43.51473151135691],[-2.005610789464054,43.507288082373194],[-1.9521639003605624,43.52578440317103],[-1.9499964151409692,42.90467012817411],[-1.9987892110841488,42.89614209137314],[-2.055695151686864,42.92112179124487],[-2.0619776588570877,42.93276646295713],[-2.1425494034513153,42.945784176331685],[-2.174131635805009,42.96751539967678],[-2.195541775367038,42.95471405133691],[-2.2307947854402648,42.98119125380336],[-2.24531243733121,42.97789747349462],[-2.2957965493330454,43.00158098804021],[-2.315220398859515,42.9880097103856],[-2.333188103588083,42.99019409263314],[-2.3534782187918077,43.0077743549337],[-2.37979825816461,43.01546283228713],[-2.3695086671705976,43.04152077320315],[-2.350213529777322,43.06798212901114],[-2.3941254200920588,43.061554772164314],[-2.419434920431968,43.03902328847339],[-2.413872322180577,43.02744445541294],[-2.428210460934154,42.97270941443937],[-2.519161618759898,42.99112140993101],[-2.5513679800587625,43.02774630789976],[-2.5505001046463613,43.03897929235246],[-2.4924206955177377,43.07705355667425],[-2.49306309112111,43.10060938722386],[-2.479868952637207,43.11126736276676],[-2.4784605715854258,43.13042720100216],[-2.460075689881299,43.144660677099985],[-2.458377876707061,43.209989592138186],[-2.4905589921548947,43.23138215789375],[-2.5174901693673015,43.223962816992284],[-2.577013174380106,43.24080294821461],[-2.587458552768465,43.251389537698614],[-2.6498661813846316,43.245928709976575],[-2.642920044237362,43.234349716625765],[-2.6633784321870335,43.20646069022159],[-2.695927605353978,43.2076427844401],[-2.718855717019424,43.241933920364474],[-2.7107498657367883,43.25907475735072],[-2.757613146634277,43.27347283179657],[-2.7859910791494906,43.27102955460928],[-2.823350507966688,43.25329318535269],[-2.852925507691112,43.304243652839254],[-2.8838704415996665,43.311877571130545],[-2.8858878994751884,43.335860889133585]]]}},{"type":"Feature","properties":{"organisme":"CPAM BOUCHES-DU-RHONE","feature_role":"zone","svg":"015_Bouches-du-Rhone.svg","source":"Canvas utilisateur + SVG exact","flat_map":true},"geometry":{"type":"MultiPolygon","coordinates":[[[[3.09055355737784,43.42843347454937],[3.1003041820675588,43.46973537433362],[3.1593137614074687,43.48627500855893],[3.2199822979695143,43.52133936943418],[3.2785190908736164,43.536161930822416],[3.2954544009151623,43.56173852534328],[3.321453795324197,43.56010112060346],[3.347620998341348,43.586407444650014],[3.3103020600032615,43.5887377935479],[3.2968954553412195,43.599259196065766],[3.3253323192402946,43.64801704674885],[3.3476704275729454,43.652847241448825],[3.3599088061333036,43.6826870307244],[3.412161980429707,43.69169307304817],[3.459473672303599,43.680145034118],[3.4712204791686094,43.67077626116719],[3.5076415449874876,43.67420920843441],[3.4921673669349422,43.69926468085546],[3.4927384243554846,43.71569582428764],[3.509808971884278,43.75053832428259],[3.532105116052103,43.771395392930486],[3.535721665044202,43.792610837882705],[3.5226414653567852,43.82335825553471],[3.5477096895886304,43.83759758059482],[3.5219637855395707,43.86149058272851],[3.575986280554925,43.8802620512516],[3.6074936941005022,43.90261379396753],[3.623938419991448,43.921855185830935],[3.710926566863802,43.91039733540405],[3.743907213777375,43.909027385304675],[3.7777518602011035,43.89730925370591],[3.7957648088667697,43.884473621026025],[3.8205385062568986,43.88307180651594],[3.863132073563912,43.86756851985995],[3.8945480667834707,43.84065837908766],[3.929791201944097,43.82149241527393],[3.951097085225242,43.780263478451545],[4.081329362932426,43.728085405345965],[4.096763419019236,43.72424551865912],[4.140909517296436,43.73775630879754],[4.16796613656692,43.7367127922207],[4.234041130891128,43.7248290024385],[4.257790818481067,43.70874190655615],[4.361243986124041,43.66840682034252],[4.459605234790274,43.6454817808574],[4.500461414177156,43.64879204938908],[4.53768378716806,43.64555039291244],[4.580540370646961,43.66386451854515],[4.6081716898147675,43.682781647432236],[4.653672902128316,43.68298089498739],[4.674204953684851,43.70686590188705],[4.691744023616809,43.716064314776425],[4.72182438405118,43.697454833067354],[4.744293419967381,43.668768065395],[4.739732057678489,43.648474100798104],[4.682680434745658,43.64423893510521],[4.635862448218552,43.62807141687172],[4.615833969583527,43.597081311579714],[4.627007229711997,43.5674214435659],[4.589539483567706,43.559801306086236],[4.603568355833976,43.54646297391306],[4.631522140450612,43.54386043706766],[4.659966838341819,43.52920563039475],[4.653112810203615,43.48276253773948],[4.634945388080671,43.45925983289874],[4.6673060359510945,43.44119191392015],[4.689356828120737,43.4094498579479],[4.727452132825451,43.388155457983025],[4.689098875196812,43.37418152199935],[4.662184743204527,43.38184178371248],[4.6184091521576365,43.371345782519285],[4.630929648233625,43.33463354448534],[4.641962709621252,43.32571252773277],[4.622480987063888,43.308970776061514],[4.616383266248232,43.288184711703245],[4.6274130958785475,43.28018978689433],[4.664790827404119,43.28502144092145],[4.689347711575753,43.255427121945985],[4.701092730434587,43.232279189521606],[4.677038976673398,43.22688381665991],[4.620202299938471,43.19878333715772],[4.60775447772914,43.13863922055873],[4.587406943674267,43.1470564235248],[4.557542888467323,43.146556099008144],[4.5331619703847705,43.12058064810011],[4.4996947439590596,43.13390430806537],[4.459815136362551,43.17259301973484],[4.437499587115218,43.15729666807998],[4.378914114474919,43.17071529567829],[4.312279771363528,43.17195929699953],[4.283476270803282,43.16652538813894],[4.259490059789335,43.17435966369818],[4.267309791064026,43.19045697665955],[4.292666173263097,43.20672765240627],[4.285975719383862,43.23231627391518],[4.264303013359451,43.2460364860099],[4.283898462008501,43.27763678458292],[4.2410786095806445,43.32482795498069],[4.212262927030341,43.3274582052553],[4.170039855544115,43.303676620726435],[4.133357083357611,43.294062323194176],[4.087208167193352,43.299395722996586],[4.07759985075383,43.293344931158344],[3.9404341302647947,43.29382556192651],[3.9205457129470798,43.308448685961515],[3.9260249282914113,43.32182702429009],[3.874941282174511,43.37098405649446],[3.866249319617052,43.39617688126102],[3.828019413271711,43.40344987793858],[3.801746560026675,43.38912551031812],[3.757520194576372,43.37460629970491],[3.741588747692967,43.34090514504143],[3.7688064804711305,43.3262776522739],[3.7481128332385683,43.29667831047631],[3.7249584773432214,43.293657456492625],[3.6726606787542035,43.31173047578384],[3.6036224719187575,43.31468856869853],[3.5447999658609346,43.31028227905442],[3.4648348131286726,43.32433763689753],[3.4406003787465633,43.33699006716095],[3.434883163679151,43.35408325773602],[3.4666876076731925,43.36734893592886],[3.4606206885967485,43.398904078913475],[3.439593737523606,43.41222340970485],[3.391436972666619,43.42412275737766],[3.3377039656991774,43.42643797298343],[3.2714108571638603,43.415647021471614],[3.250196799120228,43.420844289904934],[3.09055355737784,43.42843347454937]]],[[[3.8984301377608976,43.472515535561556],[3.9049369610574076,43.44295360938402],[3.939995053553324,43.4436570965918],[3.954629681164778,43.43623521398853],[3.974337564747442,43.369303472485726],[4.016730164297099,43.373659839582864],[4.044672995009994,43.369622962239404],[4.068788996595797,43.38119037767255],[4.101328959454844,43.40663374059382],[4.137945510864226,43.42550601457994],[4.134075088228851,43.45817574695762],[4.113248029398144,43.46623515369238],[4.052929660756295,43.43143909358162],[4.007841713045858,43.50260631873666],[3.9674967185331216,43.504301201966456],[3.9487060405048715,43.49819016449104],[3.934523619460743,43.52237306367703],[3.9149291305312715,43.53337233884224],[3.916099712880857,43.50605581003813],[3.8984301377608976,43.472515535561556]]]]}},{"type":"Feature","properties":{"organisme":"CPAM CALVADOS","feature_role":"zone","svg":"016_Calvados.svg","source":"Canvas utilisateur + SVG exact","flat_map":true},"geometry":{"type":"Polygon","coordinates":[[[-2.3089634746760535,48.80812623196851],[-2.2508019847496445,48.84181621841662],[-2.2205421893735364,48.844329386818494],[-2.1975029158504538,48.869556099110994],[-2.16031028287516,48.89292435092416],[-2.1696827484072787,48.904660247059546],[-2.0994890019973664,48.946400635580055],[-2.0858165849755075,48.9480303633793],[-2.055315191628085,48.97277038833479],[-2.047469957498398,48.9888264524958],[-2.001542947918166,49.01925465543605],[-2.024870324908396,49.023426209695565],[-2.010141773903843,49.06538209551966],[-2.020253857768301,49.07642042413488],[-2.0187745091568563,49.10636446064335],[-2.027377421529031,49.11936571799283],[-2.074598422742181,49.13620688052798],[-2.080854901668705,49.15304049167004],[-2.0373331505363743,49.19192026865779],[-2.063441244630012,49.216102683245076],[-2.1210561041062785,49.18525222155118],[-2.1827325121875596,49.21276624362443],[-2.229785902721558,49.229592960275255],[-2.2782671690684033,49.26460376014853],[-2.2749823481066427,49.27905390606175],[-2.2945951196046472,49.295699967691434],[-2.2940527182525714,49.30889729611609],[-2.2666978517382255,49.32814529567793],[-2.2732687088652934,49.35732681387423],[-2.229849246156135,49.392364409876386],[-2.179390566027854,49.3937648783274],[-2.135760778322653,49.40225732904337],[-2.0838730821985543,49.40000909366922],[-2.0165406783301103,49.37339853169416],[-1.9636578319050741,49.36092919545572],[-1.855348956039558,49.350321841683794],[-1.7772075514139423,49.34961506142028],[-1.725441495309535,49.34335383979048],[-1.6776290356028647,49.35023184137147],[-1.637722436205483,49.3492808948255],[-1.571071281708607,49.33954374083208],[-1.53204666471173,49.339820921073034],[-1.4754052891558507,49.32666772057133],[-1.4138354707511174,49.301117041052336],[-1.3329256798067208,49.28393290845655],[-1.2740056889609805,49.28890144684598],[-1.1961495275031209,49.30191117604503],[-1.0962666987581355,49.331362864837025],[-1.0179222884230832,49.373659468048],[-0.9798963363510695,49.40459996634162],[-0.959564291261142,49.413916525353066],[-0.9112086972270179,49.42406428051984],[-0.8648065562441846,49.43952225129496],[-0.7835486800260874,49.44320258864334],[-0.771197907483979,49.39884920555862],[-0.7786170227178502,49.381296307012065],[-0.7556621870112125,49.348977903276726],[-0.7675547408666795,49.32947531569439],[-0.7559239512823385,49.3028056787484],[-0.7118876526490269,49.301129661225296],[-0.6950985815316675,49.287659141569385],[-0.6929582512372849,49.268239161811444],[-0.7577463634371168,49.251129765530735],[-0.7405561094032059,49.23359052886414],[-0.709859489516513,49.21724857288247],[-0.6801883311939174,49.20952455615623],[-0.6892850411575139,49.15195750692356],[-0.6463081317430844,49.14461370890691],[-0.6745519064930098,49.09542456463922],[-0.6659589689657485,49.070991207056366],[-0.6958384103718308,49.060660528264464],[-0.6975401305537412,49.041278634775075],[-0.6843292603145085,49.025404806935406],[-0.6467595689500234,49.023036482155725],[-0.6252714390137365,49.005167159001616],[-0.6382042166781311,48.994511440252616],[-0.6434666274288214,48.9534179962116],[-0.6602210221129733,48.93694495515573],[-0.667341704723497,48.9504836460761],[-0.6976433162796779,48.959953316650314],[-0.7177565926465169,48.9365340891352],[-0.7438869830621767,48.928235600733295],[-0.7678239656336594,48.93846786150353],[-0.797117370291415,48.93454655399887],[-0.8078370062207516,48.95105713374772],[-0.8370900195842806,48.94470721625974],[-0.839546120836033,48.92942978295552],[-0.8971721131139282,48.92520593976258],[-0.92970557034699,48.90829615396234],[-0.9601586394678283,48.937159460061224],[-0.994509145835328,48.919625939542954],[-1.0196770496436933,48.91561103052876],[-1.0348612056064908,48.88417312082002],[-1.0849287508037946,48.87186575124922],[-1.1263158344405004,48.85348723979062],[-1.1560538545498895,48.83178349364633],[-1.1834088728557344,48.82229652494872],[-1.247815005915683,48.811194400280485],[-1.2797657837226615,48.81080197347597],[-1.3697138543001128,48.830843917605094],[-1.403714971413729,48.8286566220778],[-1.439496347183722,48.834737984378854],[-1.4375114958476953,48.81642894316185],[-1.4579937391567503,48.79699254125084],[-1.500120549934968,48.82139073361145],[-1.5241499390908357,48.84838547934697],[-1.547590685743525,48.851890291070895],[-1.5870036929417792,48.846299752905956],[-1.61352326268189,48.82433974330668],[-1.666610500085067,48.82335525902272],[-1.7526711628469136,48.80063730363323],[-1.8233719881660824,48.82189215456774],[-1.835846345116719,48.810772349928904],[-1.8112679775445486,48.79509020997158],[-1.8431415450732402,48.77257241613478],[-1.9146746342249408,48.75737164330494],[-1.9551992489144383,48.72277847136809],[-1.9779640463075836,48.7206462080167],[-2.0094399423527873,48.724218533495225],[-2.0606131568399753,48.7389404614206],[-2.0938988017802016,48.75923216357451],[-2.1586651249204536,48.7404518542383],[-2.1847280561835163,48.751692414128804],[-2.207096987332947,48.741870402258115],[-2.23944974767698,48.75034878855685],[-2.254680692853141,48.785479414088925],[-2.3072094446403972,48.79308315373119],[-2.3089634746760535,48.80812623196851]]]}},{"type":"Feature","properties":{"organisme":"CPAM CANTAL","feature_role":"zone","svg":"017_Cantal.svg","source":"Canvas utilisateur + SVG exact","flat_map":true},"geometry":{"type":"Polygon","coordinates":[[[0.9495204949311752,44.94483082920701],[0.9819665338340137,44.95428471280158],[1.0231561659901378,44.95472385452057],[1.03114882372362,44.97628513064514],[1.0060275786682165,44.9923057745587],[0.9831254272543111,45.02913886612036],[1.0303603380084765,45.061631190909104],[1.063581362930132,45.05647931147384],[1.0806214627368844,45.09512267409144],[1.0738496496871128,45.11065841310726],[1.1010724782501726,45.1222608638621],[1.1013711983757413,45.13839628884076],[1.0824279269753936,45.1873107146945],[1.0976064246104134,45.21186574899607],[1.1333807269528058,45.246073471844184],[1.1541489617291356,45.2566113809244],[1.165041967980084,45.276945681308675],[1.1844249895418812,45.27405428266123],[1.2161827104509069,45.31271558237011],[1.2505967880222988,45.31776000141713],[1.2514206168740487,45.34002615483494],[1.265515258337725,45.34995660362872],[1.2702164747701072,45.38022195672602],[1.2545983756291648,45.39590596091059],[1.2794660590295117,45.40967935583442],[1.3005961517794962,45.39482619975556],[1.326232383637934,45.39183769970845],[1.3511593740183752,45.37718501296083],[1.3926370166016337,45.372823278518645],[1.4321001403981768,45.37876014218037],[1.4345196747317979,45.38957331958536],[1.3943630683979056,45.41432382294383],[1.414411823506853,45.46299883315389],[1.4160798008260096,45.478274636818064],[1.4532048536531335,45.47748878761742],[1.502385219182724,45.44860078361101],[1.55424038781923,45.44425238990105],[1.5791983102326237,45.43216690530073],[1.592928285096162,45.43742933916356],[1.6042584396432917,45.402795632659384],[1.6335093820435889,45.37676997262422],[1.6628750151141727,45.38932282804104],[1.6846653276461294,45.38132022505446],[1.7242833445426127,45.38916682226685],[1.7773930297129927,45.38883272598872],[1.7942725391322267,45.37175822434314],[1.8137713253511571,45.37913143024591],[1.8500143475346358,45.360755089891725],[1.8617609280682832,45.32395899243479],[1.8805735617077497,45.30104902451146],[1.8992685447174213,45.299278815831315],[1.9529287973872935,45.27834714697101],[1.9565560615560444,45.2871489736086],[1.995192118444169,45.29918217624443],[1.9968785173928618,45.32461104006913],[2.0194116035364646,45.33066629548941],[2.04225338522322,45.34999842155891],[2.0527850354054897,45.32127793232646],[2.0386524400673385,45.30964935121715],[2.0577485356520855,45.275811716589274],[2.1014637398187377,45.283540934420046],[2.1099436498734274,45.27178430727524],[2.157219480668219,45.27254619827807],[2.173531432494633,45.25750423126474],[2.1661598350902107,45.23401064341759],[2.185838403433064,45.2052974677633],[2.220461721380994,45.197249426106175],[2.208123312401753,45.15672844612426],[2.237144360699214,45.103417896263345],[2.251152204299313,45.10735720953012],[2.28557727294643,45.09382006752586],[2.2648670463617413,45.066087784728566],[2.2499970402034934,45.035435259968956],[2.2503591888644032,45.009960895509366],[2.2621610048296574,45.000203095315136],[2.2891690366214865,45.00305652967049],[2.3026460842914496,44.97906112207971],[2.300691840083376,44.948653728155975],[2.314776121644013,44.94612094952154],[2.2902311629326175,44.92960159965412],[2.2492840957344855,44.91109294217289],[2.2357446942810277,44.898087251020854],[2.1913346508394875,44.90543067281062],[2.197583427570211,44.88717121512623],[2.175956919249838,44.879669578909606],[2.1839676032672175,44.857199568845154],[2.162279311497981,44.84339731858973],[2.1269345612275936,44.831271944860305],[2.109748698818506,44.84240005106102],[2.0834558476375813,44.87294260309745],[2.0460821469232595,44.85524696882632],[2.0337405425168606,44.82021410257474],[2.039943986373385,44.79894171333742],[2.0105071502337317,44.799362596986015],[1.9860292083066788,44.76763980483175],[1.9860647025706264,44.72660465357679],[1.9683350322939626,44.70952585949222],[1.9657978874391526,44.6889770280953],[1.9526285795215617,44.671654007001386],[1.9167869231866403,44.598448720230465],[1.907650245745012,44.59950770607831],[1.875955941960499,44.63240759245299],[1.8569445753237903,44.68540342028306],[1.8671219926513793,44.70332265995798],[1.8523243889513221,44.726224525404234],[1.8667048761927838,44.74054771069794],[1.8515766591306655,44.75645347275404],[1.8235095136945754,44.74788875156385],[1.8088402212924573,44.76545722240017],[1.7991052462779835,44.79336110137878],[1.783132565837269,44.81634745409739],[1.7876620331831115,44.84096001188017],[1.7391325885351492,44.83535359731519],[1.7269664369655309,44.83977697840584],[1.6962739794834174,44.82049664449584],[1.702080856343309,44.85456592581578],[1.6969416716837071,44.88350441741765],[1.6788973746906466,44.90171582254485],[1.6521370043849573,44.906195453238944],[1.6368735460344248,44.89798499326193],[1.626401251856768,44.87483163554095],[1.5999694684329728,44.874885442064354],[1.575309023349967,44.85259417473586],[1.5662239585921274,44.83486215832913],[1.5398171295070995,44.83176593135065],[1.5175544617817083,44.80651812515461],[1.5269946413425868,44.793361195577795],[1.5115114530651492,44.781816242114346],[1.5142460222392624,44.75322138983924],[1.4784229253292216,44.73756866432939],[1.467260392480583,44.69673412399868],[1.4711693678790634,44.6796780088865],[1.4110855179763127,44.64436688816188],[1.3926247571946861,44.60188056921609],[1.360002539133873,44.59947445236232],[1.3420027591464352,44.58949711044516],[1.2862300175491397,44.60193425419688],[1.2694456209992298,44.591753224712946],[1.2344736723125893,44.601397544439266],[1.2280966371883144,44.62154591204627],[1.1905237042666055,44.61807567734573],[1.1483643304593196,44.60231833631635],[1.1249529457144818,44.6056092855424],[1.1037371234693132,44.59358920811065],[1.1028583795272373,44.56362579881717],[1.0627475141916392,44.58727140326024],[1.0580116854436696,44.61379198434172],[1.0728509580082317,44.62581692829662],[1.0448940487500324,44.65253476875338],[1.0392456887085864,44.67477755337365],[1.045584869966123,44.7089146939973],[1.059667862236629,44.7301850909937],[1.059401766342497,44.77100114260161],[1.0309194503051666,44.783671907667895],[0.9819447035835658,44.8353700453709],[0.974592645413052,44.86514736635882],[0.997286718237401,44.87536705810983],[0.9662014713339859,44.89834325782923],[0.9677613862433112,44.921151694395796],[0.9495204949311752,44.94483082920701]]]}},{"type":"Feature","properties":{"organisme":"CPAM CHARENTE","feature_role":"zone","svg":"018_Charente.svg","source":"Canvas utilisateur + SVG exact","flat_map":true},"geometry":{"type":"Polygon","coordinates":[[[-1.5862762971356514,45.72090217948587],[-1.575146101335145,45.74923644731076],[-1.5519609457360426,45.747306016284725],[-1.5255678144138678,45.75690537592576],[-1.5237447671421922,45.7713652235858],[-1.4874269542019107,45.764818219994254],[-1.4405217295341803,45.769477507973114],[-1.406447314202827,45.79288361597166],[-1.3537319395556355,45.789514837669216],[-1.3357782675796772,45.76072037170254],[-1.3034886263571002,45.77585154062534],[-1.264450876946384,45.78518234858986],[-1.2456155884739186,45.80792228612203],[-1.2502357391842007,45.82542627454607],[-1.231075305300445,45.83961139421093],[-1.2406985881663188,45.88316696277843],[-1.257798981759471,45.89157158016996],[-1.2620468716735305,45.92075254567728],[-1.2065142546196943,45.92996279699441],[-1.1941014795488105,45.94581726379407],[-1.2115102466222079,45.96654676724938],[-1.1469004841188395,45.992076984592074],[-1.151294340884159,46.0207767876189],[-1.1260059477179274,46.02962923655952],[-1.1372010630762999,46.0582054715372],[-1.0832619359482407,46.05521204824581],[-1.0269199725320368,46.09893100877629],[-0.9988541451866922,46.098036754337286],[-0.9609907786811808,46.109997329315846],[-0.9165633056398708,46.08826846539956],[-0.8961000158630132,46.10131577877235],[-0.8725623055139189,46.100128574474546],[-0.8383219235823351,46.08512329489743],[-0.8092297918734963,46.06514252436582],[-0.6922342620609923,46.071408698863124],[-0.6687690592801983,46.05326383938088],[-0.6353281706762469,46.05524249287524],[-0.6100629746388045,46.06674006703559],[-0.6029704180438498,46.08916282827026],[-0.6360657560981597,46.09793900603518],[-0.6374330500412362,46.108965940804545],[-0.5857730652733787,46.145596891551904],[-0.5375811006329284,46.10285091483463],[-0.5097331151882761,46.096915059632174],[-0.49880624308059973,46.08574470983007],[-0.46614824216461326,46.083939822881504],[-0.46342127837756464,46.09723213882591],[-0.38054344336401036,46.10564458390273],[-0.38419640344077755,46.12900616061576],[-0.35635238388565277,46.14135923121882],[-0.3181670687965357,46.14968331175139],[-0.2831597751040074,46.143039632130595],[-0.25230277239952886,46.14961570554037],[-0.23763058854710126,46.139505131780375],[-0.24620042606640002,46.125893986611516],[-0.2267485966785949,46.11603871447201],[-0.24220809397249832,46.08532682815195],[-0.23373268330096186,46.071109042898236],[-0.24313053328123901,46.05406683478963],[-0.20818794679926936,46.04023695323484],[-0.19135255993670497,46.023153821402175],[-0.16296660582881115,46.02829311253351],[-0.12969395350350688,46.0150174257444],[-0.11164526909896036,45.95899621093363],[-0.1325364458386314,45.95421438825287],[-0.1723977475701007,45.92302195912866],[-0.1989344519582102,45.91682946381295],[-0.23818781389711255,45.93154913885313],[-0.24741984601080663,45.896149368801446],[-0.23257673080120084,45.879366132040275],[-0.2633011545047619,45.82622200732142],[-0.2798283304445711,45.81387437451117],[-0.2903131620662812,45.77841847985212],[-0.316722623971581,45.794653511870244],[-0.3489840695426263,45.79717129235902],[-0.3578731614946588,45.78642460612221],[-0.35044920323490275,45.75218811353167],[-0.3782819251163575,45.74917605449523],[-0.4159790908305801,45.727896165937345],[-0.4233602570498194,45.703558532326994],[-0.4398435824854294,45.70037155553158],[-0.4722147128168682,45.653704019455596],[-0.5047495700332446,45.63279933571765],[-0.5116172925337878,45.6134144931482],[-0.5386343946097246,45.613954242538824],[-0.5761080878417533,45.59610245606238],[-0.5594938850754205,45.578937703480065],[-0.5750332562311764,45.54995975840325],[-0.5688970523373563,45.52968604153017],[-0.5796343473606314,45.51969263201188],[-0.6117208397305676,45.51438525044089],[-0.6462419094132948,45.47489168103723],[-0.7263096111216879,45.435355552665804],[-0.7775208625631596,45.43022527615135],[-0.7915721396804144,45.40191558188359],[-0.8086314923482057,45.394557276278505],[-0.8379651559420142,45.335668477924585],[-0.8221422325066865,45.29597019106774],[-0.817047830853312,45.265490886472556],[-0.8404783492018447,45.24853963683186],[-0.8678075039524797,45.24930836163191],[-0.885589562017181,45.22092068629774],[-0.913721162665354,45.210360248452275],[-0.921109379164108,45.192616931605784],[-0.9633479256561225,45.16169474053217],[-0.9993026359749074,45.18254308653315],[-1.0208025974960175,45.174400703465835],[-1.04428631430665,45.1812702285347],[-1.0637682038497396,45.16200412048598],[-1.0922485323701632,45.15474956464752],[-1.0957955108561315,45.14373882995062],[-1.0940872244658988,45.17393207943557],[-1.1386926284952112,45.19176094820213],[-1.1427558704988081,45.20176240651594],[-1.2152908676913532,45.20202923393242],[-1.2151495205475409,45.2461436230421],[-1.2458379526886605,45.250152107724475],[-1.2735692096028428,45.264947654707974],[-1.3073646881067251,45.2628089667801],[-1.3432526139037788,45.27252403096994],[-1.388444250387303,45.25937504553269],[-1.4045966551138664,45.28771593749508],[-1.3932750249782635,45.30750445261298],[-1.3641995123341664,45.30086226957021],[-1.362139793117917,45.31954177274326],[-1.3861427393491401,45.31854246712324],[-1.4269218856916042,45.33481820681556],[-1.3937285967154749,45.36143733179758],[-1.3638877506480065,45.37218526743148],[-1.3613608160166724,45.40048850763823],[-1.3897298682287678,45.42481073356949],[-1.372956737173197,45.45529854992852],[-1.3815656756546264,45.495201575124796],[-1.4365309316543973,45.50522450288437],[-1.4141689060730946,45.536199310924125],[-1.4253734984878055,45.546336587960695],[-1.4973425129680324,45.58338403291327],[-1.5109796893694125,45.601645067430425],[-1.5400421990277842,45.59198264519723],[-1.556387962189462,45.59968972725424],[-1.532821577463933,45.63259500135491],[-1.5044796227472603,45.63719253203241],[-1.5340315425629172,45.662001909396736],[-1.5463144170506768,45.68953971570112],[-1.5398233160445265,45.72365412511917],[-1.5862762971356514,45.72090217948587]]]}},{"type":"Feature","properties":{"organisme":"CPAM CHARENTE MARITIME","feature_role":"zone","svg":"019_Charente-Mar.svg","source":"Canvas utilisateur + SVG exact","flat_map":true},"geometry":{"type":"Polygon","coordinates":[[[-2.36452179748107,45.7516171881806],[-2.3292267662702586,45.7667974127288],[-2.311370901134866,45.760125093816974],[-2.248426969358609,45.776899378216534],[-2.2744864789079076,45.81714144734372],[-2.2708158275776498,45.837601274693064],[-2.2412539715883297,45.83232407291926],[-2.215861418351435,45.848307368139125],[-2.1875228892409138,45.89292507047965],[-2.1908352346767557,45.916690296656284],[-2.177687378651617,45.93074655702762],[-2.2142499077401085,45.97354607391497],[-2.1765513712594444,45.97789548527711],[-2.1656764879746238,45.995671962805126],[-2.179775896699245,46.036513001735976],[-2.203860721397801,46.04076263737342],[-2.2165085063254564,46.08289439238597],[-2.2316016686591493,46.09183905616033],[-2.246477151432656,46.1178578632906],[-2.2925993678771954,46.13067919090494],[-2.298401402303798,46.14538724318857],[-2.328391561220152,46.137358127522276],[-2.3462844132141596,46.15863059413954],[-2.3205604183864534,46.18881158883569],[-2.320289201350104,46.20883523304758],[-2.291258960552022,46.22042846224052],[-2.2613547869508253,46.24166552278605],[-2.258816758792846,46.25230382536515],[-2.2281061003814777,46.26021422159121],[-2.2474695484034077,46.3119262418518],[-2.1963137511527413,46.32397929915929],[-2.1667430839248722,46.34647193824103],[-2.126072419528495,46.36052963549043],[-2.087818048325131,46.35592986439536],[-2.074267295209082,46.371138342784846],[-2.039904726385374,46.37172617421179],[-2.0527561117151962,46.34016208471482],[-2.0712227734086706,46.326377059882105],[-2.042914547360011,46.315659228523955],[-2.0112727773400336,46.31682830523808],[-1.9933291119437893,46.33015233771187],[-1.9546507997161007,46.32067443788608],[-1.9431035623691115,46.34526954745125],[-1.910715097184678,46.34338607540779],[-1.9037206212002014,46.32936039619121],[-1.8489518050232,46.30751004243242],[-1.8481793515208638,46.28907379093024],[-1.8334767150800342,46.268001023173255],[-1.8497703632318434,46.24484408915967],[-1.7857937432371214,46.21776687741365],[-1.7795928936683079,46.19794996871693],[-1.7484651885450149,46.16580388392798],[-1.72005601072741,46.156452115342944],[-1.711079988993133,46.13190473363008],[-1.6343812376126101,46.139134617676],[-1.61981552281831,46.13443410756636],[-1.5753300668439396,46.10135323227289],[-1.503279672910468,46.086495932984164],[-1.4811052573716,46.07638430652406],[-1.4501243216857915,46.08629645213567],[-1.4403540578759697,46.06736387648966],[-1.4070671131351125,46.074949318777406],[-1.3551915826728236,46.072241648501176],[-1.3459551402813266,46.04851932864681],[-1.28273342505847,46.034849606543744],[-1.2634600507121938,46.03524267650246],[-1.2576140984071624,46.0159519197251],[-1.2284815183542293,46.02508401525176],[-1.2304795387138614,45.99917149577482],[-1.2039041394483256,45.98486247077591],[-1.20247492352076,45.96628079316307],[-1.1667640087054385,45.956599430812126],[-1.1493437826486048,45.93586504217424],[-1.1617512768765121,45.91999952213352],[-1.2172893735465207,45.91079088919419],[-1.21302456214269,45.881595838239505],[-1.1959246223944178,45.87319028235415],[-1.1863176782869536,45.82960860663621],[-1.2054791098795266,45.815428429003106],[-1.2008501417307902,45.79791542466553],[-1.2196784694825942,45.77516422106743],[-1.2587100371542108,45.76583500048352],[-1.2909872372258813,45.75069595088614],[-1.3089323041367724,45.77950032000594],[-1.361639969881789,45.78287905838524],[-1.3956994546868613,45.75945868612138],[-1.4425864574477192,45.75479477057617],[-1.4788908522645086,45.761348950347944],[-1.4807173981970667,45.746888318348276],[-1.5071175799020828,45.73728061236584],[-1.5302867184230655,45.73920923794883],[-1.541415926361695,45.71085843175723],[-1.49496713058509,45.71362813183599],[-1.501452468499318,45.67949883557134],[-1.4891846601467276,45.651939153896805],[-1.4596443953599347,45.627127134256256],[-1.487964989486822,45.622526367808305],[-1.5115251317439389,45.58959982902015],[-1.4951896493622425,45.581905959054154],[-1.4661386979117146,45.591565544889384],[-1.4524970163663324,45.57328678761032],[-1.3805406968491043,45.53622985962607],[-1.3693569597248407,45.5260907985737],[-1.3917170747884138,45.49510249277225],[-1.3367541716695537,45.48508338460245],[-1.328145335116772,45.44514898643919],[-1.3449260396415998,45.414661718849715],[-1.316556343347735,45.390330180677395],[-1.3190845697690996,45.362021499553386],[-1.3489195877679676,45.351262007039175],[-1.3821001673972888,45.32462858814396],[-1.3413375915245531,45.308346946564996],[-1.3173369004859594,45.30934384863639],[-1.319400051288239,45.290663104558455],[-1.3484560343232335,45.297306963105285],[-1.3597846552874293,45.27751394581206],[-1.3436383832178627,45.2491605867883],[-1.2984605148982573,45.26230682702281],[-1.2625799617265796,45.25259990100537],[-1.2288012209304198,45.25472547860033],[-1.2010691673271328,45.23992201214098],[-1.1703927465968842,45.23592276215733],[-1.1705279800186292,45.1917932657189],[-1.0980178633833382,45.191527433396544],[-1.0939516466082182,45.18151604741516],[-1.0493618257287929,45.1636847612772],[-1.0510815470560757,45.13347407886958],[-1.0738100661583343,45.110312023263376],[-1.05052064715923,45.0933502323656],[-1.0944027625259263,45.07757505539303],[-1.0861487934619776,45.06788146526384],[-1.0975765048444959,45.03875819970564],[-1.122144786660445,45.03521769933329],[-1.1475970244553073,45.05862999438708],[-1.176206736848682,45.05056735339036],[-1.192662884750256,45.03224954221981],[-1.216099023662097,45.02380659799088],[-1.2542379084337407,45.02960857927724],[-1.2848243756503317,45.04212674904127],[-1.3149020167867185,45.0443049324519],[-1.3450148566695799,45.07886205526574],[-1.3926939376969287,45.09425686257587],[-1.4113656548126006,45.105508105276144],[-1.4378772385778245,45.108960966134646],[-1.454800695511804,45.09308722008693],[-1.4731730644696661,45.10887005948647],[-1.479275378682553,45.13017387817096],[-1.4981836146225604,45.14918394696193],[-1.4853554072602613,45.19081951040029],[-1.4927892664938993,45.213576840456085],[-1.51926206091947,45.22877822441762],[-1.567317547311221,45.238858946764324],[-1.5960857832883264,45.23106642033897],[-1.656131039735631,45.24504898527724],[-1.6544888882613873,45.27862528175907],[-1.681276739171208,45.2675028551916],[-1.7336718747804571,45.268206165763516],[-1.812043996062864,45.27349991921544],[-1.828531328460158,45.31727711226208],[-1.8516872015590364,45.356559584224584],[-1.899694832522146,45.412944837949524],[-1.9480569561359051,45.45430710372138],[-2.0373836841616533,45.50582510723579],[-2.069560729570309,45.51514453007325],[-2.1013210421634083,45.53651300173189],[-2.102078651788416,45.558126390834516],[-2.1189247987459363,45.57268588777186],[-2.1602131294382394,45.581866221680116],[-2.1923999573648114,45.60141971864976],[-2.2307591960799176,45.60977672014575],[-2.2744322748468484,45.635844803428185],[-2.329239788258992,45.66192503439264],[-2.3586212147048666,45.67151514847452],[-2.36452179748107,45.7516171881806]]]}},{"type":"Feature","properties":{"organisme":"CPAM CHER","feature_role":"zone","svg":"020_Cher.svg","source":"Canvas utilisateur + SVG exact","flat_map":true},"geometry":{"type":"Polygon","coordinates":[[[0.6604915662346748,47.11541995548443],[0.6945191487573994,47.140733328790716],[0.7085520163944982,47.159619044890135],[0.7282801178833063,47.16356516462492],[0.7247988266561277,47.207717346518535],[0.7420568897093923,47.20896560833918],[0.7605396668694048,47.19308043990661],[0.7928928977097606,47.203752801313314],[0.806258576726021,47.22576817394522],[0.7832465861363548,47.24541816510772],[0.8112802740515134,47.254075186631695],[0.8315349420357206,47.28318448866462],[0.8922900597158058,47.25587870938442],[0.9265755969238382,47.26214722207372],[0.9750734927545545,47.27930892931754],[1.0112788147247893,47.27275796422937],[1.0399642048343067,47.279293455051814],[1.0530938595567783,47.30606677246894],[1.0284575029865684,47.32819042835247],[1.0023991296201662,47.39311958457456],[1.0164093275644426,47.411070589465595],[1.04355964773611,47.40992456406578],[1.091613112034507,47.440692039865205],[1.1091887488679164,47.406382611627905],[1.149605890061839,47.41671118440336],[1.153916017801473,47.44486056549444],[1.1423202455650263,47.47641075658893],[1.1535785503896772,47.49812279063201],[1.1221486971195564,47.501793357075535],[1.1193390758274857,47.530099509379774],[1.0985702568630604,47.55801079846937],[1.0308678715011117,47.55948314328158],[1.0184538465951427,47.59400949321133],[1.0543104044510465,47.61309097258387],[1.1007753772594027,47.62004683236325],[1.1441350332121456,47.6348670098376],[1.1971243114945878,47.643671253209625],[1.234344968286136,47.621110685503155],[1.2527505129642535,47.61878309058703],[1.2849820297222667,47.59802701538497],[1.316115507529219,47.6129789542906],[1.354695960485701,47.623747084047025],[1.3923017191946243,47.59257841566655],[1.4176720319631335,47.57963076782962],[1.4682692368729209,47.58797474299507],[1.4952935375241458,47.57206752787509],[1.5204958972992697,47.56837895937532],[1.5414576557337332,47.552057379723415],[1.5365404731624324,47.536671413933746],[1.5827209108633815,47.51998730028444],[1.585526789450384,47.4961833195159],[1.6128703807681206,47.491098477391134],[1.6460977758733115,47.49820614180127],[1.6580014526661488,47.508178425670856],[1.6525108014714807,47.53194287177259],[1.6996577186709354,47.53611354676046],[1.7183221285009234,47.52648400670137],[1.7310573984504,47.50622125663949],[1.7610079697613579,47.50689148843845],[1.7707806270599873,47.51933495558978],[1.8127365168006344,47.53171801962504],[1.8273304593777402,47.520149349789826],[1.8423918444129788,47.4878092931588],[1.872495329444866,47.44866186239776],[1.8603150330206475,47.41220973693417],[1.8121810037446466,47.34965435080755],[1.8157581382659835,47.32147971865074],[1.848365358303365,47.31024229634987],[1.8801151335439648,47.2857746238629],[1.9281051145034738,47.256423250335935],[1.9264374060653355,47.21644252436855],[1.9556136637528507,47.17205790228587],[1.9755689140689336,47.118343219774886],[1.9791688672275016,47.07962840909766],[1.9706959353374172,47.04799103707703],[2.012335494200856,47.029840427695554],[2.026107653937526,47.00225315758223],[2.012676784184738,46.96690865063222],[2.0301080943990906,46.93451632064773],[1.9997315701746068,46.88728202732423],[2.0185795263078723,46.8524927828898],[2.0201764068027654,46.826456782608275],[2.009566155551788,46.79909588282521],[1.9809919062010233,46.764713183903616],[1.9050784484705074,46.773831809579036],[1.8506801849138637,46.75665509115195],[1.8524630880101256,46.747620559740774],[1.7662035095926942,46.700561120257724],[1.7279479366741288,46.69844206356103],[1.6938089815084105,46.68160759306453],[1.6711828544934189,46.70843631467415],[1.6472076490903533,46.70972565194278],[1.6337992686794718,46.69194423948191],[1.5773491396121735,46.65055507649976],[1.5522653419097436,46.61626724040222],[1.5247327954033805,46.62462572947537],[1.4978535199288168,46.618980913761206],[1.5236572055405886,46.59559647382803],[1.504122910999118,46.56012069845484],[1.5285404592863907,46.54582411535364],[1.5378738860820231,46.50350452659505],[1.46099693662108,46.470905824792574],[1.4525132305065194,46.48122542111112],[1.4215239319276805,46.47240116604877],[1.4044510565366422,46.484392360265204],[1.365126425506211,46.47080706425474],[1.2839521071983568,46.46870832966982],[1.2668366393055128,46.46203786326834],[1.2180325324358778,46.42287475133862],[1.1973865455064177,46.399582217361704],[1.1925540181492762,46.3645103480064],[1.1597451468599527,46.370655780812825],[1.1218777317077278,46.36705548553839],[1.1047321876670728,46.37243329850789],[1.0734270496374898,46.367802782055726],[1.059261636688999,46.378325076504765],[1.0614741176803006,46.40738489704498],[1.0999515478753115,46.416808253321136],[1.1117118850900907,46.431844451578584],[1.0870301979649735,46.47896184387177],[1.0633782339082651,46.508804591441006],[1.0786109923031129,46.51824186327316],[1.0721458086207216,46.54232232784583],[1.0934404591352394,46.57179500995312],[1.095401126114449,46.59870526660792],[1.0419176375256272,46.62520232599171],[1.0594714150707008,46.6514598816354],[1.0129649966871148,46.67181414148103],[0.9649522020715644,46.70427333076294],[0.9935440272231367,46.717614419018176],[1.0183405127604808,46.743919945674755],[1.0041539904125414,46.760491346809566],[0.9718104004786396,46.77449358831076],[0.9468064542021145,46.79620577512219],[0.977737166165323,46.806385121810166],[1.0078002809553122,46.84168332749056],[1.0414838953000007,46.859244639324196],[1.0580046425241136,46.883718201123116],[1.0487155321754844,46.88990244785816],[1.0108514220302456,46.88535507022383],[0.9694451541525226,46.90696192657183],[0.9688510939650913,46.92857702741978],[1.0093371550753543,46.97403051772306],[0.9930058568470438,46.993585467849634],[0.9259186642210909,47.02683445436247],[0.9531406279250658,47.05260193210637],[0.945332231096019,47.088903387966305],[0.9202586828931038,47.087118302198064],[0.8908673268875169,47.11082957025268],[0.8590716434836384,47.109011561451275],[0.8086598839381578,47.08696750588681],[0.7711342630963414,47.083739669534936],[0.7354994842538407,47.09141967079522],[0.7078818466589859,47.104727096813754],[0.6774131158902627,47.10335025249661],[0.6604915662346748,47.11541995548443]]]}},{"type":"Feature","properties":{"organisme":"CPAM CORREZE","feature_role":"zone","svg":"021_Correze.svg","source":"Canvas utilisateur + SVG exact","flat_map":true},"geometry":{"type":"Polygon","coordinates":[[[0.10413713143328855,45.23726832930022],[0.11921198764579524,45.267661025754464],[0.11307941233837318,45.290287180484796],[0.15176914379016165,45.29702166958398],[0.16901446133842532,45.32446072580376],[0.19705678490240078,45.33183033350886],[0.20554476618258832,45.35099179704868],[0.17606655343570518,45.367563963377734],[0.15911872932897161,45.35661520569837],[0.13783347196754525,45.371150426718664],[0.16828374410383684,45.40067846904155],[0.13087260951908913,45.419648454276356],[0.14280553399809587,45.430160290578904],[0.14882583114274883,45.45514101995965],[0.19093529062934445,45.46102310877093],[0.23379484403790643,45.44743632146278],[0.25523658879984173,45.47093616496846],[0.2741740176214137,45.47531495849699],[0.29768177682795016,45.50921583432397],[0.33784783404469904,45.51185755832807],[0.3428873818639485,45.536096234806976],[0.36971976037495563,45.54953007612921],[0.3966814113382444,45.53392164164651],[0.41326369829317566,45.54787869731035],[0.45022556104150185,45.532477520461555],[0.4793334442138874,45.539720447338254],[0.4886580363069065,45.56206131826344],[0.5213141765726595,45.563057085490584],[0.5562586330991327,45.5816261481404],[0.5583301678766713,45.595017857936746],[0.6051198493691228,45.62636700090774],[0.6505912269102377,45.63538810546366],[0.6803469347826624,45.64903897328676],[0.6901785688393812,45.67469092550823],[0.7329469904483097,45.6563539169569],[0.7841624053282287,45.65634928618823],[0.789183536416734,45.67043298978216],[0.8147794274384262,45.670101561671274],[0.8088555485038168,45.691795722242155],[0.8264615430537201,45.70561617317908],[0.8540101775780555,45.705848287453],[0.8695921151949224,45.72010728388077],[0.9031931992148265,45.71667307493904],[0.9167566653818937,45.745774083231645],[0.9526437477345989,45.752575373975084],[1.0034008879557186,45.743286930384436],[1.034662473581328,45.72094212967567],[1.0559270936590646,45.732325778043396],[1.0844299925325516,45.7328874556242],[1.1077029523439093,45.71689996657495],[1.1280431274449625,45.71483643290094],[1.1193151874435439,45.69413403954786],[1.2004436442615611,45.68670071031581],[1.2029371872089036,45.65746730511267],[1.2371685231418377,45.668906130122956],[1.2529739531346011,45.66256072293706],[1.2731472927210592,45.67744061446687],[1.2851527541571333,45.706604801384586],[1.3467406301861142,45.70644826297071],[1.373699571350714,45.69561735846479],[1.43273860943901,45.73653854073412],[1.4632158884342512,45.70402807395228],[1.4690891698973325,45.68140064927727],[1.4545127480163014,45.66478765691205],[1.4675396620430536,45.651593463981456],[1.4598299919167212,45.63288427110384],[1.4239068687507221,45.63240982057774],[1.4188149885240802,45.59916144921416],[1.4036011545064393,45.58515972439591],[1.432136620404218,45.54895349978068],[1.4588775966387733,45.541710585956004],[1.459477530511529,45.510400553349676],[1.4508189581733304,45.46238972375631],[1.4491489516528655,45.44710756801654],[1.4290955106282697,45.398441133533126],[1.4692614308644525,45.373686610606285],[1.4668398325631282,45.3628700884438],[1.4273674051983176,45.35693982468464],[1.3858784167511644,45.36130312772001],[1.3609585913093005,45.375953835740944],[1.335297578980407,45.37894237524045],[1.314174766684073,45.3937963393851],[1.2892982954853616,45.380019419575355],[1.3049169300985624,45.36432905042323],[1.300225518900655,45.334066348791254],[1.286118421622028,45.32414227180341],[1.2853065199244715,45.301879192366634],[1.2508753463476165,45.29683582620029],[1.21913058135269,45.25816149405004],[1.1997289547208891,45.2610571210502],[1.188841564567013,45.240724577633955],[1.1680646915127562,45.23017914520263],[1.1322871831113894,45.19597936802579],[1.1171082010378621,45.171418901840056],[1.1360560458865212,45.12251446325317],[1.1357553611526272,45.10636708810698],[1.1085216433410205,45.09476954538665],[1.1152996741250183,45.07923025596191],[1.098243063169072,45.04058343270546],[1.0650328806509142,45.04574397020821],[1.0177964190940327,45.0132485833482],[1.0406913402366682,44.976416325239384],[1.0658094305201082,44.96039344374704],[1.0578224846144495,44.938833860960884],[1.0166235158185093,44.938394661253334],[0.9841744274578947,44.92893611745045],[0.9657680485043388,44.9364211721512],[0.8987425773009547,44.92466345160085],[0.8557492699863324,44.90570369852985],[0.853947245712109,44.92482309516372],[0.8214205556393787,44.93017163968522],[0.7984917885267557,44.90639932551668],[0.7405906327295684,44.894925100910335],[0.7330191982722957,44.87604164451534],[0.6942479145676856,44.88067372681279],[0.6811757203437058,44.87140588609542],[0.659356673152642,44.88972331779127],[0.6558483514376281,44.904531652884515],[0.6141522529448816,44.91737439321609],[0.6052763794056103,44.93906381470885],[0.5723510912309473,44.95632302575119],[0.5507950752432633,44.978143333627884],[0.5245119001114522,44.987375314500376],[0.47221900699517894,44.994351464037244],[0.44673765683075617,44.981293558602076],[0.4346894461008912,44.999817124519225],[0.37489245234681134,44.98347554321792],[0.3671355701726986,44.97029340759339],[0.33763072151116363,44.97106386842778],[0.2865193703108697,45.01555250440611],[0.2933781830485531,45.023733328401036],[0.2723052262526102,45.059166655011595],[0.29649719707310146,45.069614963380914],[0.30004547771130113,45.082794535940266],[0.2708858836158704,45.09379932177257],[0.236102645514636,45.091904549702974],[0.1995461254906813,45.100321196942616],[0.17067300089143045,45.100110364049485],[0.1336319337337259,45.11820329373958],[0.16572293535296598,45.135965594844556],[0.17281851234447637,45.14717432772361],[0.15384201188078256,45.161422346676446],[0.10985055728745433,45.15870912715576],[0.1111403802719186,45.184626084288574],[0.1541111674386983,45.201465614147516],[0.15400050461150583,45.221745680765096],[0.13308764924309407,45.21930238454082],[0.10413713143328855,45.23726832930022]]]}},{"type":"Feature","properties":{"organisme":"CPAM CORSE-DU-SUD","feature_role":"zone","svg":"022_Corse-du-Sud.svg","source":"Canvas utilisateur + SVG exact","flat_map":true},"geometry":{"type":"Polygon","coordinates":[[[6.533709498360271,43.577446438905795],[6.556297440464453,43.61355141927775],[6.5789876910712355,43.60206507894287],[6.627119885465453,43.60546527680857],[6.637262099380393,43.59379950658392],[6.670434110092955,43.589842622843065],[6.671766512662704,43.57921628338724],[6.7053406951907,43.57822180552338],[6.75151143479354,43.5686422721034],[6.763965408591292,43.55466028015601],[6.815122387083916,43.54729253184916],[6.859330826225704,43.55866793907664],[6.856646878936873,43.5288713904642],[6.8736680560487295,43.52296865054528],[6.880839402458699,43.49919675941996],[6.904870562777198,43.48035683974809],[6.9346471733819905,43.476876038405884],[6.94938770605897,43.459804629137956],[6.976676658430243,43.45822142370545],[6.9960935061109435,43.441375554159016],[7.0309549388371,43.42784612389254],[7.053060483817503,43.431440848659456],[7.05839787958562,43.392415047696],[7.0726115942303,43.38925496938031],[7.091383475473236,43.34593966948289],[7.135104328651978,43.3245785645181],[7.147181066785692,43.30505691894749],[7.143190317377383,43.27055585636352],[7.175458333790658,43.23954812252134],[7.203627271549998,43.24619821245542],[7.238011380258737,43.242676132897984],[7.240454230766392,43.16110747046861],[7.248249155952167,43.14195208388861],[7.238240191498204,43.130852433451345],[7.26757591135826,43.11723070757334],[7.271183413541362,43.10679871649674],[7.253139656676762,43.08594010107198],[7.245383812397877,43.06077518780711],[7.255311329627278,43.051242989039125],[7.290828381520167,43.04514076089885],[7.323097270618156,43.04985951381939],[7.331195146983776,43.03640164006869],[7.352588314967975,43.041409943482854],[7.397064297014319,43.071484736969836],[7.428975827382834,43.06496790455466],[7.433320682481538,43.02654931571864],[7.4206513958817935,43.00172536116924],[7.43539004782739,42.9669190841671],[7.427015476623528,42.88949173940502],[7.398165980232486,42.87456630527706],[7.413463696822178,42.85486890196673],[7.395954765888293,42.82979640101601],[7.379855651801472,42.83415890050725],[7.361009044828591,42.81380016839594],[7.309691247497411,42.80043852426698],[7.31801871945565,42.773153914977634],[7.341759186109727,42.79592800418883],[7.36719987267854,42.78490620910344],[7.390831785007966,42.787392520832164],[7.365611124296264,42.74792697997772],[7.32547129519528,42.73332237580969],[7.3058995638963,42.7066089643305],[7.29760465349877,42.68116243869528],[7.307850955573472,42.66536672443959],[7.276913602858889,42.63770660202077],[7.2431939889348085,42.623841282039834],[7.245832982686912,42.596850810008405],[7.2709154207586195,42.58798270212499],[7.237178945371474,42.545256863802784],[7.197118687861069,42.54382679844508],[7.183818318668814,42.56336326985178],[7.164623426390837,42.562861210071986],[7.1376538248931825,42.57572145232831],[7.1050956189075,42.576816672715786],[7.117608809528883,42.60525539777057],[7.110092421174861,42.62454122522371],[7.085979108675589,42.62352236440838],[7.049498287142796,42.65054001022321],[7.031704912069853,42.6453036754595],[7.00024098170108,42.668033621009826],[6.96514343696855,42.67498592369384],[6.925757975446526,42.67605880957027],[6.918114323324533,42.69069725317096],[6.886467132652102,42.68827855491685],[6.8792479737477725,42.70804883472859],[6.852684779156077,42.718089423418924],[6.839127251491997,42.731369273986815],[6.8192027452687825,42.730938588524204],[6.797877212669673,42.758514845006715],[6.771906143267081,42.779329991052705],[6.7863815172173565,42.79427107609499],[6.790342950723189,42.81947014646623],[6.819989339572961,42.82018439346208],[6.85033269758169,42.837605686995275],[6.870070249712584,42.837359539133075],[6.881971549606377,42.860687716900124],[6.91855883850643,42.87511392290313],[6.917189559758025,42.883744250903874],[6.84023194964083,42.89163934627385],[6.810161708545069,42.909022905202825],[6.768925177072516,42.906600266749884],[6.7799133972571255,42.93117865338807],[6.767756191520918,42.93778252120265],[6.7143423770198645,42.91916426884171],[6.676949627338234,42.944246849756965],[6.705383033267502,42.9579141772095],[6.723322691011802,42.97491108569792],[6.701147508061354,42.998695543583835],[6.734011775650211,43.000122287298055],[6.765960872494911,43.01139323840518],[6.779976530017741,43.031867102083844],[6.786031158828923,43.06998409250787],[6.774391723314715,43.08811163101784],[6.798770165350366,43.095387151711904],[6.77536453706162,43.131418152581006],[6.733135737164703,43.12724048551608],[6.709382431029116,43.113285185436446],[6.660837477348962,43.10995652582718],[6.629524242289389,43.115200788830506],[6.600112986716703,43.10592560687516],[6.607441346907544,43.132526312928285],[6.583407095156088,43.160817961593],[6.601331032543605,43.18003546718673],[6.634147742166713,43.17681660534528],[6.654816012694543,43.18796846191599],[6.644872145986564,43.22045957494983],[6.680425450926487,43.23994524167172],[6.692797960035609,43.23902874196417],[6.733961816403083,43.25428235700406],[6.731595656615893,43.27732691708476],[6.711318255917208,43.27808672765611],[6.701115617023183,43.312207380841635],[6.672772580965072,43.3246098219947],[6.646528844311394,43.32305450481378],[6.634581393174327,43.338648966281355],[6.61019658613966,43.34062113411433],[6.561399836672678,43.3757547045992],[6.5747043728916195,43.383576958500754],[6.562054911347585,43.409606537915145],[6.565318661815636,43.42801109226198],[6.543788213462863,43.460628663253615],[6.601214551101264,43.47895567339412],[6.678277299864353,43.489471869164],[6.679285233073648,43.505011808966856],[6.647530854012932,43.53045371814994],[6.623974465034632,43.52973876390622],[6.610650658695551,43.540572853899334],[6.613962301444627,43.56866672148651],[6.599970775316682,43.5801096144838],[6.574233945091864,43.58291207705749],[6.544548075512517,43.562103311943595],[6.533709498360271,43.577446438905795]]]}},{"type":"Feature","properties":{"organisme":"CPAM COTE D'OPALE","feature_role":"zone","svg":"023_Cote-d-Opale.svg","source":"Canvas utilisateur + SVG exact","flat_map":true},"geometry":{"type":"Polygon","coordinates":[[[0.45037181766664025,50.395423221465165],[0.4652482929267254,50.44501236761859],[0.4728261248695694,50.52127013458256],[0.4811496371477489,50.54333849865341],[0.5167856094563057,50.54131554839976],[0.47670098861899074,50.57021264636917],[0.47176470562069595,50.58018889944037],[0.4702976714548376,50.65587208357879],[0.4545712183291912,50.71494113180502],[0.48951490698576483,50.7523778962547],[0.5002858118708615,50.78197800356026],[0.5013313350832864,50.813934801964024],[0.4721292795154369,50.877592409276026],[0.4779478883547843,50.89717616123435],[0.5395113726896301,50.904929416939844],[0.5660056031347083,50.919231080278735],[0.5924160951790881,50.943809010309145],[0.6305306549873688,50.96781819542876],[0.6850116074103707,50.986043877239666],[0.7392994314375302,50.99501502304378],[0.7800587129879513,51.00773878589282],[0.7995562312680587,51.00506208883998],[0.8269401747136672,51.01765232254327],[0.9632247456151234,51.03337597551149],[0.9866521452366476,51.042152942572564],[1.0181170766093801,51.033757264303155],[1.0579250957785722,50.997802706222195],[1.0778294449806247,50.95743343432875],[1.1283516213129572,50.87816191469829],[1.140151463418491,50.84157321335067],[1.1817922404162056,50.812065998060135],[1.2768815227921815,50.80509663947432],[1.3116909678584308,50.8084016302814],[1.349076841818033,50.790264958950445],[1.2749332627614771,50.76257694291554],[1.275883189419686,50.74932727817286],[1.3193720762256689,50.715579903553305],[1.2989477110617174,50.70316951442953],[1.3195840201962938,50.68971642147027],[1.3455497395006006,50.69083058798153],[1.3678905359012319,50.674277714042546],[1.3900051253430077,50.67109743266249],[1.3915827266157887,50.219020222668135],[1.3447337299085593,50.22667145285257],[1.3194440508330028,50.21762022302552],[1.3077267739882843,50.20082280477035],[1.2764089923322184,50.22135881453783],[1.2351500872722678,50.20374760863544],[1.2020562470414569,50.220453267586834],[1.176884372210356,50.20222537436272],[1.146924067570991,50.20819911151177],[1.1015366528435218,50.198895361226086],[1.08696134468075,50.184195362905356],[1.0472955889529765,50.200534283817404],[1.0085611651152204,50.190087331712974],[0.9772652665035971,50.247226908649495],[0.9459745504631006,50.26229363227303],[0.9215543068008395,50.26305829809384],[0.8511604192194295,50.29560083888404],[0.8746619584019933,50.307142030134514],[0.8528700321357913,50.325903406064036],[0.8317641705124005,50.30641552746824],[0.7874732798103928,50.31674042245335],[0.7838977647016115,50.327789460357785],[0.7404602736855116,50.341663939958366],[0.7128493497499563,50.35638776000967],[0.6851700883035924,50.35868150549859],[0.6438294551863846,50.350770482539396],[0.5716225092347478,50.32548794564327],[0.5408634373496842,50.34769944549595],[0.5236448927332311,50.36844055054186],[0.47547752707028534,50.37601730305501],[0.45037181766664025,50.395423221465165]]]}},{"type":"Feature","properties":{"organisme":"CPAM COTE-D'OR","feature_role":"zone","svg":"024_Cote-d-Or.svg","source":"Canvas utilisateur + SVG exact","flat_map":true},"geometry":{"type":"Polygon","coordinates":[[[2.927665728894523,47.40663498427024],[2.9836656906271193,47.44531712868903],[2.9944297857748285,47.478480705934416],[2.9760662085064062,47.50871357552006],[3.003058069121186,47.5279247479021],[3.0223060911434807,47.55984831857204],[3.041856611213081,47.56169076723383],[3.0648691577078075,47.609171149677195],[3.0827437708511733,47.61442658174724],[3.080771824470856,47.64092421555073],[3.119295823451242,47.674462569547075],[3.094560533618562,47.68669742308009],[3.128892237176433,47.700333734237596],[3.1382697768878636,47.71917261193819],[3.1227839493302545,47.73434772776227],[3.1309693754676373,47.76204337454532],[3.1616664334707085,47.75263548820801],[3.206623139229973,47.77754545670433],[3.2009988545442685,47.80836694993239],[3.2147001925400436,47.82314628928989],[3.1936463072075867,47.835878195604614],[3.1924519269198655,47.86310858475094],[3.1729751878510113,47.87499985993885],[3.131112822036712,47.86959084270479],[3.132217687043232,47.912036245710404],[3.1480958882596277,47.92850213068941],[3.183649177427746,47.93341233334417],[3.164928033583077,47.95633454254899],[3.1811772767960194,47.993973644163404],[3.2256704569919266,47.98933607700804],[3.2919688063461106,48.00195708218861],[3.3284513310529467,47.99043789819726],[3.374993422487502,48.00299824329561],[3.4011901526170374,48.00078142033674],[3.445143747768764,48.00611598308927],[3.4196253632271896,48.0374981759452],[3.468811578353247,48.067643954822344],[3.5047095713996868,48.0698288895187],[3.564114014516351,48.0528597571773],[3.5967158612535672,48.05849694782753],[3.6132737114904177,48.046580269019444],[3.6441840111324306,48.04181647269129],[3.68602137705262,48.045813292904896],[3.6919481964714804,48.01977656254563],[3.6819314802049092,48.004572347262744],[3.7092565879091857,47.99461060799472],[3.745200382555432,47.9968207594842],[3.76727767419812,47.97497855616338],[3.7282880776010012,47.9479345756443],[3.757877727399932,47.92768425268327],[3.778078568585896,47.95357264296352],[3.8049515227074293,47.9548289199258],[3.832779466107978,47.91855396052382],[3.8328975122272335,47.901879007030814],[3.8601096842756206,47.89740811577535],[3.87524389443204,47.86063917186648],[3.9021804443475245,47.84767365616639],[3.895195580085693,47.830426576601944],[3.8227932042196526,47.802571922867244],[3.8359304970821326,47.78573441309589],[3.855780801351943,47.78971935164425],[3.8792087849985935,47.7530285168944],[3.860394649757019,47.72827157945896],[3.8667879409418076,47.7177880042201],[3.9009372500893322,47.70879274010432],[3.9405392209240215,47.731306363412706],[3.9549620344472656,47.696569433161315],[3.9985018012866953,47.6764110377539],[4.044084753773209,47.66651511601823],[4.096688198671116,47.701963538970126],[4.0918130766794265,47.67190426650766],[4.131624113488114,47.660808206465184],[4.160978351365029,47.63369074351528],[4.160451379052192,47.61374833658236],[4.175530122146656,47.59230228231677],[4.224777233970535,47.62214983827358],[4.267009593204105,47.62673452763193],[4.28273518622547,47.608031093897694],[4.3028714389588,47.622125498748815],[4.3299571806409585,47.61443412500317],[4.35696249467402,47.651516368092224],[4.411702268506646,47.627083575747854],[4.4324239504006355,47.56947050788924],[4.421325555228809,47.540624825310836],[4.405829261135235,47.54107515938769],[4.380047257306142,47.50792272556568],[4.329709014849902,47.5105947488751],[4.306029466743099,47.474150829224634],[4.337499803972681,47.47127809578199],[4.364768595088941,47.4465802424421],[4.385014473008712,47.3892383729401],[4.412306793840148,47.40125040846734],[4.432921966242259,47.39588496682644],[4.423598577915865,47.36610242924343],[4.428766852526382,47.33445395108905],[4.407187042913189,47.31836696319532],[4.4559442330945185,47.30507650419767],[4.441497816326406,47.28540054534566],[4.424172152276132,47.28921590321449],[4.421853782336133,47.24860705727775],[4.409383599359594,47.22750509885707],[4.4157290237215125,47.21301416309104],[4.382132836323727,47.19043414986649],[4.393975298931481,47.177011489904395],[4.37389049203004,47.13559640144619],[4.341077822884482,47.116045703053274],[4.343153143432356,47.103377742507995],[4.317374439201058,47.06927977638246],[4.250256371765901,47.05942892068069],[4.210088459636257,47.03271379052951],[4.201121848114535,47.01046823016357],[4.23768622365095,47.001222373390455],[4.230223955424237,46.9852767295156],[4.204967837114084,46.98095429747682],[4.18016473367913,46.96059308357746],[4.145172335618538,46.9699077321375],[4.10299449978566,46.95484452236257],[4.086608747527489,46.94317331739724],[4.042530091744395,46.94280192445288],[4.01722601939733,46.93449712393019],[3.991972612949186,46.937973744412865],[3.9635333399615846,46.961327379440505],[3.915285222437771,46.95109130930207],[3.905937949470201,46.93730105886255],[3.8354556785468463,46.94583096145095],[3.80239658735971,46.94429446191196],[3.8001897118771555,46.9283384571638],[3.689335731684993,46.90737667877636],[3.681060454946441,46.89285023536887],[3.625913638339739,46.89384781618423],[3.612911249595736,46.880603383121866],[3.5811227010171995,46.87403573506651],[3.559027031744635,46.88799411243428],[3.5742765414714244,46.90509006085182],[3.543769659524332,46.91660380001233],[3.515489812029584,46.91599876755598],[3.4800186496535446,46.931578627461235],[3.463221948145839,46.950192118517116],[3.4432176891866595,46.99947232274797],[3.3926394694495627,46.99201150090808],[3.3730572478373806,47.01183181494757],[3.336840930232035,47.02196522063475],[3.310095179488523,47.01970570244878],[3.2868796471640698,47.03039291225734],[3.281838975464078,47.06492586876469],[3.2215409441337086,47.05380464171256],[3.2268432958739885,47.07978806853105],[3.146662972953851,47.091572255960344],[3.1269661847058186,47.100770208960604],[3.106478632825336,47.130741362771104],[3.0798431014847965,47.14092169232019],[3.082586751078222,47.16886560406323],[3.10159127218406,47.187092108351045],[3.0882338414647243,47.209837870734376],[3.0460458028949624,47.24115091678264],[3.0013119346338533,47.22728315771898],[2.980467782385586,47.271964799256196],[2.978575883344764,47.30182431237852],[2.995673098514748,47.31487497622241],[2.9898253576966645,47.331401070422444],[2.9700247394329686,47.33490439705143],[2.9384335936939276,47.38154390838582],[2.9511126288422846,47.39539768481231],[2.927665728894523,47.40663498427024]]]}},{"type":"Feature","properties":{"organisme":"CPAM COTES-D'ARMOR","feature_role":"zone","svg":"025_Cotes-dArmor.svg","source":"Canvas utilisateur + SVG exact","flat_map":true},"geometry":{"type":"Polygon","coordinates":[[[-4.8083469291189935,48.63824371948501],[-4.7845645460421995,48.650503195248575],[-4.726472278426158,48.650080934683075],[-4.730396371357773,48.699937564410085],[-4.699476823591244,48.711057270319905],[-4.6942212507591465,48.732940404577235],[-4.729657566375225,48.75688343644544],[-4.723434372321226,48.77528740146035],[-4.678355355201468,48.79074768071458],[-4.6846084602164275,48.812353667108624],[-4.66591883497063,48.81952271670146],[-4.607784912230116,48.812879891128105],[-4.568091823014681,48.785507124862875],[-4.533783831178479,48.789372902576275],[-4.517938115040449,48.80551897876971],[-4.491222988290336,48.80963916742002],[-4.45588191327739,48.8284217991847],[-4.391441991692075,48.82674342824948],[-4.374369556726717,48.84976196407081],[-4.347012941391229,48.85983251635588],[-4.329138073070689,48.82610435057503],[-4.292514299416414,48.84600689335903],[-4.247149604750081,48.85848593520162],[-4.215265047089174,48.86173026382846],[-4.203608461945343,48.819051504295466],[-4.172257190207154,48.80648857974793],[-4.130130516839575,48.81398347888759],[-4.122182755494199,48.790912525470546],[-4.163425089202641,48.777509449865136],[-4.1270950731708265,48.75526484378463],[-4.063311270555297,48.75240020240659],[-4.040848430668668,48.74208765352159],[-4.057693603938909,48.70710497034451],[-4.03678061569425,48.69334535644287],[-3.999941844257735,48.68307683389962],[-3.9898712029410213,48.658154212708624],[-3.9643560678026692,48.65803201382242],[-3.9331641049733235,48.6333877977558],[-3.921304329600221,48.590215704421595],[-3.9252518931390696,48.57306009575484],[-3.8833060226995606,48.56434400723969],[-3.875825998527217,48.54898146172988],[-3.8206027357661894,48.533288991311416],[-3.8213091258847713,48.50935362222384],[-3.797513701972153,48.48072132548722],[-3.773595625082309,48.4861066829306],[-3.779848822162759,48.5077390515995],[-3.7259113520179508,48.50267391079607],[-3.7269850535506603,48.51540178871565],[-3.700013376293145,48.53003189011591],[-3.651940964366301,48.56684490101931],[-3.584190231815193,48.59101976536897],[-3.560746889075711,48.60611858360855],[-3.5557163630962956,48.63418667056236],[-3.521680345585138,48.63710689235636],[-3.4969703855621233,48.62592361073588],[-3.4431593135534535,48.64107396162983],[-3.3944212937903995,48.660920585559275],[-3.372952012091142,48.646086170155904],[-3.393093561219795,48.61769690938954],[-3.418338497413047,48.603268275524535],[-3.3914134975670356,48.59469106959152],[-3.3788313916636605,48.608041255428915],[-3.3406473113282544,48.62896648079396],[-3.2793023734868862,48.56073710572893],[-3.247950395148269,48.5582607172712],[-3.228691762569175,48.57100069739473],[-3.2377584818746565,48.58775792189939],[-3.193492631281386,48.5881594020442],[-3.1930129106327483,48.57187250126151],[-3.160541815913561,48.554514793751636],[-3.110362418304496,48.54601537831445],[-3.111777914176345,48.52464538058705],[-3.070515261159812,48.548230899291],[-3.0340555237932585,48.515107525580746],[-3.0085167513809035,48.51964407640712],[-2.9844407149786663,48.526636776632145],[-2.9695030865787637,48.497191832288095],[-2.986027079366794,48.45419870491287],[-2.9828424352157756,48.4373238036122],[-3.0088020200488796,48.421904400239804],[-3.0121751245831496,48.40361298220221],[-2.9962596255608456,48.39404596250289],[-2.9978990638866163,48.363682524179346],[-3.007560334396388,48.33988936437687],[-2.9878635081833007,48.316803749055325],[-3.027630322927874,48.31214335946313],[-3.014851025371194,48.284991472780554],[-3.060439483206018,48.263467614332896],[-3.0770308489764773,48.244925389510264],[-3.118314852950801,48.26461299074735],[-3.142416751972809,48.24902633807822],[-3.1779104490326064,48.21624622851553],[-3.1955291239616614,48.22343184980792],[-3.2334215669009856,48.21953879655992],[-3.2586818957510566,48.208949468187214],[-3.2558562986174975,48.173781248038445],[-3.293058821677533,48.161960093310775],[-3.2981265973243117,48.12856112475018],[-3.322769264651774,48.10960038891778],[-3.359561843014382,48.10148732066583],[-3.3637658904981866,48.08923625424413],[-3.3852680216783457,48.09233436148881],[-3.3992630392915046,48.078023311806035],[-3.452792904290396,48.077177941238844],[-3.4567774916356915,48.096926030326806],[-3.482268517006836,48.11071737637053],[-3.4898714245896203,48.12471019542296],[-3.534230786131378,48.129955549167235],[-3.542836960546003,48.119915734166156],[-3.5759703177903726,48.11098189473227],[-3.6229434920967654,48.11242783136404],[-3.604674974245645,48.08193278318622],[-3.6391843870798257,48.05118757567636],[-3.6381822985951677,48.02754245280879],[-3.672192450548855,48.017210200321365],[-3.7219250903457364,47.98171374865839],[-3.7668588213391874,47.998929881114215],[-3.7694800006183993,48.01267494055604],[-3.7515055211964734,48.03500083493876],[-3.7484507972654506,48.070789383646556],[-3.7645163955023038,48.086214021888466],[-3.8003467291184054,48.07044634456837],[-3.858667274295141,48.06254581996587],[-3.883906428686993,48.072754514588866],[-3.913323440145709,48.09979020054903],[-3.9563942729966897,48.09419578770812],[-4.011035106670011,48.116757562213586],[-4.0499664609276715,48.12591192711556],[-4.1004402623180125,48.11302739570015],[-4.1257633576928185,48.1261405561681],[-4.128134270295601,48.14190720270995],[-4.156209949173719,48.158976787782045],[-4.250589080241826,48.153272715628276],[-4.260057567493099,48.11653491305802],[-4.276620367250773,48.11095646644522],[-4.32058939804009,48.11524145670611],[-4.339820561609043,48.09977447041235],[-4.378666811526134,48.10054648815973],[-4.3995715735059715,48.09079913369507],[-4.428377910303209,48.106321056480965],[-4.445822738391636,48.10598845238099],[-4.475881606272597,48.122034672283824],[-4.50780554730624,48.11464250856579],[-4.5469224295758615,48.09750766142886],[-4.572376141437275,48.10632257500526],[-4.556626770470656,48.123783149923185],[-4.617712952681107,48.13844158478544],[-4.663055263409031,48.13040883614633],[-4.707421709148058,48.13768423651364],[-4.679518472930285,48.15974077774149],[-4.7001713734144595,48.18299666962234],[-4.6954396159632,48.19721930509237],[-4.666869169306731,48.21728374691341],[-4.658601137990039,48.239623198818244],[-4.682637062703958,48.25771927868588],[-4.699517269713647,48.29622481225845],[-4.697357448745486,48.34094855633641],[-4.750939698583765,48.349970068639635],[-4.745849101236466,48.38711827316176],[-4.706686613905126,48.40661806902602],[-4.725860066919946,48.43291799739563],[-4.744338131760029,48.43886219866811],[-4.7503138859745455,48.46558918080729],[-4.726677599261116,48.47741470890567],[-4.697167031553712,48.50245203899279],[-4.714211008563372,48.52958303853477],[-4.738730398082814,48.527884151953174],[-4.735451271757547,48.55767242388849],[-4.789144800759016,48.57228791760581],[-4.803080526080525,48.59357439819796],[-4.8083469291189935,48.63824371948501]]]}},{"type":"Feature","properties":{"organisme":"CPAM CREUSE","feature_role":"zone","svg":"026_Creuse.svg","source":"Canvas utilisateur + SVG exact","flat_map":true},"geometry":{"type":"Polygon","coordinates":[[[0.26634260421638856,46.1989262292321],[0.2864989838109571,46.22325336516312],[0.31037176836010083,46.226039660442055],[0.2964311236309155,46.24610898096523],[0.3203886731748971,46.287496802338104],[0.3384610447356189,46.29496461300877],[0.3082373772992705,46.33853850784624],[0.32941851220855917,46.35622707394025],[0.35835377563680987,46.36854268786137],[0.42061944179093647,46.4229847053471],[0.4434317764016223,46.412907561363525],[0.44588451528322837,46.38813868259424],[0.470542221585924,46.40098443379809],[0.5174731742093164,46.40100468015927],[0.5496655199101991,46.38161054181479],[0.5903208863200815,46.41499012422139],[0.6191336957993937,46.38749774274232],[0.6368126383374715,46.38478169510036],[0.6707849814683255,46.425339879869234],[0.6575181460943932,46.4490022039384],[0.7109209126252818,46.454341533393475],[0.7332305163250848,46.42823874595463],[0.8004841563557963,46.43122917907505],[0.827512127002474,46.44293994399432],[0.8434803431925989,46.43074569684701],[0.9000420933362289,46.43934733345966],[0.9158185966075417,46.430061667228564],[0.9698310848268832,46.4201956338317],[1.0011946061721395,46.418759834581095],[1.016743387083533,46.40726453866656],[1.05955303310855,46.41907064325769],[1.0996183592170905,46.42370888646155],[1.1309347798566294,46.428337595222985],[1.1480743047103434,46.42296757792884],[1.1859585168992717,46.42656653456664],[1.2187810107225703,46.42041823992275],[1.222833348976827,46.384371700986954],[1.2634680534518439,46.36363910989225],[1.2418532660214878,46.35072358609423],[1.263266388224657,46.32423189602443],[1.2968083827029075,46.3205899231471],[1.3132508051394018,46.30686689145324],[1.3356782235698472,46.32533197346426],[1.365834569976735,46.30448004411027],[1.3668504887312285,46.27750394263198],[1.389628869599843,46.288591446021826],[1.429370286951919,46.2739872369237],[1.4255526811922081,46.26163639508579],[1.4411025291134822,46.2389722127608],[1.4664554192976824,46.22755963772103],[1.4794592526997272,46.17406234184611],[1.512906128623826,46.160514209504775],[1.5188938773803506,46.12844997686444],[1.5033566303975474,46.10290725238074],[1.5052469313291115,46.06435704346772],[1.5258872039012268,46.028348715314806],[1.558351720870852,46.01272051775487],[1.5500128298489422,45.96611347712047],[1.5672923351859116,45.94693086667795],[1.5240471253558834,45.93358458110666],[1.505181804108732,45.91492733760974],[1.480389461317536,45.87033856494688],[1.4429744614566007,45.832909020981916],[1.4202189032439805,45.8415816557743],[1.3739979446183745,45.80162423064511],[1.3474659073345596,45.804456553359834],[1.3334895456631664,45.79359539278231],[1.3750452451405546,45.75879445346217],[1.383621535312478,45.729939761452464],[1.4039108809747955,45.7235968226979],[1.4433371887005733,45.699235294693004],[1.3842884378003986,45.65832663981173],[1.3573115001465597,45.66915518691746],[1.2957152284567748,45.66931297750174],[1.28370014496843,45.64015615621673],[1.2635227726938583,45.62527514013759],[1.2477166500510388,45.63161366193013],[1.2134750853871006,45.6201771198826],[1.2109808503481168,45.649404468040366],[1.1298301977568515,45.656838843924426],[1.1385587819649974,45.677536964018046],[1.118206573642103,45.67959582660876],[1.094930667596301,45.69558690897489],[1.066421277214015,45.695021122579064],[1.0451403245021573,45.68363834087363],[1.0138873972883606,45.705982691454345],[0.9631131316571184,45.71527185332357],[0.9272153446563469,45.70846910533407],[0.9136537435170244,45.679381056796274],[0.8800346691358647,45.68281304457298],[0.8644440691654359,45.66855694144369],[0.8368832428080678,45.6683206231862],[0.8192779491842144,45.65450579483766],[0.8005294654948707,45.669833315105436],[0.7943327684904612,45.69087755075115],[0.814216581760148,45.718984617059355],[0.8001503323209804,45.75961013526416],[0.763873042616227,45.772365664308026],[0.7449194893838227,45.772131246171],[0.703528859800979,45.793362637922314],[0.6683853894068821,45.82025488051309],[0.6253594136124628,45.803546230401146],[0.5995528109263102,45.807184445051945],[0.5851531823446035,45.798120227540586],[0.5069780037611386,45.82138136192968],[0.5068004370891499,45.856827772502385],[0.5421979851676791,45.85432343703182],[0.5460834754850189,45.86608882061118],[0.5200267152771872,45.9002466179699],[0.4822799350745776,45.898430692979375],[0.4813667602012871,45.88452965400453],[0.44876341669789627,45.883909113392555],[0.4305062220560655,45.899673524447834],[0.43309430354117223,45.92188239414909],[0.4684559102481012,45.93310787359724],[0.4792460807300172,45.95193378684661],[0.46694027171560726,45.968923913840165],[0.43928614683898315,45.969123011362605],[0.43690509723709525,45.99964881514687],[0.4503268144759496,46.00936066410034],[0.4319511656623179,46.03334083474797],[0.4436366453844302,46.052891572276444],[0.40356501180789894,46.06492612411189],[0.38986785602939955,46.09297838299717],[0.4037311299320104,46.106515303782594],[0.3643806566126908,46.13201546956317],[0.3509727917097637,46.1629300806394],[0.3089430288544238,46.158625084242516],[0.26634260421638856,46.1989262292321]]]}},{"type":"Feature","properties":{"organisme":"CPAM DEUX SEVRES","feature_role":"zone","svg":"027_Deux-Sevres.svg","source":"Canvas utilisateur + SVG exact","flat_map":true},"geometry":{"type":"Polygon","coordinates":[[[-2.004535733817937,46.96917920095775],[-1.9666411294096593,46.972823797756746],[-1.8948525256283266,47.00074603114402],[-1.867849445326759,46.98711726773797],[-1.8483301703436088,46.996274864739505],[-1.8191063430835672,46.98034218329104],[-1.777303082877381,46.997707230292384],[-1.7436477730609339,46.98918359984735],[-1.7139990511602397,46.988713661155735],[-1.661284141544811,47.01701321229715],[-1.65096025310464,47.042575117278005],[-1.655192002513256,47.061978114837046],[-1.5877483648031587,47.08399973951414],[-1.5534094089515411,47.08368607771155],[-1.5549924411525038,47.06848288515621],[-1.5174559248991892,47.074112813376175],[-1.4882450915363152,47.07219519843171],[-1.4700795353230893,47.09020265001678],[-1.4432501765794379,47.09662440595942],[-1.425912597128165,47.09003432470252],[-1.3696523222455794,47.10522759043761],[-1.3208697428092737,47.1100100091759],[-1.279778111795408,47.099739838464515],[-1.2612450425938921,47.113061179649414],[-1.2268083160568337,47.10531343742082],[-1.2544207166669066,47.07228090010122],[-1.2219891424784988,47.072523056317124],[-1.2016570528621822,47.056306598128934],[-1.1740718697427723,47.067407468855045],[-1.1518025920780242,47.012362771799154],[-1.1366175846929911,46.992542684987484],[-1.1065194899600597,46.98794247643837],[-1.112747662181743,46.9550868799049],[-1.0895658696789092,46.934147867383146],[-1.0755747979577786,46.90140379612713],[-1.094660806672766,46.87214834998373],[-1.0389409374441516,46.84380222316619],[-1.04833999039633,46.82480181243902],[-1.0740324165444746,46.837919047598916],[-1.1138595560508966,46.82145515963903],[-1.087100029689584,46.80100440487689],[-1.0891338154382557,46.77660509039794],[-1.0812777009889654,46.74146896496018],[-1.059485417394333,46.73963582426642],[-1.0251790891515968,46.71551030626853],[-1.0646312195647392,46.69907324977522],[-1.072558743907774,46.663764007401575],[-1.1077030450331045,46.64328639718229],[-1.1002617120355673,46.63267089937255],[-1.133772531387679,46.610080898725464],[-1.0929735058344554,46.60647318172784],[-1.0617159552170166,46.58751359474809],[-1.04096174156125,46.59155608684278],[-1.0437900937613425,46.56042928424422],[-1.0732679918163721,46.54167907162291],[-1.0564520430145652,46.521046310646085],[-1.0721907003503055,46.494833016156655],[-1.097643698221714,46.49651492224474],[-1.108964997182946,46.438304945931236],[-1.0824383396329984,46.44399065043891],[-1.0753913543062723,46.41601989898631],[-1.0822260844827818,46.37630581823421],[-1.0639027775466727,46.3559692684534],[-1.0423957144569278,46.35182132482767],[-1.028114418226463,46.33653891937634],[-1.0494881009059336,46.319046200169744],[-1.0328211255877875,46.310800401630274],[-1.029747414327884,46.2881979545427],[-0.9815767407429917,46.2642125471644],[-0.961081884542268,46.291690543656074],[-0.91928741438629,46.31157446627093],[-0.8796298740133474,46.29316285861129],[-0.8855176013248485,46.27023880123525],[-0.9037675833916217,46.262702361542985],[-0.8824999793475002,46.23683694467902],[-0.8958871752377517,46.22403514772144],[-0.9282037611430175,46.22457533594559],[-0.9127056848710753,46.18536777401095],[-0.9442055312989361,46.16627022891606],[-0.9501347166103179,46.13864556072934],[-0.9183018528851683,46.13321096894717],[-0.900161880719066,46.10823560044211],[-0.8665168993785866,46.099241184335554],[-0.8315342934731242,46.10945070129308],[-0.8371738088787641,46.08915508897562],[-0.8621592718849485,46.06091914132493],[-0.8554993954467541,46.04324989882877],[-0.8759627807295706,46.03019543473535],[-0.920394496189101,46.05192185199538],[-0.9582481135504777,46.03996252486742],[-0.9863201107406039,46.04086232000022],[-1.0426544276208973,45.997144090081356],[-1.0965918667939323,46.000134796589606],[-1.0853986798610806,45.97155809383956],[-1.1106871921772854,45.962697172993366],[-1.1062813568123646,45.93400252325801],[-1.1708935124887099,45.90847744496704],[-1.206611898098776,45.91814767407915],[-1.2080454405571892,45.93672149681023],[-1.234619875366228,45.95101610993803],[-1.232627304260455,45.97693434991322],[-1.261763662283279,45.96780185842915],[-1.2676111014292761,45.98707752329924],[-1.2869035678427116,45.98668170850343],[-1.3501202036604054,46.0003622274506],[-1.3593630207207497,46.0240689454981],[-1.4112503401546874,46.02676697829598],[-1.4445461998809186,46.01919295191313],[-1.4543229920673477,46.038111942404846],[-1.4853042096144424,46.02819974287456],[-1.5074885470312498,46.03832089969311],[-1.579554080201902,46.05316338332374],[-1.6240353413902222,46.08622885771122],[-1.6386188964333874,46.090928658078006],[-1.7153340929346759,46.08369741622272],[-1.7243104566297338,46.108235821508025],[-1.7527272093324207,46.11759188490302],[-1.7838570957384774,46.14971046167892],[-1.7900695498531967,46.16952589244038],[-1.854057162766296,46.19659150734513],[-1.8377571522539307,46.21974707888517],[-1.8524676453102575,46.240810897272624],[-1.8532342505355714,46.25923246337246],[-1.8231816540201702,46.25737868089421],[-1.8213803619388025,46.27064306955847],[-1.797409838900461,46.281545718871286],[-1.7710285611905305,46.27228799704623],[-1.7457608946568803,46.273400433134185],[-1.7335858896548604,46.29509027001125],[-1.7003234309996673,46.305374678138094],[-1.6985865993263072,46.32053002299131],[-1.6549992035383838,46.31891193904634],[-1.6298367595124077,46.347318162581104],[-1.6595796323810645,46.35418491594167],[-1.7060680527986343,46.37580405813513],[-1.7172489560707265,46.35111832754217],[-1.7381240570699092,46.378286784073744],[-1.7341810736041319,46.39532059972023],[-1.7152050289818521,46.40234264800933],[-1.7123300506460573,46.42639754404129],[-1.7220096760106611,46.46435609191041],[-1.743249559034838,46.47598850434969],[-1.7216020322659202,46.49848429851781],[-1.6980399518868095,46.50236002483892],[-1.7029676072338713,46.533075307660226],[-1.7218119744548657,46.54892551913073],[-1.7085263662153183,46.56053540056282],[-1.7245020721316382,46.57880888122945],[-1.7109732527204164,46.59448021744072],[-1.7321551141622022,46.61235605535134],[-1.7357446101942575,46.63868019891161],[-1.781301647396099,46.664412767314225],[-1.7555314541519371,46.67932478472407],[-1.7689401047850615,46.69668464250753],[-1.8018974109888592,46.71616496082187],[-1.8305861525410423,46.749717419024755],[-1.811350272348717,46.80635121793256],[-1.8366110556796602,46.80669684455197],[-1.8880181566560503,46.82901535660213],[-1.923521844607796,46.867498678789886],[-1.9413241368661591,46.87289506604152],[-1.925472279149871,46.8935420213883],[-1.9383101449312865,46.92458098668509],[-1.9623309153982205,46.938368770864535],[-1.9844715642303112,46.93597053268227],[-2.004535733817937,46.96917920095775]]]}},{"type":"Feature","properties":{"organisme":"CPAM DORDOGNE","feature_role":"zone","svg":"028_Dordogne.svg","source":"Canvas utilisateur + SVG exact","flat_map":true},"geometry":{"type":"Polygon","coordinates":[[[-1.18662075430528,45.05943084378863],[-1.1751875042857887,45.08854990270838],[-1.1834371352084956,45.098237470197226],[-1.1395747887982584,45.11403121878145],[-1.1628612739261661,45.1309893907508],[-1.1401216688874989,45.15414340081999],[-1.1365758063590334,45.1651653357588],[-1.1080980555167863,45.172419857964066],[-1.0886319974898713,45.19168220455572],[-1.0651473534402105,45.184814144732954],[-1.0436539171798596,45.192973501509954],[-1.0077238738068357,45.17210438530029],[-0.9655080554161457,45.20303697870223],[-0.9581200913409343,45.22078298881126],[-0.9299989983738663,45.23135852708663],[-0.9122243194114514,45.259750187709486],[-0.8848933978700644,45.258981121798044],[-0.861491897674752,45.27593875377164],[-0.8665748840828239,45.306434102587744],[-0.882381183101778,45.34614788472345],[-0.8530663904472623,45.40504407522234],[-0.8360002308994933,45.41241078972793],[-0.8219672233249746,45.44073689484217],[-0.7707873021165842,45.445863352332026],[-0.6907417238108858,45.48540759579715],[-0.6562271471197286,45.524921928834786],[-0.6241582389626908,45.53021871805994],[-0.6134262309475272,45.54022845597188],[-0.6195526573988329,45.56050869970653],[-0.6040339601224879,45.58949218707009],[-0.6206212689739512,45.60666236545052],[-0.5831668516711098,45.624520904295956],[-0.5561817878353851,45.62397795932155],[-0.549316179347001,45.64337167960538],[-0.5167851696906828,45.664287161934006],[-0.4844238494012301,45.710965727490105],[-0.45858224355715344,45.683714226198155],[-0.40824113087093855,45.68228828774548],[-0.39311910272700024,45.69062063913942],[-0.3660884314653166,45.68615366790376],[-0.3433893938754783,45.66263182904951],[-0.3306155197535755,45.661959549923154],[-0.34394597279222155,45.620358336247584],[-0.3560081367250868,45.60970447987909],[-0.3255762843609476,45.5811280187922],[-0.3012091754933367,45.58659267588611],[-0.29279258542351166,45.56507066704386],[-0.2601190551320914,45.57200957312858],[-0.24263871982607546,45.60415595887146],[-0.22639341258271486,45.61354259351502],[-0.20172653931628193,45.59083607918912],[-0.15042503117614456,45.605703605955085],[-0.10899182708675258,45.596261908703326],[-0.07025929869139202,45.60224282926746],[-0.056967303227837905,45.59199097306745],[-0.057320753515348155,45.56352766649282],[-0.0445564240227651,45.54730003180913],[-0.01597897507585986,45.534558733114636],[-0.009923817654503644,45.52212663959123],[0.021542266911095693,45.53383957638352],[0.05032712375795666,45.52853800387787],[0.08151380934016737,45.51285900437589],[0.048635320345634864,45.493205914768104],[0.031706305585573635,45.473403126129284],[0.048640950621920795,45.4555831540041],[0.07842478015946061,45.46066455169656],[0.10207153452982018,45.439350490733354],[0.12612932969706292,45.44771549395611],[0.17210629173302808,45.427979094220355],[0.20950178298430186,45.4089952387058],[0.17905136965027305,45.37944548441174],[0.20034280176457803,45.36489876855753],[0.21728669464186712,45.37586547009499],[0.2467532169105137,45.35927373193185],[0.23827518132628464,45.340102707532026],[0.2102366602975632,45.33272948354714],[0.19299125789015598,45.305279456846634],[0.15430725160550762,45.29854031718626],[0.16044386486813142,45.2759125191384],[0.14536697883748506,45.24549901815919],[0.17430772669737618,45.227533648487814],[0.19522473992648984,45.22997119601277],[0.19532744573516922,45.209685064826765],[0.15237433826425373,45.19283587474674],[0.15108856917136834,45.1668975802089],[0.19506037147386734,45.169616126187265],[0.2140330520208707,45.1553581025941],[0.20695142058074345,45.14413965467933],[0.1748482540242226,45.12636844573605],[0.21189557532528025,45.10827330764798],[0.24077292308774384,45.108475861426044],[0.27731769675437234,45.10007011676527],[0.31210518258371817,45.10196160897692],[0.3412570489311481,45.09094423698807],[0.3377027918027554,45.077755241668655],[0.3135246097366974,45.06730736556985],[0.33459178902761066,45.03185753927576],[0.32773293682384974,45.02367400944078],[0.37883476027026963,44.979161452082565],[0.33787734187970925,44.96486272747662],[0.3637019801741699,44.89331782492462],[0.3396440166131541,44.862137997524336],[0.3704723792356245,44.84111192887202],[0.37041643311208383,44.82627868580932],[0.33375863817348356,44.8127719782668],[0.33075461200218603,44.79909254202155],[0.28816834812523584,44.78972136510198],[0.29110862745557475,44.75879462012032],[0.25328203429390456,44.75327654448117],[0.2233768638226869,44.74295620015474],[0.21987913547658772,44.722713556161686],[0.24786209970841086,44.70942620192512],[0.24084886003969483,44.683182032944856],[0.20242015577930608,44.657011815141985],[0.1696931285164601,44.64825568473695],[0.14483148480124913,44.62332016003321],[0.08623240843122226,44.618531037624194],[0.06299334010442381,44.60818360995625],[0.07055960877353468,44.574834679455115],[0.009698843847256174,44.52311712373228],[-0.011884671863836543,44.50933418859957],[-0.01386092022141061,44.52864848709179],[-0.07550206564388137,44.547945609290345],[-0.10073886877403015,44.57221486477651],[-0.15555947890532643,44.574666256618904],[-0.20591320842611682,44.548270939774056],[-0.22766657006256869,44.529430794498026],[-0.26062572585282606,44.5328935710973],[-0.26202886667534886,44.549162958378986],[-0.28349491720491127,44.56059164513602],[-0.26319099709135346,44.572959750664246],[-0.25586511215485247,44.5993499188398],[-0.2741298417503763,44.61250428518096],[-0.27321721220140294,44.62933927127288],[-0.3040400995809258,44.639651123407184],[-0.322785061533036,44.62009087059475],[-0.3761450772847316,44.612100493611585],[-0.44780067797497275,44.61238853849995],[-0.4551530165775641,44.633589317726745],[-0.4803353244179154,44.642242410247974],[-0.5016954963149358,44.631904184859906],[-0.5359674372568107,44.63031665557127],[-0.542955597193523,44.61003191240656],[-0.5684124929228195,44.5990596336828],[-0.6005498764813587,44.61338514636502],[-0.630102427022286,44.60090089891547],[-0.6479726289311464,44.60388331990425],[-0.6740634121667534,44.58593735794661],[-0.7036051139329192,44.578917941704084],[-0.7546995983912346,44.59446332169818],[-0.7750903330744162,44.59325494019947],[-0.7646869670321764,44.625993155863085],[-0.7847969588894574,44.63864534886001],[-0.7789211239865746,44.659309429016446],[-0.8031003386538019,44.685738381490715],[-0.8304503907691612,44.70113473375404],[-0.8548203837973277,44.723360679236414],[-0.866012842467524,44.7687063046237],[-0.8446232548821903,44.76604255848309],[-0.8121021799686,44.78923336238393],[-0.850042992910022,44.811873475758205],[-0.8935930841658809,44.81405640349881],[-0.8898062753816441,44.80061581576515],[-0.9264589527424827,44.781641576984256],[-0.9405261808987158,44.76255014021812],[-1.0313017212839308,44.77471176627486],[-1.093987329521682,44.765796405552784],[-1.1237851562041692,44.79216172273681],[-1.1664871231428386,44.79308332065293],[-1.1075312227336451,44.861949894333534],[-1.1403624643312418,44.89563210326486],[-1.1237195852777186,44.93055539545277],[-1.101777883383929,44.944580401755815],[-1.1063209237740022,44.96324313599806],[-1.0671597231894028,45.02585898201389],[-1.0775201162579546,45.05282513583668],[-1.1014621340815067,45.07358488295078],[-1.1481509421215403,45.07782221940579],[-1.18662075430528,45.05943084378863]]]}},{"type":"Feature","properties":{"organisme":"CPAM DOUBS","feature_role":"zone","svg":"029_Doubs.svg","source":"Canvas utilisateur + SVG exact","flat_map":true},"geometry":{"type":"Polygon","coordinates":[[[4.583694710305661,47.28755641590267],[4.619007682215258,47.286224447503336],[4.661514110545094,47.30210518875086],[4.673167693309356,47.31511235886412],[4.736321544786239,47.32536053196645],[4.753142493329124,47.34066705131411],[4.804370455374901,47.35878958067632],[4.823372348207284,47.37320993763545],[4.864141062648916,47.365264434591815],[4.87873290612329,47.35353809866497],[4.932935174081831,47.366316344096205],[4.941047551636292,47.37452346514853],[4.984281302591907,47.38372447594133],[5.024698230219861,47.42743740852907],[5.067488571320151,47.41968228626049],[5.1105845054886405,47.463804006306006],[5.138681510870486,47.45571036616129],[5.169346422132603,47.45928827498643],[5.176865413493239,47.48208633536445],[5.194361679306441,47.479897985905005],[5.251086986465747,47.545780087843],[5.33860648690975,47.56219088148811],[5.386834688971948,47.552946364921546],[5.399951119960395,47.53652727881593],[5.420933638842015,47.546313461355076],[5.444606403419219,47.536714056228895],[5.461556921179504,47.54689559393993],[5.481605070447377,47.532966366094314],[5.502567520508381,47.535930327334086],[5.513163774102773,47.55131325932742],[5.4969387851214515,47.57554298701517],[5.510659021423755,47.58726776850271],[5.541731133740489,47.57302879727657],[5.579386104518133,47.57838048553491],[5.603974467008111,47.6024477577732],[5.651541825021248,47.59740656395167],[5.676168673961824,47.60187256869155],[5.706271531438868,47.581915981766166],[5.737867239745726,47.594230877875155],[5.747809795385443,47.60834031061921],[5.758013922838342,47.59264276172373],[5.804433574988247,47.59244390232211],[5.828231035112899,47.60083335533701],[5.85159818338645,47.592513857449525],[5.855892907191522,47.569411309967045],[5.894306335819884,47.554589111014764],[5.878270527295566,47.540609490210784],[5.85382807122584,47.536453980235514],[5.8640434662795515,47.509526500157186],[5.8799606049556195,47.49578945026493],[5.888672953690841,47.472087967375884],[5.886510344921257,47.44314513227403],[5.864636263627709,47.44252571552114],[5.858100465139071,47.421451190166025],[5.830918573874494,47.40962854648904],[5.824642400477727,47.39245226040224],[5.866841794517071,47.38944501815432],[5.945370256647051,47.397974803540244],[5.964170321367516,47.40850831073096],[6.003739146870671,47.395783943826046],[6.016930988048751,47.37832955270559],[6.000164233978057,47.36006621250084],[5.9686054073014505,47.34575511670854],[5.944472784900355,47.32653803209492],[5.891705496924428,47.318037236093275],[5.904811712928796,47.27196949211002],[5.889618440954138,47.25887140556299],[5.8284460791167545,47.22659639701857],[5.8032674524968595,47.18707858168124],[5.7423023776475866,47.149125039074114],[5.704002479371923,47.13941508432131],[5.678959060299649,47.126875443257305],[5.680254297901783,47.10890325765344],[5.655807610804064,47.10653169685115],[5.628336018503768,47.08285568800344],[5.65198389893598,47.06438490214524],[5.636882112704241,47.053645991179756],[5.596941602917571,47.04200520095889],[5.567734918092077,47.01032545474185],[5.525112556055386,47.003091887691404],[5.4971711619906145,46.99116834295456],[5.447005839626738,46.98057839923352],[5.423727661693128,46.98397679724587],[5.3711771290001655,46.941366447806516],[5.356591101871148,46.93542387458771],[5.390277549661533,46.89497682090219],[5.385659347617653,46.854182507459804],[5.367410721498156,46.833648974907994],[5.359326050033678,46.800928716056575],[5.384331076406408,46.78732225076666],[5.350122982123309,46.751507242695],[5.317719262247473,46.7444195164723],[5.314301581923811,46.73394052310661],[5.264999679039796,46.70567476409946],[5.20255942275438,46.683536490572436],[5.142425185517539,46.63781529461477],[5.087401963473031,46.60139716265926],[5.036815884173316,46.575932263651445],[5.019421069117483,46.56105053112858],[5.048260242761645,46.541451490549115],[5.04125064861912,46.537274462220246],[4.953936754850651,46.59396301557422],[4.9650211973176175,46.61347021142788],[5.013656838809599,46.63949059725941],[4.975983285847538,46.68061227499143],[5.0212731816926715,46.700114849430705],[5.04957793193963,46.71878732840234],[5.0919073002799875,46.73625680987877],[5.097118283808472,46.75063183589132],[5.119569833500649,46.76236744979481],[5.0869162565658925,46.79830341114997],[5.043154937380163,46.8254095041429],[4.997683612503708,46.84189503068679],[4.971039348344015,46.860606588971706],[4.937747186876001,46.84978969334731],[4.929522893890666,46.86508044786122],[4.9079729261525005,46.874454238237966],[4.914164568805718,46.89127886955278],[4.88350136430372,46.91178664512867],[4.898043335301278,46.93835502649156],[4.863844440322936,46.9536254644386],[4.8803146489143785,46.969997871295895],[4.868441565860859,46.98788631875772],[4.84411128256354,46.996735596311154],[4.826749866875317,46.988856629821406],[4.807932881270124,47.00774674245074],[4.731806161662933,47.01735579785161],[4.710347647660384,47.02509739131927],[4.70164771486927,47.05724259642128],[4.678091494882406,47.029444454807674],[4.638007781526476,47.02569269155658],[4.628854328362992,47.040349993868844],[4.674883578146186,47.065727324610556],[4.657754412963987,47.102166917403615],[4.695524633895379,47.12764262820297],[4.712369715041814,47.160608485253434],[4.7025882600631554,47.186631528508535],[4.67500584365933,47.190712715466084],[4.676110998418121,47.20663641520691],[4.650059487336213,47.212081472528446],[4.642056657792981,47.225632379215625],[4.606654358074278,47.23998897280463],[4.605791038426695,47.26163672466567],[4.583694710305661,47.28755641590267]]]}},{"type":"Feature","properties":{"organisme":"CPAM DROME","feature_role":"zone","svg":"030_Drome.svg","source":"Canvas utilisateur + SVG exact","flat_map":true},"geometry":{"type":"MultiPolygon","coordinates":[[[[3.5343704548719974,44.345061199452395],[3.5504853165666623,44.37316978554989],[3.5535389203831986,44.40675311344088],[3.5863310264977377,44.42982132113756],[3.5865455163743603,44.460933877916865],[3.577059805357172,44.4710023744027],[3.5791628037048864,44.49640352992809],[3.5948352712230407,44.5129908727945],[3.5793357394392222,44.53942383617036],[3.5980660094028574,44.56667581509071],[3.6305284965282385,44.57447900704844],[3.6296725364372513,44.58889240985362],[3.6649285084857355,44.63338588977042],[3.6721685046884796,44.67424365634469],[3.6528329418857646,44.713581030306244],[3.65063615969538,44.768200470623796],[3.687056125340929,44.79172948790958],[3.7142125074955823,44.839392918131054],[3.734895613577966,44.84364269648197],[3.7538363058832536,44.874599754344935],[3.7520731560625857,44.90782061313417],[3.781051899623604,44.941297588823204],[3.7705842883305696,44.963009515307604],[3.75423257060521,44.97420129161193],[3.7447614719229683,45.00465531964633],[3.7304437707879736,45.015298742463024],[3.7331291374622837,45.04811223581325],[3.754507972049684,45.06900655677117],[3.723860469194861,45.084561508274795],[3.71923385522324,45.118289159360195],[3.695120894616386,45.13912872512691],[3.695053459767336,45.15102384823306],[3.7208650693225196,45.1760216936815],[3.7046534614500684,45.18306567759744],[3.695187702635582,45.21541828225468],[3.70331190426186,45.22633966907187],[3.6927389982315386,45.25022323269549],[3.6999839511859642,45.28566036335378],[3.6997274998209138,45.316860888496265],[3.690269576787694,45.325824000835176],[3.7515275359166527,45.337331999570246],[3.7735577765840183,45.32471113708457],[3.824059760144877,45.35198817309028],[3.8587626649263376,45.35952873558008],[3.8884717944743725,45.37514597016514],[3.9099937029264518,45.37332782844605],[3.920802055177042,45.34997873426723],[3.9570342529337514,45.34902428058214],[3.9793550094458507,45.309727915263885],[4.045640193018954,45.325289573835406],[4.027845497899615,45.27452487269211],[4.085786137666835,45.274873924528585],[4.094297041662922,45.25670091243865],[4.074111987250535,45.22345033311998],[4.098716095287291,45.193303747977296],[4.097713845871279,45.139917210978275],[4.071995913922629,45.116076731826894],[4.057071425773396,45.091446087147446],[4.08082511253488,45.08498346916169],[4.093537220200083,45.1018424150325],[4.138530990930525,45.09603102944983],[4.161970187552267,45.07682561148457],[4.216931608373197,45.07885029577697],[4.234276245607226,45.067143954645715],[4.2624477471080615,45.06564309379798],[4.3092680355519315,45.051311759713386],[4.373693661613771,45.08829001525446],[4.383775952038114,45.10270560313305],[4.408523714613689,45.10225460642058],[4.391036328325454,45.0702908099159],[4.406157748522682,45.028202327986314],[4.419511061667046,45.00989748199929],[4.403396302757036,44.978330673530536],[4.409840206410026,44.931298459348156],[4.401024557058413,44.87336129875214],[4.389324865432662,44.82925679291267],[4.411383256806412,44.826284371236696],[4.389833643479558,44.793753474399544],[4.4681659625745995,44.77500023421587],[4.513819684921885,44.778941769467735],[4.515798275306201,44.76570327206677],[4.561265281701762,44.75228889161745],[4.582412615045587,44.72237259053909],[4.647177302045052,44.71933572931589],[4.678842401160956,44.710481381167625],[4.698162660688281,44.69324461522887],[4.744756879651792,44.70483634588196],[4.771744128773711,44.69810346295699],[4.77041012213974,44.682639089790044],[4.742710477058257,44.67007465542729],[4.733545760701078,44.64816241225991],[4.694953470226852,44.657957801929136],[4.665711233244612,44.633126481758325],[4.57702284956755,44.64505560623289],[4.579490849012308,44.601292703088035],[4.5520553972673445,44.573024508743856],[4.530663489285978,44.53073219611375],[4.562367161161361,44.521682209805036],[4.601527928272043,44.48727789048621],[4.565029104748122,44.48634637629256],[4.550965628597322,44.45614096012674],[4.537688913600873,44.44849562126361],[4.494291146355605,44.45812581298482],[4.44598690930495,44.47538728530402],[4.407467849121288,44.47505557933557],[4.38532743373956,44.44838687936607],[4.391391393339942,44.42908386302004],[4.4270384661024185,44.4180782534056],[4.404178401811175,44.39933494221847],[4.3733294949982024,44.41202927642188],[4.343220955431432,44.40457510262448],[4.369094329634059,44.369014073779965],[4.36069280028749,44.34555839567303],[4.387720815631584,44.34485885303853],[4.396986151551007,44.32707980124574],[4.421910406875004,44.31205513446603],[4.452049472955062,44.32504816975086],[4.468493939768412,44.30842229906621],[4.552349075053958,44.30771497691132],[4.542925353928982,44.28230435469362],[4.574158850314323,44.2731229030631],[4.568119899763631,44.25725772075861],[4.584501445861799,44.24437586675429],[4.614662167242345,44.24773459360981],[4.611425747155359,44.2099643929314],[4.620183933412645,44.202649189632155],[4.614799219891139,44.15874366287851],[4.589107084723693,44.15665539306933],[4.58432531510986,44.13198137184674],[4.621926928003402,44.12891563724744],[4.617666839003193,44.11075785189867],[4.568303364502817,44.11610757224727],[4.576567134994628,44.13332249718782],[4.5449312712001335,44.15494324742321],[4.509842150236362,44.15464222872948],[4.4974817502169975,44.13643227084861],[4.517089703614696,44.122473198190974],[4.48384971710155,44.1140287186325],[4.472458078657337,44.09536935329909],[4.4287348175866335,44.07769465627214],[4.382399062067698,44.081185654226],[4.36229961152271,44.11540972787253],[4.307121254864999,44.11897546916211],[4.308302271875584,44.167422761726016],[4.276214073672968,44.18037074017289],[4.258153467339474,44.16980345269279],[4.211245898707752,44.18114417703606],[4.17361001984446,44.19745793176314],[4.154374459030602,44.17956567904052],[4.087922409404342,44.18724829407312],[4.066790506929316,44.19788473098991],[4.073722037995531,44.21341540682537],[4.061165510883472,44.251979063831115],[4.079495103579799,44.262612944419814],[4.085204190032504,44.28099865281017],[4.013637662308741,44.24905609461312],[3.9841907867673063,44.253721441112795],[3.967332904473062,44.279095007536775],[3.9095567704992273,44.25617803782145],[3.8842477503114394,44.254024979858976],[3.8333025032705024,44.2297623431944],[3.776688217994496,44.22878369665675],[3.721719528097803,44.19341143080129],[3.7085013217000435,44.197572945828334],[3.7069078800628743,44.22445039399434],[3.6967689806416515,44.247972205987836],[3.6982161655412695,44.27329237423905],[3.653658652273691,44.295812307308985],[3.6093630393581684,44.29699948229525],[3.566184105965265,44.29020904810123],[3.536286886164432,44.299917861117855],[3.5343704548719974,44.345061199452395]]],[[[3.768473680712304,44.32203909544581],[3.7935094662417272,44.309913493438],[3.779154234301972,44.29588113171131],[3.7874671850687744,44.27385866191789],[3.8218212497661015,44.27907120130761],[3.8811918962198244,44.267374864080764],[3.9280036579419852,44.318919161885844],[3.9318558465713944,44.33681523553233],[3.9581323682367127,44.338879979447974],[3.954651149473861,44.356401258165775],[3.919915818388705,44.36843907817242],[3.9172928804370972,44.38173969544209],[3.891266693579163,44.40051578973472],[3.8646551084974523,44.39903271947916],[3.8176287983114596,44.38382509910907],[3.805255675096037,44.34811702670575],[3.7908720170140886,44.338230226672216],[3.768473680712304,44.32203909544581]]]]}},{"type":"Feature","properties":{"organisme":"CPAM DU TERRITOIRE DE BELFORT","feature_role":"zone","svg":"096_T-de-Belfort.svg","source":"Canvas utilisateur + SVG exact","flat_map":true},"geometry":{"type":"Polygon","coordinates":[[[5.6747598625447715,47.75743312216949],[5.675736555224289,47.782195785841196],[5.7049867534728715,47.81846658404245],[5.732053959027285,47.83335572396227],[5.744656696353881,47.8513973424602],[5.7683824368523355,47.86196403692632],[5.770849119885439,47.839704007802084],[5.785582450320665,47.823401695241415],[5.85025054367163,47.80692110410781],[5.867490832873374,47.80816177848699],[5.899821396222155,47.78836880514565],[5.942456980355689,47.77700277893633],[5.969464594813963,47.755912429725974],[5.958063723552634,47.734048916954045],[5.97898233442392,47.70298427958719],[5.950258194060049,47.680839057345594],[5.935796928441788,47.64770319277138],[5.957340309970114,47.6195918207949],[5.9985588207261555,47.62864847235757],[6.021205643432688,47.61978538611102],[6.042294742367452,47.57637730305317],[6.073414223425439,47.56076524990531],[6.0677940451014525,47.525408736414334],[6.047581525280392,47.516726695441356],[6.000924364519752,47.514996738601674],[5.956591449011086,47.52611876807723],[5.9162667791637435,47.512510866885464],[5.93009616463347,47.47113708538273],[5.899724552478278,47.465266765640294],[5.868843278143118,47.45084140394765],[5.860138368508744,47.47451132343571],[5.84425937645984,47.48822798149168],[5.834052108236241,47.51511386414315],[5.858449259279771,47.519262159180926],[5.874462609948238,47.53322097174762],[5.836115222284652,47.548028186762245],[5.831832059729816,47.57109866677793],[5.808510289945763,47.57940667018621],[5.784753020766326,47.57102890701749],[5.738415607431165,47.571233122594805],[5.728229560690207,47.58690333753059],[5.726008309874229,47.607291576434655],[5.700082254721209,47.65275969074457],[5.721690474072516,47.66425874904108],[5.695405431149562,47.69849962885948],[5.701430825866848,47.718714755688055],[5.691541783535951,47.74397736571988],[5.6747598625447715,47.75743312216949]]]}},{"type":"Feature","properties":{"organisme":"CPAM ESSONNE","feature_role":"zone","svg":"031_Essonne.svg","source":"Canvas utilisateur + SVG exact","flat_map":true},"geometry":{"type":"Polygon","coordinates":[[[0.7715460451758795,48.5019288640286],[0.7899479394357078,48.510349681715894],[0.8024597759937566,48.544270039781736],[0.8237555189889362,48.561660325467585],[0.7904059290702075,48.57659422450365],[0.7941632229677126,48.59150297844964],[0.8350202830854231,48.58238409593384],[0.8737313573089371,48.5865374239373],[0.8733414313263231,48.59844647792874],[0.8917592913811171,48.61802591357253],[0.890475479039981,48.632718906782486],[0.9161139498131968,48.64699821706128],[0.8737433100939239,48.6715468963951],[0.9013113480872805,48.717209496657134],[0.9376733272741685,48.715254181618],[0.965775939237283,48.74445040739544],[0.9533901969753473,48.764458777401614],[0.9902973018891047,48.767427854712714],[1.0059079114571554,48.78414724393165],[1.0371749497306757,48.78817977850924],[1.0578011271401635,48.802124873446424],[1.0815771998980732,48.80700623421529],[1.0880225234290595,48.79708893811579],[1.1199236795269651,48.792480267972316],[1.1694656431354238,48.76156386037831],[1.1756643394714175,48.78000159363093],[1.2096065937465603,48.769933021914],[1.2256653781440983,48.751541048177344],[1.2690288559680456,48.749564679740466],[1.3097664339685027,48.75406790736562],[1.358209602259566,48.76729271704696],[1.370426127014293,48.761052481650296],[1.3858278024249708,48.731847948343486],[1.4086155948212615,48.72044654702326],[1.4263652965099878,48.72424157274538],[1.4400959542506175,48.7116362096338],[1.3996409970337418,48.70318644637147],[1.3885059934285542,48.6892245853488],[1.3809042757329248,48.644769303098386],[1.3988394513598605,48.63556319283596],[1.3734528555410581,48.61475444504512],[1.375083692410084,48.593935705794266],[1.354943137881484,48.556392440509114],[1.370811246065897,48.537301135863935],[1.357440200083983,48.51575928080748],[1.3633892758791073,48.460326469113056],[1.383209137050868,48.44653598183083],[1.3774099992206634,48.435673201247084],[1.3252064001252581,48.40681091742762],[1.2859451537452988,48.39212623014235],[1.2817872500149063,48.3672310720201],[1.2589707194349442,48.350517239965725],[1.2197224838579959,48.339157249825405],[1.1840960493636508,48.36254377894769],[1.1690184027795198,48.36020211932615],[1.1519577752115326,48.337443059260714],[1.094659752001811,48.345345535318444],[1.0804751797063974,48.36540966396857],[1.058821609618474,48.37351702382762],[1.0374199767001173,48.340354306156634],[1.0125089367577225,48.333012455197064],[0.9384710947720816,48.32171267863178],[0.9097190476421613,48.32345094293258],[0.9008693544692992,48.31434425108619],[0.851229279416032,48.31423817260338],[0.8324686314509786,48.314761668516645],[0.8163573292111542,48.33626718161822],[0.8370429332910623,48.34620403218783],[0.8269967482901205,48.36745857389925],[0.843717052031784,48.39008287640379],[0.8302854335296185,48.416823678787495],[0.8333590883757372,48.427437237045595],[0.7827222733653372,48.44059977363753],[0.7974157649187342,48.45319676405062],[0.778823929768149,48.48564178434593],[0.7715460451758795,48.5019288640286]]]}},{"type":"Feature","properties":{"organisme":"CPAM EURE","feature_role":"zone","svg":"032_Eure.svg","source":"Canvas utilisateur + SVG exact","flat_map":true},"geometry":{"type":"Polygon","coordinates":[[[-0.8542412269053857,49.44359454916937],[-0.8103573050111135,49.455525555111855],[-0.7790164425122099,49.458888233248445],[-0.713087842215888,49.475077894907905],[-0.6515979666931656,49.50146770054125],[-0.6149039511378921,49.49557760950276],[-0.5578194082264794,49.45056345882452],[-0.5291830011585187,49.4439590180598],[-0.4999110949984165,49.450198575132774],[-0.4728446800770427,49.43097885356428],[-0.4669967618033114,49.41601280693222],[-0.35307948471267653,49.433588697288045],[-0.3216582710556329,49.43222062411496],[-0.29735071702720384,49.40947687265291],[-0.26128149952520474,49.40997291949405],[-0.23550580120042425,49.39758599829232],[-0.20100872843066084,49.399804608361094],[-0.19738407355145365,49.35017936199601],[-0.23297685050778427,49.35779677777905],[-0.2554316849095507,49.353872167554556],[-0.2595263927879805,49.33809783103043],[-0.22871877397845294,49.326756215523396],[-0.22765544399524046,49.31247633768497],[-0.1813136477551612,49.332427750318764],[-0.15712806347749034,49.29489701160543],[-0.10039573707762808,49.25934064825816],[-0.05758880609475568,49.276316914728206],[-0.04674694105677883,49.29100087559105],[-0.0638230310413184,49.30650766260386],[-0.01687498960971793,49.32081577648647],[0.02632211165642799,49.32088847771273],[0.028340552741383914,49.337060909628846],[0.05383467935764798,49.35505080856466],[0.09457675751521032,49.364580718775514],[0.17150225754666493,49.360174952107336],[0.18603956364396662,49.37812785162216],[0.19345935315114923,49.41182794658055],[0.20910313290311883,49.41228505644387],[0.21062577703585236,49.447615710689924],[0.23771597776618877,49.45302388778411],[0.24800331700943626,49.46824948518822],[0.28296370822197386,49.47833986778287],[0.38678222273609875,49.47238832088927],[0.4145582386975453,49.45849895223314],[0.44060696336210897,49.46277721858631],[0.4909062740647122,49.4606364731937],[0.5234263640814498,49.43022869082811],[0.5382504739002056,49.434028442802614],[0.5785273418590648,49.41793401598011],[0.6359526517186904,49.42905926880695],[0.6427211268386306,49.41385610496038],[0.6838613206297396,49.385910965581246],[0.6995504965334554,49.350491027972566],[0.6930975926459995,49.334721805551126],[0.7014081047037611,49.31327447295552],[0.7298055755932215,49.284237930723286],[0.7160708665120397,49.258687469022505],[0.6895225408911301,49.27465749991227],[0.6581167089442522,49.28076512519152],[0.6328622783730466,49.27584224754672],[0.6265354672205738,49.241662865359125],[0.5947736730611277,49.218282064041816],[0.5847711435858366,49.15803074924517],[0.5758153143660584,49.1334299254355],[0.5540700888275624,49.11653876047463],[0.5265872015503646,49.07787316943089],[0.519121291901734,49.084831254795574],[0.47222695132589754,49.06885563023445],[0.45218470429197394,49.07163614937537],[0.3963504869970757,49.049356686822264],[0.37097412774497573,49.06107900985475],[0.35699389006565424,49.042427568327525],[0.36792465641092026,49.022488649532804],[0.38827721343648064,49.012540028584425],[0.3884175884573721,48.97231418134887],[0.4098055729093139,48.973232684739706],[0.414271013024606,48.932508663726466],[0.3719751035933735,48.92860074741964],[0.3583579322521605,48.914533642931076],[0.38261972006183437,48.886609987168356],[0.3655879107457946,48.85741204652161],[0.3176270797484208,48.84747462166651],[0.2681000543285908,48.81868826592173],[0.2641276327035423,48.79988726217219],[0.283808037534708,48.773876952097815],[0.22352792851896214,48.740983060672534],[0.2032499899930992,48.74784368014829],[0.17164978146606052,48.73704487724583],[0.14615798801386,48.74983034402985],[0.0816853412513652,48.75263627067755],[0.05514209561849673,48.74942762334605],[0.04732287913866812,48.766155937895775],[0.015007779755374612,48.76983729693372],[0.012238771273720955,48.73320353534404],[-0.01184161309645263,48.72686720324248],[-0.05044345045798861,48.73519614768076],[-0.09765197763028921,48.704631171997036],[-0.15300158042658824,48.7018438445841],[-0.15949234794831724,48.692351153683866],[-0.2150495216812416,48.685585704032306],[-0.24209622116763568,48.69058014857693],[-0.2574607552263498,48.660412761198025],[-0.2935416216664309,48.653535791273015],[-0.30702501627378537,48.64229664192653],[-0.34131029540260077,48.638272430051416],[-0.36040721939520265,48.64743983379045],[-0.3584118591658272,48.670226312599105],[-0.38231688069645947,48.69139035841717],[-0.3491875892506113,48.71337809390276],[-0.37468354921255154,48.73650484807838],[-0.36668679603372506,48.74551055395785],[-0.39462009263081516,48.763878950736306],[-0.4398614761120887,48.773333514237855],[-0.46121007734936015,48.787427944247796],[-0.5252873863550933,48.81301251326655],[-0.5221180104558207,48.83496599492287],[-0.5568972292236616,48.87758148101394],[-0.5836855720854043,48.85827990844486],[-0.636663550046156,48.860786637111765],[-0.6640736575368755,48.86987027705283],[-0.6877521117524719,48.86269855500626],[-0.7230300275155468,48.87099101017153],[-0.7215005520816641,48.8820674636872],[-0.7587555001652214,48.89433706212882],[-0.7539732781782764,48.9120519384975],[-0.7308936235369797,48.93702605190223],[-0.7141187062855224,48.95351099385694],[-0.7088615256751869,48.994628408290204],[-0.6959307558274945,49.00529272551504],[-0.7174182641356623,49.02317472384596],[-0.7549857982460726,49.025541686915744],[-0.7682167149375669,49.04142974519703],[-0.7665107770653466,49.06082510160791],[-0.7366346503510839,49.071148872656906],[-0.7452230036700304,49.09560544676507],[-0.7169868943963137,49.14482433279507],[-0.7599565121317745,49.15217093643123],[-0.7508624989838033,49.2097807472649],[-0.7805322672492573,49.217503548176225],[-0.8112297018864132,49.23386013363471],[-0.8284246084849075,49.25139932846183],[-0.7636404616910253,49.268526281125105],[-0.7657831410660122,49.28795555700466],[-0.7825668507598711,49.30143217492098],[-0.8266100183208236,49.30311892074083],[-0.8382306597106355,49.329797765507294],[-0.8263442725135218,49.34931241546247],[-0.8493067191082152,49.38165280074139],[-0.841894461943965,49.39921669705058],[-0.8542412269053857,49.44359454916937]]]}},{"type":"Feature","properties":{"organisme":"CPAM EURE ET LOIR","feature_role":"zone","svg":"033_Eure-et-Loir.svg","source":"Canvas utilisateur + SVG exact","flat_map":true},"geometry":{"type":"Polygon","coordinates":[[[-0.37010420567258495,48.294740304127934],[-0.35274600769570075,48.314376805037334],[-0.3177343642451525,48.32393949160867],[-0.24942692094475655,48.332117402096756],[-0.2228354307257766,48.34657808424115],[-0.1812991793356629,48.38092581782453],[-0.18623172469066196,48.39455327208589],[-0.17116041223214315,48.423350445924655],[-0.1951658374679606,48.45809765435987],[-0.17353786651862593,48.46532646394744],[-0.1760279598975073,48.488115542749405],[-0.1627231018464597,48.50960349254568],[-0.20917203024169895,48.523789736615704],[-0.1922340245048347,48.53746183713259],[-0.24227039412446041,48.56009023499747],[-0.26708486248913005,48.561347189072684],[-0.2861756224110697,48.57272304160997],[-0.2893960031523456,48.594349392127924],[-0.3197657367225211,48.60640991708872],[-0.31028013790236253,48.62156976750318],[-0.3230575033236556,48.663360193903515],[-0.30957517249323846,48.67459156282652],[-0.27349855741177465,48.68147467597085],[-0.2581107122737599,48.71163106502496],[-0.23107816208773266,48.70663404332904],[-0.17549910334823735,48.713403054660105],[-0.16900890699474827,48.7228885208513],[-0.11366136350196439,48.72566530761545],[-0.0664267203417318,48.756228938068645],[-0.027834589266446656,48.7479054751006],[-0.003752976259226399,48.75422730989338],[-0.0009813485170630104,48.79086035611774],[0.031344679468611955,48.787176126766624],[0.03916152625396386,48.770460159777414],[0.06570051703956323,48.77366085037643],[0.13018100811263505,48.77085319451427],[0.15568221106107494,48.75807888681867],[0.18728724532984675,48.76886733270347],[0.20757147634418507,48.762020098796775],[0.26785459692179436,48.79490347069813],[0.24818600835262336,48.820898461223976],[0.25214137730543323,48.83968775936539],[0.30167708243375724,48.868464933680656],[0.349640220966418,48.87840339907694],[0.36667974787972596,48.907586416326296],[0.3424168004030453,48.935501004465856],[0.35604289992596433,48.949565016646915],[0.39832993760650914,48.95346891718793],[0.40450171278746716,48.939263097813146],[0.4374164103118705,48.933292600801764],[0.4373804202500914,48.91730168593505],[0.4595372464308299,48.89135081078764],[0.44561448311259155,48.88109874601071],[0.4828883136982001,48.86284593382748],[0.47836596516441504,48.85156405028116],[0.49314152830486885,48.820437887304905],[0.47688856241288835,48.79459041548321],[0.48949248040027304,48.77677067132835],[0.5304039683313211,48.74998155332329],[0.48128876855928815,48.7007748306811],[0.5152313500272414,48.687884999148714],[0.5062318795861462,48.65922306701346],[0.5572977771477343,48.63377887799458],[0.5727889784898643,48.60801330484098],[0.6239941343006865,48.608995676846256],[0.6105294660522288,48.5778353169649],[0.6181998721222608,48.57048901955122],[0.677209868247588,48.56162698274899],[0.70032520061651,48.545206667891335],[0.6883327691019552,48.51760454813617],[0.6895460704755305,48.498152014711664],[0.7174187402724272,48.459413221348385],[0.7478680409223207,48.45428717231484],[0.7613269114796956,48.435072304369896],[0.7895761582429566,48.425089254890246],[0.8260998980868869,48.425644341059915],[0.8425978465108723,48.44419105205782],[0.8621792356823028,48.410017716139166],[0.8466945409018523,48.396749760269365],[0.900064726850545,48.38289032582529],[0.8968311214574796,48.371709152133015],[0.9109777758969775,48.34353539835431],[0.8933648097879826,48.31970804561263],[0.9039472826473597,48.29731398149131],[0.8821490258283069,48.28684565457504],[0.8991259626686738,48.26420110294331],[0.91889932535228,48.263649655088706],[0.9124301749319066,48.24470228361556],[0.8889185591211372,48.230580137656766],[0.8860107733298191,48.19579551423216],[0.8744172612237503,48.16081148346892],[0.8466860932901229,48.14470574888117],[0.8239399732081818,48.12165702642369],[0.8419049565059747,48.11494558330443],[0.8216266750746682,48.09721466882826],[0.8041908862427983,48.06321541429858],[0.7845605391056558,48.048516737508834],[0.7133760612065893,48.040773126515774],[0.657518584599968,48.02915652634435],[0.5882550502349602,48.02848273649276],[0.5636885511531721,48.03930980522679],[0.5310238691382846,48.02967532105241],[0.5197756816613981,48.00609847757831],[0.49909151447005096,47.99088377988291],[0.44770481398815143,48.00532764591008],[0.41374863294280095,47.988376546446226],[0.42822517527814247,47.965740571702355],[0.421435021023709,47.939281436553586],[0.33668570595377795,47.97025368469763],[0.33426439005570974,47.932733902708165],[0.30236250790825153,47.92581015513308],[0.2813388654186817,47.93754025081066],[0.2636409405249858,47.908323468402486],[0.23594185138913062,47.912188614555234],[0.19905520988402947,47.90812236761852],[0.18948999971758063,47.92320973587806],[0.15066386101256557,47.91739040380948],[0.13271380273339095,47.93469253941801],[0.09487362783788118,47.92310171342453],[0.05257238893399277,47.9632954777085],[0.049414952451621474,47.985183119133765],[0.003178176906427058,47.99404246974221],[-0.017519734247390333,48.04166482450369],[-0.09874633924816853,48.04900624597185],[-0.1170931267782917,48.04332747367585],[-0.13502327244101867,48.058354438075185],[-0.07820711563435839,48.08002356463845],[-0.08551439504155174,48.09481936278762],[-0.11306116299937308,48.09563536758715],[-0.14587855844694952,48.08172862729262],[-0.1784515522955094,48.060115767337166],[-0.1850729566080313,48.073933463445655],[-0.24088207730448605,48.06275577302994],[-0.25673735720533586,48.070479833189566],[-0.29318897500732055,48.0635532372291],[-0.28135288582203144,48.09592862981407],[-0.21695275910771325,48.09785158453036],[-0.2192982481435768,48.11236905527507],[-0.2715779720262273,48.13111198443757],[-0.29810235738337754,48.131159766128576],[-0.33934432919264146,48.160015691644226],[-0.30514741611381035,48.18117700907201],[-0.35017312942026174,48.23069588775842],[-0.34161767356798334,48.257360794007255],[-0.37010420567258495,48.294740304127934]]]}},{"type":"Feature","properties":{"organisme":"CPAM FINISTERE","feature_role":"zone","svg":"034_Finistere.svg","source":"Canvas utilisateur + SVG exact","flat_map":true},"geometry":{"type":"Polygon","coordinates":[[[-5.916719336084841,48.38360796448483],[-5.89939841513079,48.42208034482488],[-5.879224883340891,48.44447317222882],[-5.8982207531060045,48.479004334741084],[-5.878302505946067,48.497958904989325],[-5.882972831683796,48.50849146102969],[-5.849609108419413,48.53557878133994],[-5.822491065701563,48.549072180484856],[-5.797614086854037,48.54744010557188],[-5.74162220704051,48.55999313101863],[-5.722765654702102,48.556810954683975],[-5.702729155343964,48.5761743788493],[-5.673299947695419,48.58070399628565],[-5.66798995577881,48.60750116184419],[-5.628029088079809,48.61948685337602],[-5.609281989650945,48.60537237616064],[-5.5357146189888065,48.62060138734105],[-5.521026389822897,48.64128425751476],[-5.500303690662198,48.6423453357137],[-5.449885201101205,48.66471270778504],[-5.414914833966506,48.660090225695996],[-5.36745965513957,48.636519118112446],[-5.317017621040954,48.635563563075856],[-5.302207390781944,48.65901052314882],[-5.278430887905984,48.67607731912517],[-5.196475644300354,48.68491222386109],[-5.1424363699883475,48.679701289037475],[-5.138108012914595,48.694571746320776],[-5.11666077594081,48.7046406366862],[-5.082532908881716,48.70366489333135],[-5.064601664970316,48.719285208837924],[-5.047092205881398,48.71230392344477],[-5.054200740764884,48.695614553145866],[-5.049743361266534,48.665510151129716],[-5.028606918298518,48.64174903980592],[-4.980329958532287,48.65419206799149],[-4.9655895393653555,48.63019688214515],[-4.919244198136683,48.61486082319968],[-4.930561467811774,48.63818953932089],[-4.919653523225869,48.65156327419258],[-4.928848265336672,48.677686708545465],[-4.893477243917615,48.69371878099655],[-4.858467399236299,48.69435962597404],[-4.835577456450815,48.7019776016323],[-4.801464126439526,48.70059490101619],[-4.768994691097013,48.68272318049962],[-4.723504164425113,48.687709185114386],[-4.706216510043087,48.66369453501232],[-4.723356454759315,48.649954214752604],[-4.718078295096976,48.60527953495455],[-4.704163137810021,48.58399241807664],[-4.650462044910519,48.56937562073119],[-4.653747012869099,48.53959019221974],[-4.629222748459541,48.54129063362957],[-4.6121914835929205,48.514154342197216],[-4.641682760059106,48.48911486354478],[-4.665327926472204,48.47728129336083],[-4.659358441471891,48.450560201693925],[-4.640877206371597,48.44461269479235],[-4.621702618789286,48.418313171054635],[-4.6608513815628045,48.398815868667555],[-4.665961693023121,48.361668388544615],[-4.612367863456381,48.35263915294682],[-4.614535568843299,48.30791828467308],[-4.597658097860022,48.26940926058156],[-4.573613277937868,48.25131297175463],[-4.581884940142709,48.22897843619328],[-4.610460070743349,48.20891078737764],[-4.615177660802959,48.19469110787463],[-4.594533637758417,48.17142751309212],[-4.622451584310391,48.149374479412366],[-4.689198371814224,48.13103626878982],[-4.713832907173366,48.118066070916306],[-4.7588463680096345,48.11183813691605],[-4.78072312280067,48.10253231088815],[-4.782527599569591,48.080616894099514],[-4.800068167277406,48.07136285660744],[-4.791459174209711,48.05247579249669],[-4.7676412469979095,48.044525547580214],[-4.762189254180149,48.01805605159264],[-4.738121062782776,48.014982721705195],[-4.724638257487792,47.97355054413724],[-4.700987102920664,47.93679805938485],[-4.63905304515874,47.93902889532415],[-4.611673301816694,47.94554818816414],[-4.5699044009625425,47.92698739686652],[-4.550665014243908,47.928417545130266],[-4.533844746325828,47.90229951848936],[-4.514171262362177,47.898796389869936],[-4.4618158442632545,47.92627251678551],[-4.440106930166495,47.90765374959591],[-4.4497986643748915,47.89328750351583],[-4.4345142656743155,47.87459699894755],[-4.455076818050211,47.86594057279608],[-4.452149871868212,47.81198348544454],[-4.499625932440548,47.80724327516393],[-4.509318559419302,47.78055795895801],[-4.540713520655531,47.76660478680448],[-4.565289936677898,47.7752762128563],[-4.577211271491513,47.79337077658928],[-4.59467609135867,47.77955804201561],[-4.597685652019909,47.76402052933466],[-4.576948264857031,47.74372502157232],[-4.593323430954017,47.70173972241447],[-4.620141122961795,47.707921360359634],[-4.676103399358515,47.708605469503794],[-4.7281960957554094,47.720161140206706],[-4.74291198573042,47.71597854480322],[-4.800976217075814,47.74626894304132],[-4.82833640302059,47.73014417978145],[-4.868860120438669,47.72683504179751],[-4.890049780439946,47.73669510923226],[-4.9219635925410925,47.7353861924076],[-4.975116223082545,47.77974446449618],[-5.010797048849849,47.8267684936672],[-5.057200532346972,47.85019199628404],[-5.0675802994399595,47.8249308876137],[-5.055560794395547,47.795852269675585],[-5.122296619164314,47.78694748143677],[-5.154104626290551,47.80619030072403],[-5.211382886494218,47.8061638989231],[-5.250765079311893,47.790112180939005],[-5.263003209904701,47.81839400895281],[-5.286115470976966,47.80246363697894],[-5.2674114206698865,47.77953632450199],[-5.246332706034282,47.77174624993559],[-5.271044164180208,47.7385216369885],[-5.306325547032815,47.73052635047918],[-5.361668150374608,47.72797090430093],[-5.392525924031564,47.73784472251395],[-5.459659241283156,47.732529138870795],[-5.477462598664375,47.760283781778554],[-5.446538448105741,47.76968530079571],[-5.4471107163051125,47.79763682035038],[-5.465371448147585,47.8375666425836],[-5.487072017261796,47.870941666707445],[-5.524511226399927,47.90913473858394],[-5.556203542923967,47.92894887592964],[-5.615563581311045,47.95331849853145],[-5.6477770576075095,47.961288726871686],[-5.673176563809791,47.947467681719445],[-5.728340058614795,47.96503522557505],[-5.745012047669549,47.97838497724696],[-5.765383642274053,47.97045160496053],[-5.814954805756761,47.976206570574355],[-5.832817547911628,48.012976295744345],[-5.78803042560077,48.011472286006544],[-5.779833379397124,48.021465171333276],[-5.733342608461762,48.019898682391954],[-5.689660028920559,48.034257819390554],[-5.661751707800595,48.02934661928233],[-5.639602643407478,48.0412131339998],[-5.592445637034959,48.03964018725546],[-5.57043369806596,48.05307663835043],[-5.531203856040466,48.053340986393096],[-5.473434345602124,48.06520837333215],[-5.402474223481468,48.04335354516914],[-5.3800144894626385,48.05993479407634],[-5.378143580743942,48.08339059303442],[-5.3655523757168035,48.089969381496154],[-5.367052547164027,48.11231715984585],[-5.391016685110362,48.119868134740045],[-5.387088566294652,48.13568510679535],[-5.398779377643892,48.155168100509684],[-5.429227540837197,48.167125570636856],[-5.466441118520332,48.16581152746993],[-5.4759317103045495,48.178400732344066],[-5.567009948940076,48.200279232601176],[-5.607677290348167,48.191828462160075],[-5.627413806784147,48.150519656228816],[-5.662634939458104,48.125259086573415],[-5.660962331926037,48.16781534024216],[-5.673264939603067,48.19342501360824],[-5.652795386882852,48.20301001764077],[-5.665219544057451,48.22115350021481],[-5.693973798335002,48.21411921501969],[-5.717976043300054,48.22344474863067],[-5.676189418163276,48.25067608486001],[-5.690938497017254,48.285726586479086],[-5.662259183137375,48.306233571478366],[-5.653946882755297,48.29120144537123],[-5.661576449515071,48.25920199736394],[-5.64299065514376,48.2484418042874],[-5.625014825126626,48.260430914767674],[-5.60886885143014,48.2452024671308],[-5.5589058379061385,48.258052307035065],[-5.526022542959808,48.257051026478635],[-5.513711072792925,48.24204820795159],[-5.484657047708304,48.23977279733201],[-5.435813555176592,48.25105765569278],[-5.404337385588909,48.26346005925839],[-5.366093987464294,48.262321165527545],[-5.355731083968352,48.24497302753006],[-5.315007330119961,48.26297964764201],[-5.376215288551985,48.28188405810069],[-5.426062363219942,48.28210929894553],[-5.412993152045499,48.304324296452585],[-5.466745269564336,48.31241400260937],[-5.47513417207429,48.29395333692167],[-5.545573727944922,48.29409855221908],[-5.547372591570706,48.31744472419998],[-5.5044749151216275,48.3612430146192],[-5.52764241843913,48.36914506360335],[-5.5384546302316755,48.35405954328248],[-5.562476953236712,48.35656373506935],[-5.613866610019996,48.3449914458002],[-5.646397946692458,48.32572930229876],[-5.658658903190745,48.33082962243868],[-5.720658248520361,48.3050101845977],[-5.741041826241653,48.30451179792802],[-5.794033111296854,48.323212041850724],[-5.81126880518155,48.320333582965894],[-5.824577115288464,48.29861595400189],[-5.892633756233574,48.294958109685204],[-5.890252941141928,48.329481485026896],[-5.880818948479809,48.34111352756304],[-5.8951219635053,48.35865622626159],[-5.894365532118058,48.375100627629536],[-5.916719336084841,48.38360796448483]]]}},{"type":"Feature","properties":{"organisme":"CPAM FLANDRES","feature_role":"zone","svg":"035_Flandres.svg","source":"Canvas utilisateur + SVG exact","flat_map":true},"geometry":{"type":"Polygon","coordinates":[[[0.944820575468447,51.03596277398469],[0.9893746832628442,51.03475106808609],[1.0193928896022784,51.051113089499985],[1.073546080640253,51.04879890898456],[1.0751448283186182,51.06644610596136],[1.103255580451043,51.06395023471547],[1.1457221026487214,51.076079303207386],[1.2330771328533898,51.09112563221416],[1.2888396159052167,51.08401730538361],[1.3198475939493028,51.08976945707497],[1.44748214098224,51.12507635058506],[1.4649882357668136,51.09998163735526],[1.4789268007033625,51.04624608731203],[1.4768737486954446,51.03541168587049],[1.5126993396401323,51.01829901472537],[1.5387684390306915,50.974857207633775],[1.4940137143355887,50.946168746143904],[1.5124532358430223,50.939176100657335],[1.515573051770461,50.88592343604423],[1.5416721484701597,50.83388560405263],[1.6291084204271349,50.83479001792303],[1.6495234991411798,50.80257939401794],[1.6963398153436051,50.76940134177024],[1.7014442950382562,50.751149758996775],[1.7293889101226088,50.73343346300767],[1.7662522951585018,50.73992786386358],[1.7890475919980127,50.7190419150292],[1.789674158854852,50.539493000229285],[1.7434503681146896,50.530818982892946],[1.7181482182773093,50.54068505597775],[1.730185136349992,50.55610105909457],[1.7245180903319741,50.587628695279214],[1.7044465384051992,50.591652166282415],[1.7227040661651982,50.616820695417516],[1.7603602577458073,50.64058906599766],[1.7890343009607041,50.642886875572195],[1.7581678626172823,50.66968481058303],[1.7252653218136438,50.68307596166577],[1.6830971401914632,50.67684156323504],[1.671030904940868,50.62870248921849],[1.6376766377990246,50.62417857177969],[1.625219744717511,50.64229280084666],[1.5943304508348117,50.643654729207114],[1.5376935325098042,50.627750963954846],[1.4914934421988484,50.64884019699937],[1.4684587851881457,50.634364331984855],[1.4394184819765952,50.64049430791787],[1.4357801598083013,50.6538441465063],[1.3962317476683943,50.641122695784986],[1.3482765899806983,50.66479939912914],[1.325762109824593,50.66804319172599],[1.3034363586867124,50.68460281239345],[1.2774988555274414,50.683480388111725],[1.256870174287345,50.6969372060167],[1.2772810106919406,50.70935113286448],[1.2338272155106265,50.74309957373351],[1.232880056519345,50.75634875465179],[1.306960129678025,50.78404246111184],[1.2696061767365794,50.80217774360791],[1.2348225176724443,50.79887405667749],[1.1398105206679476,50.80584984661674],[1.0982012899459102,50.83535366036938],[1.0864054264344238,50.871949009214795],[1.035928181347984,50.95122887032624],[1.0160426870681571,50.99160928416894],[0.976256624473388,51.027569156124144],[0.944820575468447,51.03596277398469]]]}},{"type":"Feature","properties":{"organisme":"CPAM GARD","feature_role":"zone","svg":"036_Gard.svg","source":"Canvas utilisateur + SVG exact","flat_map":true},"geometry":{"type":"Polygon","coordinates":[[[2.1114751427396437,44.07791775982968],[2.1748877067364933,44.103363104659806],[2.1704778491119447,44.125103217094775],[2.1869951373675227,44.14928155275084],[2.22647854485887,44.16226588969295],[2.286726642450032,44.13847186019543],[2.2961606628236466,44.11851439978193],[2.340023457629685,44.113343998429436],[2.365729258284141,44.11587089316972],[2.4085238063456127,44.10289931554294],[2.431517969469337,44.112259029498276],[2.472598565019793,44.105551640352495],[2.499339151188005,44.111173374471576],[2.5040860404469933,44.16896770909826],[2.5253936849318337,44.16643777723736],[2.5524621497295343,44.174164939019],[2.5764089402075907,44.15755718710418],[2.5967971707047144,44.157182120485366],[2.6356020648116734,44.141027632359936],[2.672004637993872,44.11854574696266],[2.698717896537617,44.127995886334666],[2.7509894158245722,44.12049761232093],[2.7749236518295235,44.14065182847076],[2.835551506399886,44.16527949974653],[2.843128137718712,44.18697139154766],[2.8208409904960727,44.18943403633667],[2.832782650978521,44.22110123067786],[2.8285129079932054,44.24100066452136],[2.856847212783784,44.251940444864275],[2.839594197170875,44.27219844349565],[2.8172532516665703,44.27521073465577],[2.8178983760050103,44.29504814306989],[2.803759863864644,44.307387973837564],[2.826653134194357,44.322215741694166],[2.7929188232038427,44.3743100102221],[2.7645905721568984,44.39479982984054],[2.7876966856084744,44.41038962651072],[2.8260407661201983,44.40735156438558],[2.843634558154613,44.42266995895139],[2.8594053697836057,44.45147998987336],[2.8824106945019334,44.47136442218924],[2.9239501561034165,44.456673089523974],[2.9347773521358955,44.42745452721997],[2.956556640134568,44.41385094311492],[2.9403840238136247,44.38582214922321],[2.940978646821672,44.34408190401648],[2.923610467835647,44.33501497877087],[2.939000431515184,44.320862130991856],[2.9601961980773748,44.331522544500686],[3.018146749536175,44.34285178085596],[3.035187357653815,44.31713252583859],[3.0718592829642906,44.32210440410996],[3.081356533373097,44.302897130459236],[3.111421963501091,44.29350289053585],[3.1389221384082293,44.27186614702752],[3.1573689103966376,44.26632824978002],[3.1769226038927707,44.276950070352136],[3.189421109691966,44.29657196685999],[3.188312318253037,44.31925864998696],[3.2233083456833374,44.32931037506436],[3.2383418729767373,44.34582297684501],[3.270646831271162,44.34594925778205],[3.291390229113548,44.35358295149681],[3.309000327346721,44.340213072942156],[3.2960326819898333,44.30750352366833],[3.304700726521458,44.29261925730022],[3.3402692326124055,44.29072019007752],[3.356685410292077,44.300987810676084],[3.359416485630861,44.34119043222058],[3.3662145828898713,44.34868222692433],[3.4142836012615283,44.34638890262588],[3.457647100679369,44.32705171101356],[3.470823981723432,44.30952329797481],[3.5233523974711534,44.29530932764641],[3.5353167107575176,44.28274638312191],[3.556249653973837,44.287525917622084],[3.568034899848502,44.27424276954528],[3.5731901835485194,44.25732079657772],[3.5950956839737094,44.24071415631711],[3.5971012241669134,44.213218765271385],[3.6285531337994934,44.215351649733385],[3.62782094633298,44.19244487352377],[3.6449888779547757,44.186847943765905],[3.629925923602136,44.098144253564946],[3.653855501117797,44.072174063126944],[3.683032211485825,44.070433937368996],[3.7147675257447825,44.05768314981045],[3.7160102203992165,44.044084521791476],[3.767230966354744,44.004908515367745],[3.7720012499015887,43.9748034840972],[3.7445165680906918,43.977133745979565],[3.7436170310774415,43.954723290872586],[3.705809064442181,43.92306688846701],[3.6638239514523216,43.90821921344971],[3.6473891942693384,43.888980750110534],[3.615858213167549,43.866621627118704],[3.561834647892856,43.84784340372243],[3.5875847723906453,43.823945680419236],[3.562500486317391,43.80971124926291],[3.575589859701629,43.77894846582365],[3.5719624527170053,43.75773000838934],[3.549672901712698,43.73686590954922],[3.5325942224754234,43.702019905884235],[3.532021021053378,43.685587847138386],[3.547498967069598,43.660517775439786],[3.511069077527963,43.65709127390997],[3.4993154504390342,43.66645994075252],[3.4519943143639122,43.678013743920985],[3.3997305045256776,43.669007816610694],[3.3874831922200337,43.63915827152857],[3.365153677666228,43.634320516567755],[3.336701964848602,43.585550251132815],[3.350103789059729,43.575037067826734],[3.3874497145004256,43.57270233427573],[3.3612602228679065,43.54639085781026],[3.3352565340091602,43.54803126520593],[3.3183131621468873,43.52244274019989],[3.2597602229754012,43.50761945911826],[3.199086994970192,43.4725502215981],[3.1400432253933244,43.45600120794963],[3.13029221620572,43.41469632433271],[3.062233143464417,43.42677206811734],[3.021744395171325,43.445140167239224],[3.010847485444709,43.465745910967684],[3.0338722215073677,43.49036021860831],[2.9939966580728643,43.513702728241626],[3.0027420693274585,43.52868200120279],[2.991641876270967,43.54635806271085],[3.0180227780795885,43.55041162530016],[3.065031080298153,43.57189531867682],[3.088327063515136,43.60397917506559],[3.0919280734277024,43.61903879052393],[3.058516438012738,43.6547164973371],[3.059259445202583,43.6750945743829],[3.0393366669029422,43.70390892594439],[3.006981690624362,43.70782340430246],[2.976907498844506,43.73916955852196],[2.9437032779275567,43.74400055994638],[2.9431549715720773,43.758173328652305],[2.8888895271862287,43.7852641793648],[2.8597921815108434,43.77455395696474],[2.846454560713696,43.79068458951945],[2.8578004621571935,43.81238383280249],[2.804613896539652,43.83450856023154],[2.801889428603243,43.85874124220278],[2.737443004877925,43.85395133606869],[2.7280117265541017,43.844533069604516],[2.6824717799309727,43.85457084644876],[2.67556807034322,43.868194517616196],[2.7064554439488333,43.90401772531419],[2.697224685869516,43.92290830073696],[2.6721527189134635,43.92401308220098],[2.658648738138058,43.94950525419283],[2.616618625067201,43.94812459568404],[2.6043970406761123,43.953787411027804],[2.5520278214542573,43.92752823995138],[2.5418003024725224,43.889542700265636],[2.490366048280927,43.89498291298452],[2.4399059256301303,43.840275256885185],[2.4651630938873725,43.828984163474445],[2.442525789466015,43.817427946532064],[2.39287596763364,43.82957163481121],[2.384946224429405,43.86160809506876],[2.3744645673839213,43.872432754001075],[2.3421332083200865,43.86557689129182],[2.321297654461044,43.846612658998595],[2.2883084713505437,43.84700238624193],[2.296565465814776,43.873859264166605],[2.280893269852277,43.888264854665934],[2.2113587807709907,43.89028363075382],[2.204145941018148,43.91587049331461],[2.2319779654311964,43.947235020780475],[2.2607369971209046,43.950253180157155],[2.276420150725918,43.975592517265696],[2.2960460628792934,43.97981435179322],[2.307303617537409,44.00338646642039],[2.2887292052370176,44.016339189655106],[2.219988252303664,44.04312584850959],[2.1923197584514926,44.04152113278347],[2.179752815519868,44.06495434347668],[2.1391243432322566,44.05703301194666],[2.1114751427396437,44.07791775982968]]]}},{"type":"Feature","properties":{"organisme":"CPAM GERS","feature_role":"zone","svg":"037_Gers.svg","source":"Canvas utilisateur + SVG exact","flat_map":true},"geometry":{"type":"Polygon","coordinates":[[[-1.3967618050515673,43.601214807776856],[-1.355841731818272,43.6135254490337],[-1.352299528146699,43.631251226853294],[-1.3693339352441865,43.64021991414947],[-1.3517292140410004,43.655288376204865],[-1.3597309478291852,43.67294928250285],[-1.34076501831146,43.67802653028915],[-1.304607489925136,43.701104724724004],[-1.3171829731908846,43.714868513079665],[-1.3395624131603778,43.77635440748539],[-1.3031165936892026,43.778546650192055],[-1.309719757722267,43.83380749455626],[-1.3055781883870097,43.85409990957918],[-1.3475722305959503,43.87234705440242],[-1.3115208981464979,43.88927795533633],[-1.2862207070562905,43.912150207116525],[-1.2760662244846455,43.90343808056491],[-1.2323419090896777,43.920899581058706],[-1.1773166954677154,43.923482798247],[-1.1502136627983979,43.93897830799651],[-1.139409687857894,43.96304891334707],[-1.0997633520805932,43.93799493301348],[-1.0968006268944201,43.92059265978522],[-1.1207615248061584,43.90772623732044],[-1.0686898821468294,43.87536420610414],[-1.0425037284864176,43.87240101722244],[-1.0248744671028944,43.88958194522482],[-1.0265221064993384,43.910209868732586],[-1.0431174343790512,43.936241960695654],[-1.0214029395638662,43.962996366037004],[-0.9532009114704152,43.975537841375925],[-0.9563024016615345,43.956689304182355],[-0.9294533673828207,43.95580976553858],[-0.9260661876290894,43.97795112828186],[-0.9021425353703665,43.99691831172618],[-0.8652217437410993,44.00188767809042],[-0.8541528565672796,43.990624661060096],[-0.78641262886215,43.97432431383629],[-0.7255091017878885,43.99961938717187],[-0.7002800543011163,43.98915344706455],[-0.6867280751573024,44.00362710196958],[-0.6362985099740304,44.013160912963855],[-0.6184580761707642,44.041271243903154],[-0.5908132436906088,44.04496610243925],[-0.5354639165774452,44.03925984578666],[-0.5074728287726543,44.046038119596254],[-0.4955052298767751,44.0630121648628],[-0.46845075373240425,44.061558674396075],[-0.44141733646730735,44.04785042006942],[-0.43742918743961795,44.0360916462314],[-0.3895665449665212,44.01247641593365],[-0.3785152746659182,44.03255269088513],[-0.35739281622715335,44.04549548269773],[-0.3215728207589104,44.05327452990853],[-0.30282658085489483,44.036717559150674],[-0.2981361360051317,44.01574762002323],[-0.2316714324152267,44.0431822761156],[-0.19949536237399942,44.02180532634678],[-0.22293225076661446,44.01080938948591],[-0.24595740775218733,44.010996597161935],[-0.23109281333613862,43.984251913325295],[-0.26352609380475867,43.958739360468044],[-0.2763072543075637,43.9377088487516],[-0.3019274330567578,43.92651612125703],[-0.29075300617636757,43.90215596640918],[-0.2502006494231612,43.91296074985891],[-0.21779141916193015,43.896212381921934],[-0.1930927622367707,43.90399390038734],[-0.16539269449501795,43.88271585299175],[-0.1719664778831394,43.8529705484165],[-0.15515799867576216,43.84187313217353],[-0.1592963225749507,43.81607835705173],[-0.12725493643434982,43.807005404709955],[-0.15265481928496077,43.77726511058246],[-0.13063540297132048,43.76522245352243],[-0.09751555478191724,43.76031142409566],[-0.08181261462614048,43.73052106892376],[-0.04162810995797138,43.69870771814442],[0.018631462528462837,43.67134376029258],[0.00488802259514471,43.64486448869572],[0.043600239948279454,43.61029273909085],[0.07216158682021608,43.60168742937476],[0.08870568309366471,43.608054109605376],[0.11782406404563456,43.5689940298632],[0.1418004486062749,43.577994143833884],[0.1632879068326506,43.557785588595294],[0.16129236062388586,43.530651406735714],[0.12415554919525382,43.53385955183751],[0.11404047963562769,43.518131989356895],[0.08324382943008932,43.51458279349595],[0.05388762016127384,43.4920545388561],[0.027274831578964872,43.50582318237198],[0.012621229187613336,43.4852515213687],[0.015918676451096438,43.47023682440024],[0.006498355372185342,43.442888513388496],[-0.024654520664464604,43.434540700884185],[-0.005923802938851516,43.41728787157602],[-0.014031805482593744,43.39395819494142],[-0.027798354354408573,43.383245714419395],[-0.02378281164573407,43.3630654674714],[-0.054264440692916194,43.358976187374026],[-0.04499371348167132,43.326314258726825],[-0.07061517326723342,43.31091627646997],[-0.08514708266985617,43.33605992894813],[-0.10895814973801027,43.3334115497978],[-0.13473103956316435,43.356834991085314],[-0.15824986967656238,43.355603217666975],[-0.19244591084435897,43.36541833995862],[-0.21134956122167634,43.36021223996155],[-0.23647411482134892,43.36759697243189],[-0.251385777877432,43.3495321977118],[-0.2891653086348076,43.36716947445184],[-0.3152281635974307,43.343944901711836],[-0.32758889087584586,43.31845844134374],[-0.3445807197518766,43.32437061593293],[-0.3950842755261794,43.269168943863775],[-0.41996438720487017,43.25565917712081],[-0.4608126776749382,43.254213371887445],[-0.5233075399746082,43.27341975459469],[-0.5686691779475842,43.27763059632203],[-0.5752557540730947,43.269840570356294],[-0.6310907169068111,43.28497014913239],[-0.6331017196986375,43.27140990039638],[-0.6828666305375104,43.27716850604541],[-0.6907026494341283,43.30106726853677],[-0.7424438255883553,43.287312063658774],[-0.7538029326249266,43.29257965251607],[-0.7545400864951645,43.31635208380438],[-0.7827607460438352,43.317062416497514],[-0.8064166917117471,43.332260716198505],[-0.855452061246549,43.31242754167689],[-0.9077059107976885,43.31584357184839],[-0.9164626109114616,43.34923574268781],[-0.9374316570686015,43.34548469778308],[-0.9548118337153424,43.38209411759552],[-0.9248314122343115,43.391495832610566],[-0.9424642749347883,43.41535494577886],[-0.9575018785251984,43.41566182380649],[-0.9623823878655609,43.44651622133379],[-0.9817458796329552,43.47020437025685],[-1.0052579991841717,43.4624772706629],[-1.0149478128957972,43.47691903259114],[-1.0406836831787365,43.47144476531448],[-1.0686546834383148,43.49891825549646],[-1.083154872560184,43.497254298612994],[-1.1018629922799916,43.52060540442233],[-1.106913503908987,43.55102289006002],[-1.1165770466830538,43.56193726045744],[-1.1777613792992085,43.56338469231338],[-1.1811162799005541,43.54628200863975],[-1.201662505815017,43.537962534988424],[-1.2277742580579234,43.541895461927034],[-1.2686059498469495,43.535693140871565],[-1.2817718530681017,43.549470702974396],[-1.3151799227962486,43.53866896802077],[-1.3213923788650137,43.54883918528296],[-1.355241876706674,43.53993653840432],[-1.3599574966367987,43.57269299357079],[-1.3920294329937863,43.57280256189346],[-1.3967618050515673,43.601214807776856]]]}},{"type":"Feature","properties":{"organisme":"CPAM GIRONDE","feature_role":"zone","svg":"038_Gironde.svg","source":"Canvas utilisateur + SVG exact","flat_map":true},"geometry":{"type":"Polygon","coordinates":[[[-2.393501064188662,44.56726468220308],[-2.3829307412895697,44.65179551753938],[-2.354905145012836,44.8020293616487],[-2.3338905219829162,44.94603057014022],[-2.319709849800651,45.07080483326724],[-2.29108512338506,45.27232096528664],[-2.287654697132548,45.335537351110894],[-2.2896104698606266,45.391730488218684],[-2.279737363157988,45.424500801609156],[-2.2861300652165415,45.45491795362925],[-2.264599723995335,45.49801567513619],[-2.226706974544157,45.53064962317506],[-2.2172292902781208,45.552669931839816],[-2.1853181452536665,45.5499430355449],[-2.1632340243601353,45.52525245000791],[-2.162579345143292,45.49944307172914],[-2.126562161618411,45.4795288216746],[-2.093740104608404,45.448459207891865],[-2.051347544086192,45.42767622802154],[-2.0129847418133293,45.396504591032084],[-1.9503107643814073,45.3587870819688],[-1.9142044771609419,45.32763216960934],[-1.8759477254802217,45.265676846317206],[-1.8583274186254595,45.22177092364592],[-1.8481077176275305,45.159794943931274],[-1.7857716192820885,45.042811729308255],[-1.7545944325780207,45.012574294761265],[-1.7075188868530744,44.976215038922035],[-1.6888213971355126,45.004394083470636],[-1.7365511138432481,45.0384030317391],[-1.7537778881389845,45.07359048908245],[-1.7702376564116875,45.09365885596776],[-1.7726854514454335,45.13876958755845],[-1.7920629765416234,45.19169005910857],[-1.8086418764053962,45.259617924384855],[-1.82464639111417,45.3058788643634],[-1.74627634646997,45.30056992977171],[-1.6938506932727035,45.299871187861314],[-1.6670654134134577,45.31099626322894],[-1.6687059947872218,45.277439923178875],[-1.608654584538637,45.26345142555076],[-1.5798665550826174,45.27124064550135],[-1.5318053690750244,45.26116266719343],[-1.5053252622118145,45.24596674437729],[-1.4978799728272214,45.22321824930843],[-1.5107247606303105,45.181581050988996],[-1.4918127607553033,45.16258297427351],[-1.4857171949371621,45.141275017762005],[-1.4673311945605534,45.12550475719581],[-1.450398313353527,45.14137578064093],[-1.423893365386296,45.137927997029976],[-1.4052079102612227,45.126677030396394],[-1.357527185014995,45.11128079064915],[-1.3274123722661135,45.07675086952387],[-1.2973286354363978,45.074566384154544],[-1.2667279917455978,45.06204050862611],[-1.2285854227241872,45.05624567744455],[-1.20514055610201,45.06468924933353],[-1.1886810692317398,45.083006441633906],[-1.1600595945834062,45.09107122077323],[-1.1345982348218329,45.067656834532706],[-1.1100249801782422,45.07119506994397],[-1.0715517996767203,45.089577025434814],[-1.0248377545589726,45.085344931308896],[-1.0008939639926895,45.06458825558362],[-0.9905311465935044,45.03763898489443],[-1.0296959093434706,44.975029487780965],[-1.0251518336661771,44.95638046446866],[-1.047116747886441,44.94233747978244],[-1.063749781232687,44.907432775546205],[-1.0309186274562205,44.8737563935819],[-1.0898849216534559,44.80490855804109],[-1.0471806078635182,44.80398721272246],[-1.0173616405338939,44.777624874336595],[-0.9546688798804522,44.7865509339328],[-0.8638653735890843,44.77437963345232],[-0.849782742202301,44.79346708955501],[-0.8131351250704828,44.81243451838713],[-0.8169148481878439,44.825872270984156],[-0.7733442707470095,44.823695509791285],[-0.7353922974993232,44.80105337407107],[-0.7679252945133479,44.77787575561632],[-0.7893180564277456,44.78053889589197],[-0.7781289235500954,44.73519599068643],[-0.7537471006533835,44.71297903420345],[-0.7974478938249471,44.69987259645844],[-0.8294246232508485,44.712245906359854],[-0.8544470644337301,44.67105737314124],[-0.8621859528753775,44.69218228998527],[-0.9054360923959178,44.678572529395176],[-0.9259596495128648,44.651123392866],[-0.9423812261760152,44.65967586198775],[-0.9587865284209612,44.6452698485793],[-0.9505871730813434,44.62940525463485],[-0.9248318154201105,44.62693847222343],[-0.917240394122802,44.60976680002078],[-0.8955764818579233,44.61516013632747],[-0.8739589926083089,44.60527068408825],[-0.9028694635557726,44.5565301557182],[-0.9751547343757778,44.515037924543414],[-0.9913109413889918,44.48642273800094],[-1.0269612206021441,44.490956228917035],[-1.0465958174759225,44.465466903008426],[-1.0817891901051802,44.43911946987211],[-1.075515988300191,44.39034849320851],[-1.0574050599944327,44.37793643790089],[-1.0778839245167056,44.35140136297969],[-1.0682000567513543,44.33377607350993],[-1.0459314262607715,44.317385972308934],[-1.0495443439149617,44.292743132605324],[-1.077795887921601,44.2975878464479],[-1.0965355501606553,44.28606747588057],[-1.1478852343481398,44.27858717886062],[-1.1551257828039998,44.26153174339574],[-1.1274621177985715,44.24448754430851],[-1.1013913503601478,44.21852766041817],[-1.0993757542875244,44.19207220271052],[-1.1207867455700131,44.18566626747153],[-1.1571651314660636,44.157010369054696],[-1.190915783783215,44.154599348458234],[-1.2124941435996721,44.14355671661484],[-1.2396234332668867,44.159546641869795],[-1.252501984611045,44.180182520710666],[-1.3023818709548602,44.18373386531491],[-1.299461050155523,44.12141798654104],[-1.35060977347033,44.10837645480003],[-1.391900643736893,44.11818344081578],[-1.474271880282957,44.124356067456134],[-1.4813428784233416,44.15419075997665],[-1.4680018712982008,44.20570766735862],[-1.4904522887212845,44.206728210280666],[-1.5172404241594923,44.225007190837864],[-1.5190977583992675,44.24384436417488],[-1.5685739307662272,44.246050531893914],[-1.6094035732438576,44.26089979999704],[-1.6205126514452823,44.287875969733015],[-1.6656671259733806,44.30657191621724],[-1.7253293550480882,44.322808039807825],[-1.7266888062025665,44.3704864723213],[-1.7764420772444998,44.38520731718504],[-1.7825978471320618,44.37116954244594],[-1.8339153090885587,44.373322249873304],[-1.8777715078719426,44.3664439029505],[-1.884434313616654,44.35534516294554],[-1.9197848600907648,44.34545168419635],[-1.9522900880341736,44.342902326173956],[-2.024604673364023,44.36240825836582],[-2.0321437373853817,44.36915015842211],[-2.085126984660539,44.354116408594294],[-2.1255465315936335,44.3612180767744],[-2.097001687408032,44.41068038896494],[-2.1081074397593342,44.441277225389385],[-2.1454156668815996,44.4360975309605],[-2.2070699826694526,44.46233311440371],[-2.229389818109074,44.43107953867577],[-2.384300427003389,44.39310882351196],[-2.3822185485426854,44.44313593727023],[-2.389569851239988,44.477256540326174],[-2.356846709888383,44.50769166785652],[-2.3318883635817884,44.557528061318195],[-2.332632469462105,44.57580404888179],[-2.3194378828169837,44.597814785462425],[-2.2881271671612846,44.60077771636939],[-2.265988141508304,44.58379395480932],[-2.202875742195945,44.57709230381242],[-2.1873374377998283,44.58381668104491],[-2.135572665042585,44.58669229935644],[-2.1440820707148838,44.61479503413311],[-2.1770630627372842,44.64853040143883],[-2.2304752875932263,44.684960005861356],[-2.2415947943056542,44.686338806718695],[-2.2927879447624493,44.71918779430598],[-2.307669534195459,44.70093527164877],[-2.301104599045967,44.68748199500471],[-2.350174192881523,44.649217198927325],[-2.3681983795424784,44.618477692663696],[-2.37686399320779,44.577572037889],[-2.393501064188662,44.56726468220308]]]}},{"type":"Feature","properties":{"organisme":"CPAM HAINAUT","feature_role":"zone","svg":"041_Hainaut.svg","source":"Canvas utilisateur + SVG exact","flat_map":true},"geometry":{"type":"Polygon","coordinates":[[[1.874498487757517,50.30970888897668],[1.9469542362139787,50.33907076229114],[1.8884503253986709,50.379849483941356],[2.2996862530447424,50.38186359607664],[2.299118991175706,50.54441808149364],[2.3119764871191144,50.548189895944624],[2.35572607037565,50.57638364096204],[2.4035387145788705,50.56530105383453],[2.379366593450489,50.53959151566185],[2.406700329006748,50.535795765045165],[2.4550634273863916,50.54238668116274],[2.4729670495541627,50.53143115468481],[2.495801876406453,50.538680188384454],[2.5343595574004167,50.50281508696704],[2.556022137850609,50.49230286994178],[2.5662477369175596,50.4252077721971],[2.5500675618910105,50.4056761974484],[2.5663982603212796,50.36721810201701],[2.605152767367984,50.333801994867365],[2.6273664533877312,50.34363348405792],[2.6321074270283833,50.37635450136169],[2.642416755226263,50.383542188867715],[2.6438409266504963,50.3845350412328],[2.7545741060720506,50.38577582503838],[2.75744717043963,50.38410557387285],[2.7935962048892313,50.36309875853236],[2.813785744741544,50.3615980204753],[2.875610594373711,50.385073100069405],[2.9029630013356136,50.38335472580432],[2.9084490153289395,50.38484513631814],[2.9381120973722594,50.3929149259911],[2.948920722108575,50.37758401353841],[3.037762972687173,50.330784510578006],[3.0403524910594184,50.304663116276444],[3.1277960852836166,50.30441099505897],[3.142904993652893,50.28752929485293],[3.10891582566679,50.2661206438128],[3.078219369281895,50.22963447851738],[3.0670305502401294,50.20021442419854],[3.072013359497193,50.185918615144],[3.0435779738238256,50.158008158458266],[3.11726835340499,50.15868566372625],[3.117849377452508,50.13103118271988],[3.149535228159395,50.09997572039248],[3.139398314372818,50.0799488682889],[3.093286348542074,50.063640730199936],[3.08098962620188,50.06715743357215],[3.0539284395872395,50.03684733381857],[3.0764605032156527,50.002868555250565],[3.0588358437545833,49.99273600741019],[3.0023429457023094,49.982331169408745],[2.970299299712143,49.99935626345756],[2.9244114716941856,49.999382847683144],[2.8890360135550233,50.01754968206304],[2.905021384678205,50.04148064754766],[2.899509748662889,50.058188571410525],[2.80902034110987,50.03304985158367],[2.786497924306461,50.048837160330336],[2.7377392106889245,50.06476535197188],[2.7169135739592987,50.05485040467403],[2.6976361650007252,50.0646591954594],[2.6438561848703888,50.06990698936846],[2.6110111117629273,50.086325523472084],[2.5590985312824572,50.07068742107786],[2.5555373460519784,50.054137790892256],[2.5044251702810354,50.03939922947512],[2.4907375167217656,50.05468132730912],[2.4554924577624435,50.06862063688687],[2.4298129476042023,50.069193311621675],[2.4150007786458887,50.052464995651086],[2.392441032801265,50.04980927524599],[2.375186594693713,50.03186233961923],[2.309548626915921,50.03489145813621],[2.300884049771274,50.03862312612182],[2.2786785017318683,50.04817180072786],[2.2304027766754344,50.04911147031807],[2.213793359755573,50.0291667796786],[2.153946406062296,50.02684914732597],[2.101830369352036,50.044373013286545],[2.072410693086346,50.02883257746014],[2.0412511512107647,50.022200948933566],[1.9829677052175874,50.03922805277685],[1.9541616880898631,50.06667347957114],[1.9587944962191117,50.09782211783946],[1.979110704956291,50.10744713830781],[1.9692772614441196,50.131873725486486],[1.9555975142355013,50.1374623286753],[1.9944237476268787,50.18519676292207],[2.0229268798809987,50.20454985965464],[1.9968868115288974,50.22102393961287],[2.008778796978902,50.24206887024348],[2.046714795443526,50.2420810996329],[2.0566307564949504,50.25228836585853],[2.022248694738811,50.26747466282997],[1.9990227093478026,50.291752343727666],[1.9126137295529628,50.30235291136163],[1.8780234605396873,50.28921157626044],[1.874498487757517,50.30970888897668]]]}},{"type":"Feature","properties":{"organisme":"CPAM HAUT-RHIN","feature_role":"zone","svg":"042_Haut-Rhin.svg","source":"Canvas utilisateur + SVG exact","flat_map":true},"geometry":{"type":"Polygon","coordinates":[[[5.740691097873653,47.8414817387186],[5.794699368551187,47.857217446623146],[5.8182526681416435,47.870791990382635],[5.797251232338032,47.91397292050877],[5.826222602112974,47.932122880544895],[5.818654407776445,47.96881704914435],[5.842214966812129,48.02716949405207],[5.861188385718389,48.029696543251326],[5.90365888642463,48.053336282861146],[5.932837339758204,48.105860739603784],[5.951511961930548,48.11458063381991],[5.989770867719716,48.16678298751336],[5.962254757347521,48.175623789926675],[5.9908125030173265,48.221442689967446],[6.024542406533497,48.250303602618104],[6.056209789817413,48.30961635905788],[6.068461592841167,48.31481815453461],[6.081969294791107,48.34528099496224],[6.109087075663084,48.359154871551645],[6.154801771016836,48.35087252933982],[6.18995949334713,48.354014823643205],[6.229498559824304,48.315380532873746],[6.242081433115972,48.29085515727848],[6.269108922981845,48.29345914370955],[6.319344546793137,48.27768829262228],[6.330861633948838,48.26885383308843],[6.368477225427867,48.26197035861175],[6.402466212990287,48.24744599874016],[6.392754842193819,48.21084493395705],[6.403186071986126,48.197738151098854],[6.440074767163723,48.193435202577554],[6.447358325550694,48.165733259223444],[6.508303494446312,48.15996102291684],[6.511138245870285,48.144795310231366],[6.499946504198423,48.11868579935016],[6.502655454123387,48.06471096874378],[6.538306704264415,48.036716123831184],[6.555929249882841,48.003482858601885],[6.515283755910593,47.95973756462374],[6.515637856069892,47.92855392047931],[6.487523294431556,47.90545382092604],[6.494820731058462,47.87606069522426],[6.461118423998988,47.80671960529025],[6.462214268223175,47.78698677595255],[6.478970356825963,47.75689710325786],[6.47419778901172,47.73820749050133],[6.443014788081561,47.717808360688046],[6.4522036061843675,47.67500419107849],[6.4986991751062595,47.64410207610485],[6.525855953098512,47.60451430478325],[6.518083929442283,47.58532956429496],[6.435565693124685,47.550083991509545],[6.455780593567467,47.52428798399892],[6.436953460917284,47.51927059784074],[6.436421536109213,47.49855225904071],[6.415556666687552,47.483741190064215],[6.360513336336756,47.50060627480794],[6.348080207001941,47.48622112954015],[6.376976513619487,47.47673724689634],[6.345703546331135,47.44497519586173],[6.304385827128732,47.43043053129062],[6.258733230534699,47.4397754161448],[6.199865973459263,47.43239995750852],[6.16284982416683,47.41951068064629],[6.148618359236637,47.43701720782018],[6.12115627199947,47.43266291211088],[6.083414493010021,47.44256308131996],[6.0998104545617,47.49224228488412],[6.070762030278803,47.49160152588544],[6.040647581677901,47.504434172126686],[6.046275130575241,47.53984052474327],[6.0150979857314715,47.55547838546174],[5.993971902530694,47.5989489114373],[5.971285487561733,47.607823088101895],[5.929988530208716,47.59875773191529],[5.908409408753177,47.626904810782285],[5.922896710438128,47.66008844704966],[5.951674534350412,47.68227118836485],[5.930715215556831,47.71338307372141],[5.942141039390576,47.73527254800526],[5.915080587930947,47.756400057941946],[5.872366233662545,47.76778105795886],[5.839974007327877,47.78760499114139],[5.8227091031698945,47.7863540532087],[5.757925636296608,47.80286178764561],[5.743159861520374,47.81919098711483],[5.740691097873653,47.8414817387186]]]}},{"type":"Feature","properties":{"organisme":"CPAM HAUTE-CORSE","feature_role":"zone","svg":"043_Haute-Corse.svg","source":"Canvas utilisateur + SVG exact","flat_map":true},"geometry":{"type":"Polygon","coordinates":[[[6.566793153420925,43.58564596668834],[6.603991410747145,43.591098292357835],[6.603444604073387,43.623314984121244],[6.619210031798849,43.627829114469925],[6.652622516927794,43.62239905084793],[6.672946101385484,43.68654015954498],[6.6621285195919295,43.70421262268334],[6.663036620211893,43.72605725087925],[6.695921210263527,43.73885970137554],[6.710226611444316,43.73694113789346],[6.720687015624541,43.77080319689775],[6.758346364585629,43.78687305016604],[6.762619164955022,43.7741039940444],[6.790584457330519,43.77366881288156],[6.808435774901208,43.786272651301],[6.813404925838818,43.817199865228034],[6.882802786326392,43.832468345861294],[6.889561528113237,43.849617250671265],[6.911503551203377,43.847388912587135],[6.927983620522883,43.8578113213096],[6.952830992786311,43.85496118538117],[7.02487009035243,43.86192702998111],[7.078822335940929,43.88838226889709],[7.070343008219933,43.90406505864599],[7.103785344772099,43.940899022195964],[7.144483823332025,43.959122367593324],[7.190252859405557,43.964368092017075],[7.2217193177170635,43.952451572153386],[7.245429135192093,43.96381760382648],[7.321975705436358,43.8993315999516],[7.352650684296814,43.92465213471701],[7.35244609185529,43.944452692739176],[7.376193587576643,43.965577346603325],[7.368078827665738,43.99555587362304],[7.370766923465443,44.03320852883037],[7.340631784466803,44.063887433477],[7.361858007536521,44.10690102254716],[7.35150193336307,44.13792676630769],[7.378226103337961,44.15226550534867],[7.3898464706613485,44.186045757026605],[7.37074439164332,44.23837030054108],[7.3897956014931285,44.25144106609854],[7.447175447198352,44.251523510668434],[7.4996575625362505,44.230475023826564],[7.487470916809271,44.207083686312785],[7.502529266567357,44.18239541947463],[7.5057182932923086,44.144449368866354],[7.519732206589067,44.10158337886815],[7.529282245243271,44.02803011837741],[7.509407225667738,44.0020778465238],[7.48256713928766,43.89933489914029],[7.5128882965679695,43.847897138302606],[7.554999263453508,43.80566591615396],[7.568174981097688,43.78601637535597],[7.576156839187813,43.74044897162651],[7.570892941000895,43.704909809914724],[7.583334615727214,43.66949485993487],[7.585591874019292,43.640468071097445],[7.5742461086544814,43.5930909543617],[7.579885898833693,43.55060611703097],[7.603283005485543,43.48485299086741],[7.595941475890844,43.43600262665543],[7.602809569208069,43.39497916916706],[7.600523366003794,43.33751581260677],[7.59371167991321,43.297282187252506],[7.57301375139946,43.27817498344152],[7.5068278666854376,43.20011244663188],[7.4802127725697,43.175643630927546],[7.451181695808432,43.13946591110589],[7.453553657966404,43.110116115536485],[7.4338670812055785,43.05357434899595],[7.439437222459432,43.0367580138069],[7.407523336853387,43.04327721916647],[7.363052474947088,43.013189734850684],[7.341663761426669,43.008174514534005],[7.333566794450272,43.02163446982593],[7.301295607739701,43.016914515596326],[7.265776616910285,43.02301750556891],[7.255858143522459,43.03256488685746],[7.263615061951237,43.0577370693724],[7.28165268163329,43.07862128591894],[7.2780416288013035,43.089045281096105],[7.248703238771622,43.10267477726912],[7.258715003133853,43.11378624460174],[7.25092889011484,43.13295252695872],[7.24847818327951,43.21455894681081],[7.214097985541645,43.218081743526774],[7.1859282756803236,43.21143074507121],[7.153657867175218,43.24246025538025],[7.157650053626993,43.2769863767124],[7.145584611641985,43.29651776047121],[7.101856759088079,43.317882698205665],[7.083086917107437,43.361221163141686],[7.06886883067466,43.36438443491712],[7.063531925805782,43.40343926295644],[7.041432910424503,43.399837043996946],[7.006571419671833,43.41337699787982],[6.987158764193819,43.43022413465389],[6.959870883484611,43.43181942574722],[6.9451299959438035,43.44890052678588],[6.915358798326688,43.45237229560092],[6.891328336647728,43.471222937900805],[6.884157721236465,43.495016626043906],[6.867134477991201,43.50092412927298],[6.86981607109259,43.5307333406681],[6.825612682152413,43.519354426017046],[6.774453549718377,43.526723693978084],[6.761993004986215,43.54070942795193],[6.715829462466382,43.55030287327464],[6.682267084543498,43.551293898120676],[6.680934803626458,43.56192763901981],[6.6477525928573,43.565892356832634],[6.637621468630221,43.57756480563518],[6.589482821229152,43.57415862076521],[6.566793153420925,43.58564596668834]]]}},{"type":"Feature","properties":{"organisme":"CPAM HAUTE-GARONNE","feature_role":"zone","svg":"044_Haute-Gar.svg","source":"Canvas utilisateur + SVG exact","flat_map":true},"geometry":{"type":"Polygon","coordinates":[[[-0.6995311472745787,43.06448400690373],[-0.6701315601112429,43.092180724430705],[-0.6514764716481829,43.10067817303289],[-0.6222063408409764,43.12660221621384],[-0.6205510520305676,43.15070923825729],[-0.5842693740688943,43.14747200799586],[-0.5612179430615708,43.159418414508565],[-0.5851473254797747,43.17612865464492],[-0.5146986761956919,43.23375531087386],[-0.49642314517889635,43.24412709679694],[-0.5268703944568784,43.255421244855306],[-0.4859932366140375,43.256872709539586],[-0.4611220665467262,43.27038064698496],[-0.4106003795200442,43.32557661301606],[-0.3936025054731215,43.319664645711086],[-0.3812582291136185,43.34515304948935],[-0.35518820968146414,43.368375584082806],[-0.3173861775513292,43.35074450070679],[-0.3024826523218378,43.368803147390054],[-0.27735306360654066,43.36141866207744],[-0.25844914860041796,43.36663433305308],[-0.22424093699132092,43.35680428999892],[-0.2007292494182996,43.3580415503299],[-0.17495124466792858,43.334616054508146],[-0.15114127078610728,43.33726157578168],[-0.13659367509193826,43.31212569111676],[-0.11096911239162761,43.32752601345486],[-0.12023893163889386,43.360181422264425],[-0.089759576621403,43.36426640822159],[-0.09378358378704535,43.3844487925706],[-0.0800014127991199,43.39516520037219],[-0.07189042568564424,43.41849559016008],[-0.09063538183315899,43.43575061320982],[-0.05946078399581339,43.44410106672359],[-0.050045257280530865,43.471438823915236],[-0.053341091788321665,43.48645030584268],[-0.03869967566455905,43.507024077128634],[-0.012077704969901064,43.49326144547315],[0.017288076697288737,43.515783528634586],[0.048090445357340535,43.519335429283174],[0.058204749264143256,43.53506391213364],[0.09534809227841796,43.5318447895164],[0.09734784520817835,43.558989298103526],[0.07585582354568801,43.57919028525001],[0.05188248896618876,43.57019739319195],[0.02275664485949538,43.60924655336481],[0.006206541511882029,43.60288280748463],[-0.02235626684866714,43.61148785087426],[-0.0610950984737423,43.64605843995911],[-0.04733604546558215,43.67254533776961],[-0.10760489495110769,43.6999070417472],[-0.14778822422049767,43.73170695092814],[-0.16350104960810555,43.761501927538106],[-0.13846202409167727,43.76063438516338],[-0.12456421046914498,43.771937410296374],[-0.07710472412872353,43.77976768397393],[-0.05295990622801218,43.773917106469575],[-0.030207906064349817,43.78935613220487],[0.003081001198238474,43.7725889650295],[0.017410604051513828,43.785913342091],[0.05072568849774978,43.79536999992424],[0.07397151225200797,43.77104608207421],[0.11216544465091713,43.76686692623967],[0.11548410954381629,43.745313172205215],[0.16533990333832926,43.75868100390475],[0.1663320533934863,43.769894434728535],[0.21200156236074275,43.77735209008911],[0.26341371640862166,43.795160422641764],[0.26044847706893337,43.81261077352204],[0.22968555403141527,43.81719017578244],[0.21463945507351687,43.81083518481795],[0.19659143582147873,43.8267257061315],[0.26596868752398184,43.83754358642354],[0.25186072093562145,43.85273681184933],[0.2788261978795938,43.86629389148836],[0.31425843011479415,43.864681500328444],[0.32516131715200786,43.85278334860139],[0.36094477794823876,43.85684292888844],[0.3836681586234875,43.88562766660947],[0.4006596392954076,43.87183036637466],[0.43483093115329774,43.887441975119614],[0.4447149472705026,43.90628428808898],[0.4687483960383732,43.903195381566185],[0.4593986213013977,43.88616799910369],[0.4739513415045,43.864708151051744],[0.47306420322017806,43.84798191164581],[0.48684579859348376,43.8297110146467],[0.5085053033888098,43.82382187863254],[0.505537111293333,43.79353128273573],[0.5437147891623184,43.77971970280112],[0.5629596021612563,43.77870573864712],[0.5606248752003874,43.7555216827131],[0.5745621092064161,43.740666475192135],[0.5685260482345361,43.72751187085764],[0.6213322492759531,43.69967060695494],[0.6289478791356277,43.68603569851986],[0.588670891450493,43.677224040291925],[0.5830994344937432,43.66640480527185],[0.6390166186026214,43.66166113066543],[0.6540157428804115,43.628317189197816],[0.6274614007198607,43.62270019715277],[0.6087918855740497,43.59947363440058],[0.6691326452861897,43.57094018072218],[0.6890154796699702,43.571154215664635],[0.7053615348187348,43.553677742811566],[0.762207119314359,43.54469044023673],[0.7790539992969993,43.53346022374003],[0.7804559076453041,43.514138518561936],[0.8117241418306345,43.504802357520425],[0.8254646640975281,43.47429362676689],[0.8502991136008111,43.464027436077494],[0.891461845784933,43.45623958139321],[0.9272024342846585,43.4388594859836],[0.948471812268744,43.44358957111507],[0.9534571736485631,43.46745320730835],[0.9770972387997743,43.47020066364694],[0.9884772928374522,43.447892029019734],[0.9568261904203151,43.43147062559576],[0.9523398373892209,43.4098008750943],[0.9685031074895573,43.39611617321974],[0.9518950311279674,43.372640011223744],[0.925669251493645,43.36489984650808],[0.8920365073594646,43.38359429831341],[0.8666182819277304,43.38223243437827],[0.8360551846323778,43.363274953912615],[0.828680428723543,43.375906978486285],[0.7892930000795784,43.402562703137384],[0.756595927360447,43.37548865880809],[0.7319980579133903,43.34711275303754],[0.7322404574049054,43.31137594238536],[0.6987508890078615,43.28904197408259],[0.681682140983433,43.300401646089426],[0.6478108227421023,43.28114188119214],[0.6506412778449056,43.264017225564174],[0.6272175131338737,43.25244673447055],[0.6317180297254942,43.240333911309165],[0.6107871457736415,43.22148887765721],[0.5964328665582039,43.22952607566495],[0.5571324571225519,43.20209333475669],[0.5199801846760483,43.21301578948898],[0.4625905258875698,43.223005879685815],[0.43234286697830204,43.21597510881223],[0.43106927613227725,43.23739583814428],[0.40858852181100824,43.24083120340856],[0.4015703295213361,43.20444639539383],[0.4174155747948233,43.19500969967326],[0.4176710069369916,43.16525567200682],[0.3965531164933973,43.170275327997835],[0.38170468714466776,43.15529163551509],[0.3580863002410197,43.15604948106718],[0.3261537153390076,43.17170257282701],[0.3341899544502023,43.202162420139],[0.31954211228826196,43.21658363595121],[0.25445340915454306,43.26468349122456],[0.22736377883745923,43.2575515327514],[0.22116425264148484,43.24322402591664],[0.19438317578094663,43.235129788699645],[0.21109312616766673,43.20997810842934],[0.23459805122068142,43.20800872038173],[0.23642369251591522,43.1935885875469],[0.2726519193757606,43.18623346265267],[0.2895098971257323,43.17182307143193],[0.2807284143309583,43.15657051260257],[0.248964010407386,43.15318193849433],[0.22369933999489477,43.13125349359579],[0.1753130179192001,43.13750751198836],[0.14335848087343867,43.1302989542784],[0.11223951324698693,43.10143421255469],[0.11749391001478546,43.09164567678005],[0.17582564345896787,43.08263926674377],[0.19385681803316301,43.061286723645075],[0.18275533475703234,43.047782343728585],[0.16090357212009224,43.04531584024676],[0.1625227126312705,43.02662152359892],[0.12267465008059378,43.02065195234836],[0.10688044501773847,43.054332242593986],[0.0713015743584328,43.078530485745084],[0.0580050080018992,43.06927602867613],[0.026174731953464273,43.08990827707929],[-0.01825190296812984,43.07897789941187],[-0.049838305864279085,43.077741365153045],[-0.0717351773994871,43.035041271043156],[-0.09311375701613417,43.042169155918884],[-0.1220987665138663,43.02657044933652],[-0.10696804135573354,43.01381948287549],[-0.12747790639317613,42.994937626352836],[-0.12625001400527083,42.95745998822694],[-0.0951365918444444,42.93932674975757],[-0.11079997811119086,42.93094672085712],[-0.1340946505181495,42.90124677878426],[-0.20412913999026158,42.88499012643096],[-0.2436024291156755,42.883090028687434],[-0.23259310761845312,42.86012686755032],[-0.2448723229146449,42.850291342218505],[-0.27532841013536724,42.84925615714349],[-0.2947456571481798,42.83680538117369],[-0.27699758093395466,42.80969232054502],[-0.2589732133355331,42.75656522825777],[-0.2605823356974087,42.74323649252989],[-0.3203883242933505,42.75857114282127],[-0.33613181084208005,42.75370980479352],[-0.3874848429097145,42.7669749607602],[-0.41837779482018833,42.78023477943712],[-0.47022354296991914,42.75577778337096],[-0.4587515877658249,42.7408591180285],[-0.45791910536738784,42.72008755030261],[-0.48523835428553613,42.69701443694011],[-0.4790886289312911,42.67702577824558],[-0.4452839359952214,42.61877511835557],[-0.4575108569265542,42.59852702922288],[-0.5237330676242811,42.607898919211365],[-0.5456100190695603,42.6035047124671],[-0.6058126871090986,42.611329857322346],[-0.6174298670789549,42.599842188828084],[-0.6603340775023052,42.60822145267737],[-0.6531736462911404,42.6187082271752],[-0.6842744788939839,42.63780670599838],[-0.6756562261966143,42.67125381968727],[-0.6836011766773153,42.682084625129164],[-0.6760402092928398,42.70354862351857],[-0.6831712130307735,42.73321620430546],[-0.6614153001889702,42.79687456753465],[-0.6034657006926822,42.78133501196624],[-0.5746388483430789,42.77937780168374],[-0.5577129635633883,42.78952216677288],[-0.5466714276155935,42.82020504508964],[-0.5262577364062476,42.856929043327824],[-0.48853437392494403,42.87670345683727],[-0.48485216254624264,42.88644410422237],[-0.5129679121768735,42.89726777630374],[-0.5205949111903277,42.91416062792774],[-0.5040480914675454,42.926609844109215],[-0.5245472854435771,42.962402982551936],[-0.5415490825651982,42.95000431038577],[-0.5672552611490346,42.94827440711207],[-0.5947195226823243,42.927886418907576],[-0.6022187393637214,42.94188713778274],[-0.5983137831982374,42.97011031216074],[-0.5695763495126417,42.96976916465097],[-0.57799939052576,42.99641961539448],[-0.6035004199915623,43.013641549192165],[-0.6044528933088607,43.025355125725135],[-0.6764046673866283,43.05035151380069],[-0.6995311472745787,43.06448400690373]]]}},{"type":"Feature","properties":{"organisme":"CPAM HAUTE-LOIRE","feature_role":"zone","svg":"045_Haute-Loire.svg","source":"Canvas utilisateur + SVG exact","flat_map":true},"geometry":{"type":"Polygon","coordinates":[[[1.9747016473125272,45.31712312863016],[1.9888400882834412,45.32876046412339],[1.9783021266036107,45.35747845370879],[2.0462249451912595,45.35557607530708],[2.101718388248817,45.384052459118124],[2.175030008443524,45.408645783940585],[2.1914080832487124,45.427476771267486],[2.210388185963277,45.41369440854528],[2.2435982198925988,45.43107523202525],[2.2662440067828244,45.409229957570524],[2.3569319939417843,45.40959499165347],[2.3738632334878402,45.43001265440247],[2.396496265079479,45.43698134212682],[2.4172009402041468,45.41045379102414],[2.4615788122191393,45.40273603932462],[2.487918005597378,45.382037482049185],[2.4904127859859586,45.36300323619639],[2.5202172315294544,45.342503508345345],[2.5669774412742266,45.367985750289],[2.584450859629836,45.391994633401396],[2.6118735835914575,45.36727969140799],[2.681788530024714,45.35544042856982],[2.700423577594799,45.36048627712029],[2.695813865649096,45.37833294877811],[2.716011592489858,45.40101553638955],[2.747980167555308,45.38418716050404],[2.750548413755813,45.37326190416183],[2.784307998715979,45.36296002249466],[2.813407229162638,45.364432462707825],[2.834010430277606,45.345827021990715],[2.8554076241781874,45.38044451265466],[2.9064667322202475,45.38051411567176],[2.9240685351387143,45.363730598359965],[2.938318138502395,45.3349363879125],[2.9668402611707574,45.3639831166582],[2.987015351928966,45.346265432227945],[3.009193169331424,45.366463075114545],[3.0489434327588776,45.37828970815982],[3.08331158275292,45.37371168756101],[3.078750399696705,45.394805658166014],[3.1092853885384755,45.40339840175436],[3.12456116223867,45.39503002575299],[3.1593765854487783,45.40065488246576],[3.178427751166823,45.395670057720366],[3.2070974993868075,45.3692620343178],[3.2271431780907767,45.36804417361992],[3.245457042600748,45.38107491489476],[3.2854549162720845,45.37226400056924],[3.306698451383451,45.34570438298666],[3.270591396026224,45.325394095564945],[3.306101197045191,45.307577987732294],[3.2983544582463233,45.28663335872875],[3.3105194834111864,45.26453545978758],[3.3619034610128695,45.280722572794915],[3.4299623967610193,45.2398144790623],[3.436817487966022,45.22751505101043],[3.423893257382391,45.211580160895636],[3.4190350541476966,45.17941476380884],[3.3927460490814303,45.16000076855475],[3.3914222799909064,45.12879389949996],[3.318198824773153,45.14183304445967],[3.3115843325976657,45.12692719227507],[3.3432112057477004,45.11195597782231],[3.3141486859509928,45.09996373866341],[3.2865354340378032,45.06263097395898],[3.3007079275742828,45.04792827081036],[3.3200658523253948,45.04652518405414],[3.321244069097245,45.027383149543155],[3.278521097803754,45.017162017120405],[3.253524505684732,45.021358363148266],[3.235230290927184,45.00669932868663],[3.2275113074950137,44.985806199993],[3.2505858044639506,44.95889877576717],[3.1873972634765844,44.944997173453544],[3.155987883662613,44.947389346582455],[3.1506970254983275,44.917985789001435],[3.1227461642402066,44.8973475682459],[3.1123360460293505,44.868846273195395],[3.087362205536507,44.85394351350497],[3.0322227811085973,44.857818700556486],[2.994984161260685,44.84728431342918],[2.9587477254277976,44.850898084035585],[2.9444289397920356,44.82404074056873],[2.9530957705109677,44.81175573878709],[2.9111743663471903,44.7896900209106],[2.864946298786158,44.799836436244945],[2.8571275087319474,44.77037746258538],[2.839120681840168,44.74826922522425],[2.8073388839201963,44.72415417001077],[2.7789812255136996,44.71544992643136],[2.7516444901327386,44.7195265294788],[2.7582078001112453,44.7405222796749],[2.715733508552699,44.75567220046417],[2.663156961646154,44.79647565294907],[2.6544111890712005,44.81422849141051],[2.631765401268298,44.806912684640196],[2.57511383343744,44.804400177680726],[2.5779993890934105,44.81976392824918],[2.5600652760207963,44.852295245141335],[2.530148965357446,44.85853595299655],[2.4963858406372164,44.853270247832214],[2.5003335284972916,44.83644206831741],[2.490866233892103,44.80136103369633],[2.43912674601131,44.8029956167031],[2.403286686530898,44.79823338304893],[2.374496507980964,44.783103698119795],[2.3539945327650873,44.81501439527118],[2.336005734530089,44.83005240498753],[2.329506669000453,44.85754632514743],[2.3027204600705358,44.89712951160102],[2.3084093408174735,44.90853666486947],[2.296452219948966,44.93795708746091],[2.2773304950421123,44.93400000116401],[2.25093520586554,44.95361963187987],[2.2368490947121282,44.95614801363543],[2.238804168318034,44.98656252097534],[2.225315584263473,45.01055719574467],[2.198312337075279,45.00769707717543],[2.186495663740108,45.017455350619024],[2.1861433666878263,45.04293313030027],[2.2010056240283986,45.07358299327322],[2.221738481669688,45.10130468673819],[2.1872951349472016,45.114851669035446],[2.173275515186005,45.1109056890801],[2.144234556505843,45.16420877856266],[2.1565921092437903,45.20472915711363],[2.121948460024554,45.21277778232283],[2.1022597685700206,45.24149398935067],[2.109632453329909,45.26498973447542],[2.0933098034002344,45.28002202223137],[2.0460243381296523,45.27926290599982],[2.0375329467546717,45.291019852819176],[1.993807567129284,45.283296782877805],[1.9747016473125272,45.31712312863016]]]}},{"type":"Feature","properties":{"organisme":"CPAM HAUTE-MARNE","feature_role":"zone","svg":"046_Haute-Marne.svg","source":"Canvas utilisateur + SVG exact","flat_map":true},"geometry":{"type":"Polygon","coordinates":[[[3.486823394227932,48.48149324365021],[3.5011060788995167,48.49631297864647],[3.522778910304816,48.56099767884678],[3.573042795775914,48.571936129741],[3.65844654489945,48.559427870336066],[3.6339612265384815,48.59759600687526],[3.626696243490878,48.62161526267865],[3.655683265504793,48.62874470253621],[3.6902025027566503,48.64709896369263],[3.712120339801351,48.649005945344705],[3.7120911418309825,48.67623638389552],[3.666803410499815,48.69124759579095],[3.6298390146361026,48.693349424859754],[3.6395146448337576,48.70792303015076],[3.682662526635691,48.712193253739414],[3.7300726695622592,48.70519081260516],[3.774791542825116,48.72800663272777],[3.8008336799525084,48.717018381090696],[3.816780866233472,48.72758879953063],[3.8568920555129838,48.72404434526862],[3.8778791618887007,48.70913768180107],[3.8615964746394664,48.6963896731446],[3.8757309345064628,48.670228114978244],[3.863683874241484,48.65784105986552],[3.8842126825205416,48.64564965551697],[3.9032729189111257,48.64901317620521],[3.921514251165133,48.66811115688893],[3.9433966568360797,48.631011996836854],[3.993421860622875,48.61945940118403],[4.021856566934022,48.59622563442778],[4.051578379680894,48.58943094574113],[4.088785668550883,48.57088642323288],[4.14821462439248,48.5506399924735],[4.191071660548298,48.54736726744435],[4.213892566263397,48.53571614834584],[4.237313182688575,48.51169409025612],[4.296877369748104,48.494424106432774],[4.299522946632166,48.473698219449126],[4.33814165937589,48.45197375681405],[4.364355841745255,48.447703039439475],[4.33676082421149,48.438957135728096],[4.299991828100401,48.40735843204115],[4.334545222669383,48.4044921696534],[4.311922114850808,48.38518526639372],[4.31014325023536,48.36161467194906],[4.3349604600647655,48.3575259631556],[4.377307302871148,48.37927065869927],[4.419652340334797,48.363234128525974],[4.443204425519077,48.33583562232025],[4.488902400069704,48.29758252856687],[4.513719531435618,48.311808155957905],[4.558142510719064,48.287371010861094],[4.5446689660983095,48.2596148109764],[4.583114975825058,48.245651815133755],[4.59401293965395,48.251211016550414],[4.6272741049038295,48.22880072594638],[4.639595303226438,48.20435910256648],[4.603589366799617,48.20332459705053],[4.588394258560172,48.18930995110305],[4.5906857565163195,48.15686804203164],[4.561922937142615,48.13064913241954],[4.532741206000503,48.092429218770505],[4.564984432061672,48.09305787431364],[4.650194365861367,48.056634077411644],[4.689360147323886,48.03705213740975],[4.7061662830388356,47.99411818396461],[4.690335080831889,47.98060726413978],[4.699668523881332,47.95376260372736],[4.765600547572229,47.96491943044084],[4.802244030629139,47.92616375018079],[4.808755184164978,47.910091965523954],[4.786816559521381,47.899279745930585],[4.767182844868678,47.904771340009916],[4.719354381233959,47.84244136640625],[4.672585330387251,47.85493888775908],[4.654674084281978,47.84357150981474],[4.6567993240023124,47.81704425190678],[4.642696779565099,47.8106236937909],[4.608238419413661,47.81712440591914],[4.589440787382126,47.79852915355952],[4.587502858176976,47.75994832794641],[4.61391828526076,47.75917233120083],[4.618586773020143,47.73381146171502],[4.601679478308231,47.725706672644826],[4.592085509566906,47.69859295828085],[4.598443144667179,47.66992297982598],[4.5599025181853845,47.661839988921066],[4.50027700967704,47.6555255726084],[4.487897648392836,47.68520195918336],[4.4691469853240156,47.69087423126647],[4.429908551401859,47.65639318251423],[4.380222145354262,47.66860702578177],[4.341850650608455,47.653785953887855],[4.3001051527993654,47.656357321985126],[4.299568807568877,47.6282770633541],[4.265436409783248,47.59796045966517],[4.266437005733558,47.58332111178957],[4.24630513049105,47.56922535413173],[4.230584908513832,47.5879334354388],[4.188363687925069,47.583351147987074],[4.139115303777861,47.553502067356575],[4.124057741614085,47.57495450422097],[4.124582597666552,47.59489469286041],[4.095238707388422,47.62200655162938],[4.055430259471162,47.63311484187459],[4.060314290265168,47.663170164111506],[4.007720246009319,47.62772944067214],[3.9621472103404716,47.637611129903355],[3.9186108301710614,47.65778265104492],[3.9042090748066047,47.69251754776146],[3.8646097378008113,47.66999757996357],[3.8304837306074133,47.67900635533549],[3.824099791783633,47.68949100883657],[3.8429018452892154,47.71425030893579],[3.8194629530787125,47.75094053837872],[3.7996388710911777,47.74696228955881],[3.7864864529887265,47.76380138484456],[3.8588791031679994,47.79165730256933],[3.865854432226181,47.808912968599884],[3.8389217762910177,47.821860348913056],[3.8237987588876536,47.85863990829705],[3.796592452523603,47.863118223398885],[3.7964684633760166,47.87978506490723],[3.768662456517011,47.91606648418364],[3.7417933449207426,47.91480594978966],[3.7215968790997094,47.88892338031306],[3.6920116270104804,47.909174338815475],[3.7309867635924086,47.93622088521255],[3.7089202291751975,47.958061130702],[3.6729862179990107,47.955850827399814],[3.6456690279106656,47.9658094309095],[3.655687527691641,47.98102069744039],[3.649761968409134,48.00705860476205],[3.6079336553433627,48.00306562237932],[3.57704400468718,48.00783139106927],[3.5604897281955443,48.01974926544229],[3.56749530415995,48.05120219668653],[3.544073209796236,48.07564777264605],[3.564668904606413,48.10430951125332],[3.5878607150223236,48.12356087836007],[3.6222279839619613,48.120870057461836],[3.6811939021345155,48.108126779242674],[3.6983188137255434,48.11389144288163],[3.6915886327341934,48.13613728974649],[3.713427988796688,48.149101363866016],[3.7005512735274673,48.17782273020607],[3.725833016983364,48.210388576016214],[3.706737944446037,48.25473464101002],[3.720932703865878,48.28331781709093],[3.7048017303022855,48.2991189209971],[3.713637488972874,48.31257058428083],[3.675022330322876,48.34070765104466],[3.7036179227753694,48.35825666867403],[3.6122982308885354,48.38661606218948],[3.617961780446186,48.408793469443836],[3.5554347336258756,48.41709798189713],[3.525990355391116,48.46900431353512],[3.486823394227932,48.48149324365021]]]}},{"type":"Feature","properties":{"organisme":"CPAM HAUTE-SAONE","feature_role":"zone","svg":"047_Haute-Saone.svg","source":"Canvas utilisateur + SVG exact","flat_map":true},"geometry":{"type":"Polygon","coordinates":[[[4.2182958121404095,47.621095535013026],[4.252451621788529,47.65139335829235],[4.252978111788882,47.67946779791604],[4.294724202236986,47.67689450134147],[4.333097771823216,47.691711128925455],[4.382793980499194,47.67949973757626],[4.422044632673194,47.71397040829987],[4.44078226855682,47.70830260343293],[4.453165540547456,47.6786311236998],[4.512802417251661,47.684950703337265],[4.551353109688014,47.69303272864497],[4.544984554325318,47.72169114034464],[4.554590071815371,47.748791119156095],[4.5714960077106,47.756905953258666],[4.566830820777306,47.78225772366791],[4.540407250957948,47.7830320167445],[4.542347561867523,47.821595559791504],[4.561152163696844,47.84018799010308],[4.595617947932607,47.83368518003832],[4.609706777115152,47.840099572972775],[4.607601162126698,47.86662856595912],[4.625499295731992,47.8779896696761],[4.672283674596589,47.86549470930822],[4.72011779293183,47.92780025531995],[4.739752570515495,47.92231730833501],[4.761696656714431,47.933127684224004],[4.755188498931914,47.94919319325181],[4.771289315517971,47.969057839797244],[4.79014884117083,47.9719113065721],[4.790324979765473,47.991185718774986],[4.809695711426274,48.00534012054555],[4.83369236190853,47.99167436806346],[4.810820275472396,47.975800903853546],[4.827695851529151,47.961171579217385],[4.845576805399195,47.982601098845464],[4.8706063093155505,47.98339973167315],[4.9009636324684935,48.00507914992582],[4.9194446996441465,48.032913914293694],[5.014254600213042,48.05417465279221],[5.040219575245317,48.0355988157534],[5.0364328359958686,48.02361412155965],[5.053003884078936,47.97847795748964],[5.0796346749481565,47.97949543694741],[5.095489643255164,47.96518733696449],[5.126693147481992,47.95820489569051],[5.1680010103747644,47.98058900484614],[5.217622622005667,47.976033084043486],[5.261401072760473,47.989647640116296],[5.330416833346687,47.97081067048186],[5.356044343746152,47.931738029010845],[5.377502100940083,47.91554306381212],[5.44671463193189,47.92779127866106],[5.468970892198971,47.95834177472381],[5.5151008711035505,47.97100583623174],[5.550713629594121,47.94226299179323],[5.553546491633981,47.93087293305559],[5.616663214035439,47.90619890895262],[5.652599474299644,47.88537446346199],[5.702142689210439,47.872983247031826],[5.709979588831908,47.85233907335392],[5.742990620931315,47.834498778846374],[5.730362918422877,47.81644190021493],[5.703229960869651,47.801533178303394],[5.673917278028128,47.7652135330081],[5.672934430962008,47.7404213021157],[5.68976208073067,47.72694810019506],[5.699674126761762,47.70165534377323],[5.693627837692983,47.68141515696717],[5.719968818117248,47.64713663355952],[5.698318484276413,47.635618334253124],[5.724301678749725,47.59009654280838],[5.726525603419197,47.56968446888335],[5.716581471975973,47.55557623581697],[5.684972481024839,47.54325954247715],[5.654866855294404,47.563224106801535],[5.630231223301546,47.55875426763086],[5.582634933061868,47.56379209048995],[5.5580537071276135,47.539729685888446],[5.5203633607921585,47.534372715347324],[5.489286149735126,47.54861459038564],[5.4755669538813,47.536899144135866],[5.491805706271432,47.51266324218238],[5.4811976711705395,47.497280180778446],[5.460231690057967,47.49432616523334],[5.440170416035335,47.50825551244761],[5.423211846605469,47.49807202609331],[5.399534651372249,47.507666410709945],[5.378548603109806,47.49788520695252],[5.365417549964947,47.51430002965147],[5.317182141492662,47.52353814407656],[5.229633375033586,47.507127191298075],[5.172887664381734,47.44126589289543],[5.155367230202258,47.44344559960822],[5.147865445923351,47.420656518933654],[5.117185597879385,47.41707744310677],[5.089074566158323,47.42517586047393],[5.045967199647637,47.38104952593836],[5.003167571748137,47.38880669516284],[4.962712194429865,47.345101475444025],[4.919482932684418,47.33590542309883],[4.911349705795118,47.327694736713696],[4.857150015829156,47.31491757838102],[4.84254101639844,47.32664142902155],[4.80175376668799,47.33458753004284],[4.782751034511876,47.32017395199419],[4.731498782915391,47.30205006193737],[4.714681757410043,47.28675181002113],[4.651503381013935,47.27649604114801],[4.639847594012452,47.26349552500047],[4.597314031871754,47.247606279372604],[4.561994432323505,47.24894086245258],[4.538036097753999,47.2602024675484],[4.501408484343359,47.2390226256327],[4.46040314448225,47.24371791928457],[4.431353192044056,47.23673328124039],[4.428798304721326,47.25193665524814],[4.386211059908244,47.26858201995459],[4.372348147493178,47.28947431684271],[4.323593866201398,47.30275783512915],[4.345168401423439,47.31884566560528],[4.340008448698299,47.35048209907065],[4.349317325126019,47.38026120872522],[4.328721302728882,47.3856339458172],[4.3014266068112175,47.37362296038284],[4.281181957329969,47.430952988705776],[4.2539287494652465,47.45564857326546],[4.2224483217181135,47.45851646844489],[4.246118501119116,47.49495423776628],[4.296451761140294,47.492284180191795],[4.322238254772026,47.5254256598146],[4.337721641237555,47.52498092379168],[4.348833354420671,47.55382212157922],[4.3281009783737066,47.61141768071339],[4.273374424470112,47.63584821962163],[4.246380661135763,47.59877504221133],[4.219292547086745,47.606462014265105],[4.2182958121404095,47.621095535013026]]]}},{"type":"Feature","properties":{"organisme":"CPAM HAUTE-SAVOIE","feature_role":"zone","svg":"048_Haute-Savoie.svg","source":"Canvas utilisateur + SVG exact","flat_map":true},"geometry":{"type":"Polygon","coordinates":[[[4.687374811736817,46.042942307320224],[4.691890498810197,46.079559604181526],[4.713757037007565,46.10883984923247],[4.738397306221966,46.08861691888308],[4.767331583427086,46.086800058152406],[4.776923288725196,46.122355353986556],[4.808260079741513,46.136257704337176],[4.843805277560415,46.13708141280583],[4.874524327386767,46.14909989750495],[4.937852961187118,46.1458052345281],[4.944653925298568,46.158003623321505],[4.98717114621564,46.15858802814169],[5.023123330587661,46.14681279502547],[5.074005668834557,46.16577601404305],[5.085402586236506,46.18701800474934],[5.13787107622367,46.217289301908146],[5.181371396350614,46.227089780073435],[5.215696198045579,46.25697516698975],[5.212661019066958,46.26936968226571],[5.17100425261869,46.26113287605248],[5.139522575871706,46.29217842519771],[5.148887584376362,46.31839087337561],[5.180502324688815,46.36810272749673],[5.208532010353927,46.38658618138626],[5.251571234066977,46.39076825422889],[5.264550187235929,46.37248426046858],[5.299375899172746,46.35942648223293],[5.321979023700209,46.37882586060812],[5.381772707809739,46.393961386652755],[5.396799719576868,46.41466315078057],[5.428527933316793,46.42842861081388],[5.462317434965539,46.41794479883666],[5.507422836052381,46.42619849544396],[5.556795980877274,46.43009094489036],[5.649124636139929,46.4324323119601],[5.7195715101479205,46.41729198749221],[5.736876937431612,46.40410953400683],[5.699538653946684,46.37697165501211],[5.714187010443667,46.35356968057524],[5.751974230379535,46.33436752302685],[5.762159632828517,46.319252700737955],[5.79852400546675,46.301390006188875],[5.787472203232888,46.27041791962593],[5.772808477908429,46.264500921827036],[5.734834084947842,46.21787969821146],[5.743613851891896,46.19574266603287],[5.722774234004811,46.17398109456736],[5.727585072311112,46.14831140870169],[5.746750034688385,46.13897192278813],[5.834741500754381,46.13185175697661],[5.819557817348087,46.10346068417268],[5.82759783116937,46.09154041704417],[5.807921360059812,46.05712253219157],[5.824459485208046,46.04776185236157],[5.862436647322472,46.07129803247094],[5.8908738255424336,46.055317607145255],[5.92591734278066,46.00956759103543],[5.9481810782362965,46.003333134503805],[5.96600964881834,45.981989980600545],[5.9611028102127745,45.960864448891705],[5.981334693839639,45.955011477790265],[5.98848639265095,45.922146377067484],[5.964425230327358,45.91417064623894],[5.94573795248612,45.894653027208136],[5.948115372667625,45.8804105402077],[5.933827976724576,45.86324921080277],[5.891082106946474,45.8538813425483],[5.879110033154556,45.840272329432246],[5.832328390866185,45.83566660974911],[5.809711049054352,45.838631808455276],[5.752203646688082,45.828511486361165],[5.736619281272188,45.8069116848128],[5.7458192884674535,45.79867133060861],[5.7351978959051655,45.76725022804689],[5.68581649453281,45.754292227506625],[5.669595330123581,45.732268720712455],[5.640179196990606,45.70812346333478],[5.619108042636545,45.71212896179381],[5.6261739472455625,45.729570015242516],[5.612915273965271,45.74227397000308],[5.615678470983086,45.759234497598946],[5.586323464129241,45.788448488477],[5.524010314946252,45.784248361703646],[5.4981402602154725,45.806501573341365],[5.471841527263987,45.81727609041576],[5.4583370125992765,45.85527371183893],[5.488733315096087,45.85575155746735],[5.493401390902446,45.87099187451477],[5.4783726970955735,45.8873530634134],[5.432158274744689,45.8991085727443],[5.4100736084009995,45.883751028679804],[5.385757294938313,45.8780157875485],[5.3587955634455415,45.836430297932004],[5.338037345212957,45.791914429658014],[5.294948648822878,45.76475671528241],[5.237291953890403,45.67452852902336],[5.212175172011369,45.67468868151879],[5.185973577937279,45.66505759991341],[5.143684380518288,45.66600535739918],[5.1351912453378565,45.68431132137133],[5.090826633341963,45.683834466782955],[5.0971171460313265,45.71541758372907],[5.079009436598757,45.731014132611165],[5.041639779962885,45.74601802363302],[5.025910795904764,45.735566523368306],[4.978610673920938,45.722924092578374],[4.946854996622659,45.73188959626028],[4.936615957422893,45.721792569565224],[4.902757209928122,45.733257410645656],[4.863904709683286,45.75936279457728],[4.8712164964577225,45.78122051536735],[4.852047024972867,45.7992826355985],[4.799960308166177,45.789930093885346],[4.758144851042895,45.830597130176905],[4.763714836424544,45.8485971912071],[4.753246952261744,45.877213812905275],[4.745730806516416,45.925348717747404],[4.713244593965536,45.93160112322613],[4.716058704988417,45.967123224404936],[4.690356700648444,45.98580296880549],[4.6931326374097315,46.0219758896782],[4.687374811736817,46.042942307320224]]]}},{"type":"Feature","properties":{"organisme":"CPAM HAUTE-VIENNE","feature_role":"zone","svg":"049_Haute-Vienne.svg","source":"Canvas utilisateur + SVG exact","flat_map":true},"geometry":{"type":"Polygon","coordinates":[[[-0.49341758735651775,45.676817276665304],[-0.47694070658949445,45.68001414166634],[-0.46955954006928435,45.70435055566031],[-0.431874470231321,45.725627571175025],[-0.40404520337275934,45.72863702029191],[-0.4114692425271728,45.762885430021],[-0.4025805091182624,45.773621691242155],[-0.37031973747017505,45.771109290599256],[-0.34393726307953515,45.75487030012357],[-0.3334453059504102,45.79032849909607],[-0.31690662581426576,45.802681140536926],[-0.2861964479548947,45.85582164902287],[-0.3010395840105136,45.872601800142036],[-0.2918060797513427,45.908005232280225],[-0.25256121382727104,45.8932845597815],[-0.22604158374588945,45.89947458274578],[-0.18619297352972403,45.93066615928523],[-0.1652994306194904,45.935452459506294],[-0.18333537954997994,45.99148011062342],[-0.21661109385957195,46.00475247782939],[-0.24498346915049535,45.99961571002005],[-0.26181237933806745,46.016701362545525],[-0.29676556970368234,46.03053070095871],[-0.2873602431553868,46.047562925806034],[-0.29582742726175,46.0617844426969],[-0.2803740791329113,46.09249270800121],[-0.2998167720491881,46.10236254937176],[-0.29124520658942593,46.11596068612303],[-0.2808497343452464,46.156203754963826],[-0.2995133276263908,46.18802944144926],[-0.3206777378260308,46.203131675169395],[-0.30563234032573416,46.2209900062664],[-0.2657724919880803,46.222096192812174],[-0.26847654385937925,46.23617512992676],[-0.2517658432181636,46.2569647587422],[-0.22666370101336103,46.26180222208788],[-0.21078918293639004,46.28385283009193],[-0.17694017509954993,46.278919431638116],[-0.13935582837068972,46.28333199609784],[-0.11826343947275794,46.27743626403881],[-0.08335147856481169,46.309717372317024],[-0.07796168993517472,46.34396743909449],[-0.053679981541462085,46.36498717301944],[-0.004511413724886636,46.36451004591509],[0.02372513028468846,46.350839447234925],[0.031242220624641923,46.36709171452767],[0.059167088081326986,46.393006285936906],[0.07993309735205044,46.38803936146762],[0.10883366540345554,46.39214693750334],[0.1240873704313464,46.36917534766342],[0.16737359903894097,46.382994887218935],[0.2122659434131827,46.374979968340185],[0.23247860886970698,46.39482579199629],[0.26785292209816813,46.4060764321989],[0.296872988681003,46.3793700989119],[0.3237425856929033,46.36529703556972],[0.33028327669428986,46.35039813502411],[0.3604872845160256,46.306801703274814],[0.3424175755332903,46.29933938766114],[0.3184742829338978,46.25793708559499],[0.3324173790233613,46.23785305635266],[0.3085407957065044,46.23506571152255],[0.28838566042786934,46.210737556358694],[0.33099113073334435,46.170419402020165],[0.3729980661480781,46.17472309242601],[0.38640251691016125,46.143802054314314],[0.4257528632231186,46.11828918765843],[0.4118872226389664,46.10474566470824],[0.4255768889510294,46.076689452423146],[0.46564419929670453,46.06464460105595],[0.45395780806572034,46.04508216442622],[0.4723367318554139,46.02109549094496],[0.45891248647510346,46.01138962481862],[0.4612989831651461,45.9808492764238],[0.48893997933104894,45.9806499853975],[0.5012506207568088,45.96365468565746],[0.4904573160059732,45.944815951997406],[0.4551108260763661,45.933594610047365],[0.45250750607255824,45.91137709326019],[0.4707640179047123,45.89560377857873],[0.5033609161363136,45.89622863161076],[0.5042778179368032,45.91013366720372],[0.5420188401048808,45.91194741659461],[0.5680609902950486,45.877769362888095],[0.564188440101185,45.866016170084514],[0.5287920828218845,45.86851321355493],[0.5289696736562621,45.83305589024222],[0.6071167223846469,45.80978687512888],[0.6215225978049294,45.818850430716196],[0.6473245257729511,45.81521351656231],[0.6903333436929997,45.83193400901027],[0.725479786394007,45.80502438504626],[0.7668537999039616,45.78378046779095],[0.7858064447232336,45.784014936162386],[0.8220823733033839,45.77125301681841],[0.8361370575145469,45.73062422326456],[0.8162624439949112,45.702503606987605],[0.8224496086570784,45.681451185382706],[0.8412012660645242,45.66611633684618],[0.8471214115267512,45.644415489187026],[0.8215324907341531,45.64474425593322],[0.8165011548123502,45.63066909314815],[0.7652837129003345,45.63067098242183],[0.7225255736828626,45.649004420404275],[0.7126975358772842,45.62335206515041],[0.6829326678913473,45.60970012183136],[0.6374574966420675,45.600676033891304],[0.5906779472522925,45.5693185884054],[0.5885943687235957,45.55592442246015],[0.5536465369187327,45.537352047492135],[0.5209970916032682,45.536351997328055],[0.5116661459240939,45.51400987867275],[0.48256309266149877,45.506765703498075],[0.4455937540528847,45.52217380111296],[0.42900882464448165,45.5082128581349],[0.4020520826737045,45.5238227477318],[0.3752226280819422,45.51038792641075],[0.37018691970190926,45.486133821735066],[0.3300112587915658,45.48349994469414],[0.30651058888728927,45.44958471924407],[0.2875584174896416,45.44521341770742],[0.2661277993513117,45.42170943776676],[0.22325257722127412,45.435297231197715],[0.18115739348414203,45.42941697286963],[0.17513288947259129,45.40442897580836],[0.1631994761769831,45.39392081916307],[0.11722098384332141,45.41366603327198],[0.09316239745566632,45.405302303769055],[0.06950893275025916,45.426603849057265],[0.03973011785907103,45.42152129421825],[0.022778989576031826,45.43933400904634],[0.039706577460160423,45.4591331927145],[0.07259813733738801,45.47877865601103],[0.041418445868155004,45.494448405466024],[0.012620682825345269,45.49974954388325],[-0.018850442890484514,45.48804309662932],[-0.02489981805921271,45.50047674432901],[-0.05349610236208128,45.5132040656801],[-0.06624488106592492,45.52942928735353],[-0.06590337114737224,45.55788888865949],[-0.07919580734805827,45.5681429619559],[-0.11792558972333904,45.562155595111705],[-0.15937808702987652,45.571594079823335],[-0.21067727551014231,45.55672434643815],[-0.2353549090669937,45.57942620546168],[-0.25159476487284055,45.57003982910422],[-0.26908169976762947,45.537905164753965],[-0.30175031693731014,45.530967085636725],[-0.31017713322379115,45.55248346180047],[-0.3345530329377654,45.547023267090296],[-0.3649858581818858,45.57559460263069],[-0.352919297796336,45.58624505530496],[-0.3395943271430384,45.62782864782393],[-0.35237059286076383,45.62849512300386],[-0.3750643779760195,45.65201490183965],[-0.4021039244254593,45.656485897326036],[-0.41722243355624705,45.648146512359986],[-0.46757315740095046,45.649569085701316],[-0.49341758735651775,45.676817276665304]]]}},{"type":"Feature","properties":{"organisme":"CPAM HAUTES-ALPES","feature_role":"zone","svg":"050_Hautes-Alpes.svg","source":"Canvas utilisateur + SVG exact","flat_map":true},"geometry":{"type":"Polygon","coordinates":[[[4.279190601132698,44.40406388966741],[4.309317418933081,44.41151202534183],[4.340177006059954,44.39883057604945],[4.363074458282644,44.417565525067204],[4.3274034866181665,44.42856172520163],[4.321333546871582,44.44785168066931],[4.343488971322878,44.474501331223756],[4.382015940765799,44.4748385631491],[4.4303744800130955,44.45759787615053],[4.473787445148596,44.44796116758555],[4.487091058159027,44.455607326092526],[4.501154132199051,44.48579752993256],[4.537673517023328,44.486723246748106],[4.498500540880041,44.52111025052423],[4.466765620447339,44.530155861785616],[4.488184040155289,44.57243034311768],[4.515638036780936,44.60068711289433],[4.5131466152023085,44.644425659264726],[4.601918491989633,44.63250539065699],[4.6311805326854865,44.65731021431921],[4.669794690931062,44.64753061676731],[4.678965657804635,44.66943147285818],[4.70668396335587,44.68199168635603],[4.7080249528493345,44.69743789831126],[4.681007610523941,44.70417026159866],[4.708558477679971,44.73955039867161],[4.728530977291014,44.75184362125631],[4.77277406951748,44.74907566466055],[4.784638219161061,44.75920105279307],[4.807861758561417,44.75482949629122],[4.868710854638689,44.78379677917148],[4.866196247446828,44.79415020901872],[4.836412990147183,44.80833897040772],[4.867559039122739,44.82336338186173],[4.894581505536358,44.8254558789594],[4.921178441915209,44.844268639882024],[4.949315216878403,44.8215454438396],[5.0071431790155785,44.85104627207359],[5.024352708990689,44.86995187700508],[5.069014814806895,44.862052381156225],[5.095920827322465,44.867208081922946],[5.152914228212821,44.86080299949776],[5.172687898535604,44.879750315189675],[5.20558493037334,44.88308487755808],[5.243175416402728,44.856708409924686],[5.262463993017141,44.86484060129446],[5.258270025821164,44.89152084417594],[5.26628987000487,44.903039211096846],[5.26214448398223,44.93638447628165],[5.26652719970962,44.9551175908696],[5.235115395189006,44.96135088798743],[5.2345098817110705,44.98504323674608],[5.22005760886904,44.99604479706659],[5.227381577964128,45.01712034107822],[5.20458033808631,45.02113719654238],[5.153655614741846,45.013188783306205],[5.103292359040448,45.02962420887903],[5.12007496662398,45.0856636625924],[5.144211097531188,45.08969106664777],[5.129720814219946,45.13159949332426],[5.162458325940229,45.150910154910285],[5.203182586485727,45.13175105626151],[5.236893471225798,45.14204313617509],[5.270235020098541,45.127791286210524],[5.281443141967719,45.10631924606373],[5.272403139000414,45.09149333698478],[5.302969401846958,45.08280848877243],[5.349973035858965,45.083845247268414],[5.363903940825983,45.07242328297451],[5.400128490281448,45.0772067727159],[5.393840156921036,45.11390378102296],[5.42596756297357,45.133061528078],[5.445704924456964,45.12238431718062],[5.4733580258561725,45.128468223185216],[5.494871783343081,45.148569332525135],[5.535917602737445,45.14705870293918],[5.551160324997223,45.13428133194889],[5.548556201785021,45.12568251412931],[5.585097570619761,45.09457544978655],[5.581715046967928,45.07400647065495],[5.596136571381505,45.04150836608551],[5.652164485782958,45.04186190209455],[5.670837186520485,45.03605486165996],[5.679072642375697,45.01666723206312],[5.664839044117262,45.01018122488341],[5.692098845718027,44.988866928953264],[5.681261731639997,44.95892019094794],[5.678923006347039,44.919444772807154],[5.700462815538703,44.917212526945875],[5.73709970602335,44.88904060116521],[5.797498419248604,44.86179160235226],[5.850684165513644,44.856570058882916],[5.87157983659681,44.87423044858978],[5.912590166814866,44.85772839203686],[5.948543042048363,44.85058307207254],[5.960751552781503,44.822072166511326],[5.941154135450796,44.79779360891934],[5.967740569798672,44.769293429258255],[5.9672256614249966,44.747007400065534],[5.987831154436269,44.72258702181834],[6.01108969794212,44.71790606647636],[6.023127604997363,44.683386163144846],[6.004844208906151,44.682281836763096],[5.966939364495429,44.69409307953077],[5.9274998199067355,44.69049880783146],[5.8973111771169355,44.671031268533724],[5.887752170296158,44.655107521783435],[5.852120851108077,44.65988752279014],[5.816076931094261,44.628504084966494],[5.792963996685917,44.626341890319964],[5.788545116717901,44.61225354101647],[5.731823412320459,44.600845086856786],[5.697163193197154,44.58238986171089],[5.665988531797155,44.54582865845098],[5.6281396209366195,44.531318372126904],[5.606843923904115,44.53336301735293],[5.593925617036597,44.490215338299066],[5.567832623562488,44.47681627850454],[5.556032224016407,44.433554688782756],[5.466677420801503,44.43295879968437],[5.451843454906567,44.43839733120686],[5.38456300225572,44.43736121378333],[5.3768270748316604,44.44913141877297],[5.346655667018624,44.45960760037902],[5.323315780812696,44.45786214465713],[5.310213405808551,44.482328988413364],[5.266450321743984,44.51223736501466],[5.240289824565316,44.498739411872066],[5.257048240320566,44.48622767090211],[5.246986252783874,44.459467889111416],[5.23068818041278,44.44985802125009],[5.199479006255256,44.4677907356742],[5.167272422054764,44.45130767674452],[5.139212422676229,44.44688346229107],[5.167119793007321,44.394972079306136],[5.145324081680172,44.36588788629951],[5.131167527058712,44.362485465388104],[5.0734591026340965,44.42339223821675],[5.05523256697106,44.42600858650967],[5.054496736042901,44.447015503642646],[5.012778453240098,44.46109583532996],[4.974566010418815,44.46097948065338],[4.967027709279553,44.43613251524642],[4.9185490724531675,44.417451355912405],[4.912374901724123,44.40199118991545],[4.867630343221499,44.38834252460446],[4.842286792963959,44.375197012717486],[4.825249121219688,44.337351545913336],[4.782004982844752,44.29403451677899],[4.813066460008691,44.28354325956432],[4.799970740531698,44.24091251300578],[4.800252653666901,44.2201712967714],[4.765376438648763,44.243597235019216],[4.762153882193343,44.26239305217225],[4.731975527644867,44.27485988935792],[4.706196136717859,44.2516532910662],[4.7091541358776405,44.234329066382415],[4.744307632996451,44.216078335656825],[4.767344062551396,44.18011997674242],[4.802042158666612,44.172281348511554],[4.796366847336693,44.158545003121844],[4.711387949607181,44.16891239769331],[4.676443064594624,44.18228043603746],[4.656614952127874,44.17378744463683],[4.634473342237864,44.178633514256155],[4.590769973816392,44.16684042902851],[4.567854713923217,44.15320844368623],[4.550962345994879,44.15835786404923],[4.556358828824811,44.202244711441246],[4.54757284441065,44.20955362738013],[4.550827567275625,44.24730243701258],[4.52065253010177,44.2439506656045],[4.504258044515687,44.256822346540524],[4.510291143434203,44.27267884896391],[4.479024714631525,44.28185724626708],[4.488464832361142,44.30726047997819],[4.404549363095504,44.307964217439235],[4.388087947931437,44.324575401668504],[4.357930546714055,44.311595109185575],[4.332995581869943,44.326614164656135],[4.323720132142144,44.34437527427127],[4.296671911232187,44.34508821846037],[4.305087185733878,44.36852628375505],[4.279190601132698,44.40406388966741]]]}},{"type":"Feature","properties":{"organisme":"CPAM HAUTES-PYRENEES","feature_role":"zone","svg":"051_Hautes-Pyrenees.svg","source":"Canvas utilisateur + SVG exact","flat_map":true},"geometry":{"type":"Polygon","coordinates":[[[-1.4273134683391129,42.867448055712],[-1.3794603097166607,42.88573997284697],[-1.3909110875699537,42.946582108337665],[-1.3856577475343665,42.962290670266725],[-1.3621253543128036,42.96668318739633],[-1.3570853656206332,42.99667370567799],[-1.3197467128094065,42.99207659975046],[-1.2945435523479387,43.001682228226045],[-1.2932737153005307,43.0246454036854],[-1.281381482689973,43.044723458393804],[-1.2848682422111457,43.0741986611274],[-1.2637299404928342,43.07665885078095],[-1.2377827162364328,43.092468765244],[-1.2169901137491144,43.123708516176194],[-1.2080867817926841,43.14773534347513],[-1.1557001583556208,43.144600659627926],[-1.1607620545278152,43.194600396129275],[-1.1327628393499525,43.20294903862423],[-1.1025653832313007,43.24363927418284],[-1.1314057399057986,43.25919057630425],[-1.1332937588880005,43.27566267686491],[-1.1110565955202485,43.30608182477765],[-1.07404619687007,43.30183723515695],[-1.0539577116841332,43.32399685338902],[-1.0905959607729165,43.35302361327422],[-1.0892669520406308,43.37388733153442],[-1.0750999488747541,43.404376663189154],[-1.1027155827624509,43.427248360118064],[-1.1207210303729551,43.41501580467657],[-1.130149100916008,43.3916474388274],[-1.158455592062468,43.41535315124449],[-1.154528438636728,43.44767404885808],[-1.121144873681637,43.45990276464801],[-1.1373553530344804,43.478433628184646],[-1.1277766962822509,43.4997918627361],[-1.1533983331519873,43.534106670308994],[-1.1792414063524082,43.54673550613216],[-1.1875857180938725,43.573367813234746],[-1.1670421237583315,43.581679940300475],[-1.1636959925073915,43.59878871367143],[-1.102511507864827,43.59733442187421],[-1.0928621408205181,43.58643022337178],[-1.0878067408221992,43.55600587421851],[-1.0691048684529774,43.532666960240945],[-1.054609932882408,43.534325260902506],[-1.0266512157670176,43.506851632309676],[-1.0009211860800389,43.51233117202574],[-0.9912295561062775,43.49788732924833],[-0.9677367436532696,43.50562230532728],[-0.9483696286441676,43.48193252551293],[-0.9434961660120061,43.45107400415623],[-0.9284540049269082,43.450772721397016],[-0.9108230903151994,43.42690640287659],[-0.9407927696693728,43.417513512064886],[-0.9234244558087437,43.38090022089024],[-0.9024761334043219,43.384659323465016],[-0.8937074290527334,43.351267409617584],[-0.8414753404631045,43.34784589226217],[-0.7924510826657748,43.36768224858784],[-0.7687984665888767,43.35248049326717],[-0.7405841909499148,43.35177155830358],[-0.7398452239652489,43.328008596701444],[-0.7284986176135533,43.3227314782234],[-0.6767731491073832,43.33649013150229],[-0.6689289263298775,43.31259532275716],[-0.6191832328716182,43.30683551915313],[-0.6171747016873343,43.320399278809205],[-0.5613523319808145,43.3052648145404],[-0.5547632664754487,43.31305587321488],[-0.5094198417603827,43.30884098652259],[-0.4469470903982209,43.28964097652427],[-0.41651637613681414,43.27834556276858],[-0.4347835223224604,43.26796428017097],[-0.5051997094358195,43.21034991390767],[-0.4812865966166336,43.19364128280475],[-0.5043240093756515,43.181689601027955],[-0.5405930800995482,43.184922665990726],[-0.5422477907432748,43.160823020016466],[-0.5715057501556503,43.13490366222402],[-0.5901563073487637,43.12639527590375],[-0.6195397123358339,43.09871023860823],[-0.5964232442106608,43.08457933916209],[-0.5245123594913262,43.05957903656994],[-0.5235602324712345,43.047873999580304],[-0.4980600170887888,43.030639872556534],[-0.4896319228085827,43.00399825474513],[-0.5183673606122136,43.0043407921606],[-0.5222669114950537,42.976109814741726],[-0.5147742752059065,42.96211070261557],[-0.4873175879367515,42.98250107009256],[-0.4616382580180673,42.98422386966583],[-0.44462445115210714,42.9966279359824],[-0.424140318781607,42.960838141116895],[-0.44069337256853325,42.94839744722906],[-0.43305701863941387,42.93149938836409],[-0.40495101790868504,42.92067586395225],[-0.40864986643453977,42.91092975352947],[-0.4463541368863504,42.891158560209966],[-0.4667467550146178,42.85443948427042],[-0.4777764510393595,42.8237585987066],[-0.4946944440554434,42.81361167419928],[-0.5235172773210912,42.81557025547794],[-0.5814367957350686,42.831106898836126],[-0.6031890798268582,42.76745246380905],[-0.5960605226075351,42.73778678929057],[-0.6036148425535858,42.716320428010064],[-0.5956726282924928,42.70548702550657],[-0.6042878795042362,42.67204885438208],[-0.5732078266599399,42.65296033803541],[-0.5803696897067456,42.6424570781966],[-0.6245893535564004,42.63206811788576],[-0.6598581202642653,42.638361269482736],[-0.669889627614861,42.655916961387334],[-0.7046214289357564,42.666619156404394],[-0.7396689523599549,42.64722620881859],[-0.7452922006121331,42.62380704178723],[-0.7746696262659338,42.61497948389263],[-0.8032054940548198,42.63698844386116],[-0.8091763694845711,42.65775808313872],[-0.8443496548566456,42.659546689621855],[-0.8661524424219005,42.67207727223804],[-0.8979706410393579,42.67983714901126],[-0.9140406560880747,42.666687795463815],[-0.9391056233742971,42.6643375252673],[-0.9656770113452675,42.651392263864096],[-0.9875948567138488,42.658609034257736],[-1.034269338505899,42.6368330326438],[-1.0567449212921558,42.64273611824797],[-1.093705048855739,42.62343240252291],[-1.1454372664664096,42.63275010241587],[-1.1550271466503024,42.65860695734565],[-1.1903487528352727,42.66232793781417],[-1.250855969834793,42.74226914585091],[-1.27052432133139,42.72942712956008],[-1.333637370720928,42.75325816742641],[-1.3739455346707992,42.78196143440829],[-1.4126368759477466,42.79647988572734],[-1.4060050604564016,42.818305573903174],[-1.4273134683391129,42.867448055712]]]}},{"type":"Feature","properties":{"organisme":"CPAM HAUTS-DE-SEINE","feature_role":"zone","svg":"094_Hauts-de-Seine.svg","source":"Canvas utilisateur + SVG exact","flat_map":true},"geometry":{"type":"Polygon","coordinates":[[[1.0020682715764608,48.86404157838311],[1.0089159869289497,48.90155020606836],[1.0243067703976807,48.92345663025223],[1.0563889178825696,48.93727232522652],[1.1242093232610084,48.9756658685133],[1.1463858463991963,48.9801802166353],[1.1823064731330577,48.97473040230371],[1.1917090796639143,48.96170812928779],[1.1752759509072572,48.94514303206706],[1.175396416074084,48.9296010249674],[1.1331880025060268,48.9068109610497],[1.1142157459056627,48.909147518292805],[1.087590324729151,48.897648371060306],[1.0801535452741833,48.881994253068484],[1.1349160284168245,48.86114682365129],[1.1876703458412599,48.84586260161716],[1.1746059985764878,48.81665937580753],[1.1817250205893115,48.81058365817385],[1.1647519862733728,48.78389221434643],[1.176758721138966,48.77726336844531],[1.1705672911499243,48.758826193406136],[1.1210679764352685,48.789738782307644],[1.089190230931639,48.79434806723198],[1.0827522590731402,48.8042650101964],[1.058813278354247,48.826542700609004],[1.0391743185358775,48.82526471351163],[1.0328662374015145,48.8418818015232],[1.0078247488015832,48.844988358512445],[1.0020682715764608,48.86404157838311]]]}},{"type":"Feature","properties":{"organisme":"CPAM HERAULT","feature_role":"zone","svg":"053_Herault.svg","source":"Canvas utilisateur + SVG exact","flat_map":true},"geometry":{"type":"Polygon","coordinates":[[[1.4187969383690457,43.31009812067855],[1.4285138148520142,43.34017487080122],[1.4247523490252467,43.35546121187893],[1.441504119537422,43.37535350544156],[1.466954401876857,43.38847671977674],[1.4378161324127172,43.39930684293414],[1.482502176483545,43.4104277253874],[1.5161790514261437,43.43483758743298],[1.5421603937032253,43.44496715127723],[1.531269926087683,43.477971158277654],[1.5319240390746551,43.50945027514902],[1.4896831018311754,43.55159633623367],[1.5054599666852104,43.567916955081856],[1.4882123746089935,43.58607657056037],[1.5032078035870002,43.59768655379352],[1.5199484821458265,43.6447644295917],[1.599385486739271,43.635439969002284],[1.6355980037863582,43.60257664319093],[1.6779802586735992,43.613676523291744],[1.7000771341241188,43.63032661008085],[1.7961770517991458,43.64577992486666],[1.8091386168486316,43.654326769368254],[1.8083869484924437,43.68109774652106],[1.8255784855701718,43.68871839274577],[1.8372595794766957,43.686942863750865],[1.8774208701079762,43.704010484765476],[1.9286518027948543,43.68645883327124],[1.9567431965527677,43.687536389857975],[1.9650685776800156,43.70423843369276],[1.9495903858721253,43.71207672865384],[1.9490646565682719,43.74383747388903],[1.9729898391399938,43.76758171964867],[1.9531387799289714,43.78242687605772],[1.9450061312637925,43.80480894693297],[1.9564347453013031,43.81079355564479],[1.9559019261558173,43.83429721913731],[1.9867058418901247,43.83773313440783],[2.0288627566957915,43.81909293488945],[2.113546436626019,43.81529794335292],[2.1548661195072594,43.83308628394044],[2.1569682148790106,43.84632007287637],[2.1394159350033477,43.86262185307678],[2.181978817817683,43.905985775999206],[2.227095117830225,43.898414822376175],[2.26951679923627,43.92279531507096],[2.3390207122958993,43.92077398989184],[2.354695336841128,43.90637489405924],[2.3464572538330506,43.87951823458749],[2.3794208118972024,43.879125693180555],[2.400244952701353,43.89809795877477],[2.432578844547429,43.90494859684037],[2.443060799223726,43.89412290285668],[2.450967782753338,43.862099794429675],[2.5006020497353156,43.84995523522568],[2.5232373642326222,43.86149711499439],[2.497995070180955,43.872797562179485],[2.5484353119134817,43.927495017735524],[2.5998473671604487,43.92205977245932],[2.6100732751009095,43.96002812633873],[2.662431906191136,43.986288638383044],[2.674647170598715,43.980628096263],[2.716664410879518,43.98200711529376],[2.730161636182179,43.95651900003833],[2.755212769700585,43.95541292453517],[2.7644422788146175,43.93652259620813],[2.733577806729525,43.900710762628236],[2.740485071619451,43.8870879058954],[2.786006917154965,43.87705168232621],[2.7954328428886495,43.886472588179345],[2.8598524954654363,43.89125470503205],[2.862570012466374,43.8670314226052],[2.9157557551881785,43.844901942578524],[2.9043998961072757,43.823213056126605],[2.9177407969131695,43.80708225442375],[2.9468218366064005,43.81779625968031],[3.001064143392424,43.790699954161376],[3.0016162449419737,43.776532249267404],[3.0348226977039,43.77169789253324],[3.0648802663115657,43.74036225021389],[3.0972178180896566,43.73644694982624],[3.1171335569867553,43.707639967132074],[3.1163908313195567,43.687263763329156],[3.149790678643786,43.651588957210286],[3.1461889826214167,43.63652480320311],[3.122915197325259,43.60445450194576],[3.07590957499422,43.58297561109714],[3.049526061648502,43.57891710993389],[3.0606383011824336,43.56124255619722],[3.0518920099549667,43.54626428060578],[3.0046608920200906,43.54939159059474],[2.9573924898266255,43.54376877509566],[2.9126265253064125,43.53039961839685],[2.8481033402146436,43.50555682710635],[2.789391221473927,43.47312690852432],[2.7322067439312003,43.424774910679574],[2.6568482565920273,43.39769364821673],[2.6576461685428936,43.38224978330531],[2.6232073386822994,43.37326868944856],[2.5909400189956,43.37249140982987],[2.5284579827252904,43.333191080602944],[2.4819121260567245,43.29428120086355],[2.431108079845335,43.244377631972554],[2.3863661037745625,43.249284615951474],[2.3475165717326325,43.26329668543826],[2.301861468185985,43.25664599586969],[2.256651556917554,43.24188483736372],[2.1722236799323724,43.197527238683335],[2.148221482109185,43.180419354375374],[2.1163184927167915,43.204420553951195],[2.1065166857932214,43.21868735418069],[2.0795851322547794,43.21277121431022],[2.0499184453109978,43.21612061672209],[2.023361679358685,43.23141471890939],[2.0117508280491743,43.22277868751052],[1.9774418694647922,43.231455009098866],[1.952674050075792,43.25026090473637],[1.9011409363842662,43.25551922534496],[1.8994172149912727,43.292762602725574],[1.8390648237011955,43.2839517178535],[1.7756528968201426,43.30248781659937],[1.7791781499384958,43.34002903596053],[1.7600784049589826,43.348210587776116],[1.7563238480241896,43.3020710307671],[1.7250513515410062,43.29401348381362],[1.6759666980218253,43.262980280467936],[1.67092841729001,43.242317846446625],[1.655551887925954,43.22559654099952],[1.63481329644304,43.22212106261581],[1.6193834696702345,43.23553417723245],[1.5797143684476698,43.251190309861435],[1.586617642786796,43.26328965538809],[1.572592161332616,43.29153956554554],[1.5360741180402253,43.26333923408571],[1.4759499184450395,43.268018152180915],[1.4581365745971053,43.30482867538477],[1.4187969383690457,43.31009812067855]]]}},{"type":"Feature","properties":{"organisme":"CPAM ILLE et VILAINE","feature_role":"zone","svg":"054_Ille-Vilaine.svg","source":"Canvas utilisateur + SVG exact","flat_map":true},"geometry":{"type":"Polygon","coordinates":[[[-3.399179167833629,48.09482864476621],[-3.3949765831320153,48.10707147925119],[-3.358177675723477,48.11519346546909],[-3.333536033081653,48.13414388990951],[-3.328459646007549,48.16753801209508],[-3.2912447527425694,48.179366337280555],[-3.2940785935866046,48.214518331546024],[-3.2688073063726577,48.225113558097235],[-3.2309103586268324,48.229003467747994],[-3.2132796550004454,48.22182699852779],[-3.177779720037076,48.254600942203176],[-3.1536729518390714,48.270184608022255],[-3.1123860446315006,48.25049355328246],[-3.0958046623317594,48.269032404686094],[-3.0501888631536027,48.29056110522785],[-3.062977595509261,48.317698984217145],[-3.0232160666246144,48.322367210099344],[-3.042905196393686,48.345439324530666],[-3.0332428056120855,48.369242495231504],[-3.0315871509674372,48.39959172208627],[-3.0475324730012767,48.40916174945644],[-3.0441509890990663,48.4274554572003],[-3.0181763209071084,48.44286638856771],[-3.0213712992977424,48.45973807943496],[-3.0048373149529453,48.5027212016297],[-3.0197687211482522,48.53216585755839],[-3.0438655522672247,48.52516822280811],[-3.0576969630331923,48.53724359223216],[-3.0902546336842085,48.583454548378356],[-3.1079239050348324,48.597681219815655],[-3.1261888222160086,48.625955773096464],[-3.1262399641096734,48.644041067046366],[-3.0939556796983205,48.65330443700167],[-3.067328135203165,48.681143526588116],[-3.033960857944581,48.689915146760875],[-3.0000301519011083,48.68586747801592],[-2.9839362995556202,48.694904379613945],[-2.93981847716123,48.690635862673574],[-2.9270070483775275,48.6764312167812],[-2.954599474878902,48.66154412654521],[-2.96392428572197,48.64047640600059],[-2.9358445612975257,48.60776394132201],[-2.8610205499908363,48.59448502640804],[-2.7423284197420372,48.602758186048526],[-2.6477084740858188,48.61983820384589],[-2.6144805226232175,48.59192989147364],[-2.617985552374173,48.57130858858334],[-2.5926126343434497,48.556782261542935],[-2.607655686555964,48.53704163157483],[-2.593196748608281,48.5286514224831],[-2.567905719912196,48.49585865548976],[-2.5618547809796146,48.475227229737804],[-2.5190492304212944,48.47198110407309],[-2.4978039214654206,48.447165815130816],[-2.4487829166886597,48.44131630029595],[-2.4090119534354595,48.45871637358273],[-2.3922382803867746,48.4833221688889],[-2.3402679127772936,48.49725540728162],[-2.333043878394033,48.52348747603698],[-2.2639856105483243,48.53257968412524],[-2.2448082069893665,48.518372894844134],[-2.2265433748831605,48.52099343822997],[-2.2013310357205707,48.506748173755845],[-2.183954663631385,48.51128316062933],[-2.1203949438415863,48.49762140968442],[-2.12620849292685,48.48795730955891],[-2.1156189151182354,48.43700699477267],[-2.1336538975883235,48.4182569264882],[-2.1273649501142087,48.39516499974436],[-2.1028764524017296,48.36596014185306],[-2.114069937271692,48.34928872222472],[-2.0932845063874663,48.306475883735345],[-2.1321792831879782,48.27524311911884],[-2.1524664103450157,48.236431863341224],[-2.122943302412868,48.17198582374307],[-2.1291256842548645,48.153678398028205],[-2.1086859706348777,48.118465459726494],[-2.097225786647679,48.0547098562567],[-2.069462844990967,48.032739425420694],[-2.0813061621962206,47.995335729116],[-2.0639153807338455,47.97287436971494],[-2.0670690876108537,47.9544804229769],[-2.119304026619963,47.94032929544516],[-2.1526742873577325,47.94784797946654],[-2.1772296920998984,47.93105419192607],[-2.206555630818318,47.92299240922313],[-2.212276642060272,47.894814196456636],[-2.229701660314542,47.85048133233901],[-2.251123227556434,47.84176821872634],[-2.2432607072513124,47.81880895657742],[-2.2691910021397668,47.794112497018155],[-2.271304952061806,47.78018463258799],[-2.2946114918461937,47.75767112212749],[-2.3025242848647127,47.722433171969556],[-2.3789462843531566,47.738574122249645],[-2.423258525751082,47.744817407059976],[-2.454737206629111,47.776248375047096],[-2.483579106215612,47.77525879199973],[-2.5333951515379756,47.78254975702261],[-2.543958302771659,47.772761040169556],[-2.534803243278058,47.753862291647216],[-2.574342718308547,47.74673209821291],[-2.5993554164719095,47.73063722252246],[-2.6680489552069577,47.71993068118471],[-2.692137852534545,47.7072294605022],[-2.7122672195711384,47.68438024091707],[-2.7149411556937975,47.66284804043112],[-2.733211200961147,47.65028778069758],[-2.7705949049301806,47.65253303098911],[-2.804767892631613,47.637398506180055],[-2.834632492376241,47.64649216588546],[-2.8560370620297286,47.636909985298416],[-2.9087782936701596,47.644930816146186],[-2.952416252037794,47.645462671254975],[-3.028372371151971,47.62357155627703],[-3.0476042810310457,47.60766327293369],[-3.06282936383065,47.62522162484462],[-3.1051471879237327,47.60704267055967],[-3.132874370595254,47.60390233253439],[-3.148480381517205,47.58541268761613],[-3.1738440066473745,47.58584244320623],[-3.1972215624834943,47.56424216455802],[-3.215496289555989,47.58332255992024],[-3.2051057657469255,47.612280330874036],[-3.2243746434178107,47.61839913212262],[-3.220980749073468,47.64800018406847],[-3.2337852785145333,47.66022775525608],[-3.209890937068281,47.67551464744864],[-3.1573044848845164,47.67754659970076],[-3.1847594049357815,47.70329087325281],[-3.230472553085926,47.70165496174378],[-3.1717530197734036,47.73269186577815],[-3.16994920884722,47.75488624571381],[-3.1479453936016832,47.760822596392615],[-3.13351892122585,47.777171076030506],[-3.150207192431665,47.78583221554041],[-3.1502744416422104,47.80510314033131],[-3.1919181002663417,47.78867828412682],[-3.1973151525872496,47.808871395216094],[-3.218405808100076,47.82824345114761],[-3.206511240019522,47.850960703472616],[-3.1853123394555216,47.854307875948585],[-3.17941142602973,47.86923589996112],[-3.20006633153512,47.88607900243569],[-3.2133425563649625,47.911136030756296],[-3.2478705604626996,47.936565201816116],[-3.2796123576920326,47.93248884492853],[-3.311953268629319,47.947455884056836],[-3.3414841765088843,47.95239564035635],[-3.394073423002748,47.94373258581211],[-3.39070716478931,47.98125304373832],[-3.3511215458784407,48.00946105030196],[-3.300472562246303,48.00816241542649],[-3.2759698605061645,48.02119332965825],[-3.2939347260305936,48.03951855433719],[-3.3421286863130732,48.03361221181514],[-3.365356993490753,48.022981173353564],[-3.3657060566082793,48.06927073787164],[-3.399179167833629,48.09482864476621]]]}},{"type":"Feature","properties":{"organisme":"CPAM INDRE","feature_role":"zone","svg":"055_Indre.svg","source":"Canvas utilisateur + SVG exact","flat_map":true},"geometry":{"type":"Polygon","coordinates":[[[-0.2487162689607722,46.72009493425587],[-0.23069227794223168,46.72721553722777],[-0.18802847903610237,46.72986393874019],[-0.16509807631935117,46.70831834467836],[-0.15240815118134077,46.70949122894429],[-0.12691071929643977,46.73757880506785],[-0.09711607050143085,46.73097702894259],[-0.12297388733552869,46.77358582793044],[-0.10620862486808885,46.790506647875965],[-0.0864174856600907,46.843302294827026],[-0.07443495057618096,46.8894508376193],[-0.07010719638132369,46.92602069514733],[-0.04334413661728456,46.94233098377544],[-0.05779532147896854,46.96694763014515],[-0.032885862843133,46.99036030687784],[-0.02203083225370448,47.009848518079295],[0.005516185962732841,47.01867769591833],[0.028516548062674677,47.0170895353612],[0.08072881350214739,47.031301612747704],[0.09521927724796792,47.019432205590675],[0.15573148905576867,47.01150637727931],[0.18141324230672917,47.03135183065976],[0.19828915904988023,47.065141057932955],[0.21761742067811138,47.06484141192098],[0.22452342959301597,47.09982166497304],[0.2632885303489732,47.10411290570527],[0.2733606895168156,47.11819773300441],[0.25359409729297416,47.16752436464246],[0.23244572980673958,47.185901990893164],[0.3109487639212044,47.21403257991566],[0.3347236689275602,47.232235916959375],[0.3603035388680357,47.24127205317524],[0.39514374427858917,47.24271170239123],[0.4403257402207328,47.22897663333637],[0.4559141485233026,47.26138224615109],[0.48409096881266817,47.26690035970222],[0.5101380784087078,47.262630817439856],[0.5115289638843279,47.28296820434102],[0.572529985633522,47.27955851032962],[0.5888364497505159,47.263360585978575],[0.6307908247512711,47.272133980945185],[0.6413902602309581,47.28371252306647],[0.6665335514369748,47.26069216201256],[0.7048094805194424,47.23599643555564],[0.7392101582197912,47.23880013338943],[0.7710572732352644,47.223544694110075],[0.7745298818577467,47.17941007471386],[0.7548076167475642,47.17545784979039],[0.7407754792472151,47.15657331157116],[0.7067644475002356,47.13126668797575],[0.7236727742216693,47.119192529909405],[0.7541415815691026,47.12057189366197],[0.7817379043986443,47.107271351154495],[0.8173697942493369,47.09958743135224],[0.8548881333962524,47.10282014652424],[0.9052742075175343,47.12485255730658],[0.9370756645826926,47.12668135267196],[0.9664653583740737,47.10296397819784],[0.9915220542921148,47.104758351298905],[0.9993229549060155,47.06846448922872],[0.9721162054499725,47.04270941066404],[1.0391665098021687,47.00945896350568],[1.055512561140025,46.98991792743371],[1.0150204017491806,46.94446557932235],[1.0156303196080185,46.92284954176354],[1.0570165729149117,46.901256885828836],[1.0948674208236107,46.90578939844374],[1.1041666553263088,46.89961900514042],[1.0876371866048156,46.87513663836376],[1.0539640352122317,46.857591526350724],[1.0239087261127047,46.82230212821342],[0.9929919963548507,46.812119401962555],[1.0179890934128977,46.79041593162938],[1.0503264423249623,46.77641107930986],[1.0645101987612666,46.759848712496186],[1.039722509004168,46.73354595014375],[1.0111362214349673,46.7202062725128],[1.0591397075236555,46.68775806795083],[1.1056231591108905,46.66740940579213],[1.0880747570973912,46.641161537156584],[1.1415519158097647,46.61466034663725],[1.139579646330961,46.5877598469255],[1.1183030610282707,46.55829758523241],[1.1247550601314953,46.534212400168435],[1.109537190910304,46.52478410928416],[1.133170639820416,46.49494061957034],[1.1578495127281212,46.44784146294502],[1.1460954199263633,46.43281399409732],[1.1076134797115942,46.42338977801896],[1.10540940734048,46.39433470986676],[1.1195880472277053,46.383810538959985],[1.0795437992030477,46.37916870618659],[1.036740442391005,46.36736301797097],[1.0212122110594262,46.378863577469936],[0.9898620681217574,46.38029421632642],[0.9358785623825703,46.39015970382737],[0.920104742390079,46.39945564439305],[0.8635711120989004,46.39084826366673],[0.8476176493953234,46.40304511373082],[0.820601239032876,46.39132646422867],[0.7533802277594206,46.388341195853656],[0.731080090689038,46.41444388108627],[0.67771403344528,46.409107849599934],[0.690967296383423,46.38543917792],[0.6570234572119195,46.3448783573721],[0.6393440634121494,46.34759498072492],[0.6105454679165924,46.37509174160775],[0.5699274295086006,46.34170827683088],[0.5377407887661481,46.361103697992135],[0.49083582339977155,46.361080845299384],[0.4661846620461574,46.348232502177574],[0.4637508623026,46.37300658368329],[0.4409442067881521,46.3830941869876],[0.37871119573996564,46.328634223949905],[0.34978426459733764,46.31632585941408],[0.32862218856959513,46.2986268184814],[0.32208853446300695,46.31353556261019],[0.2952214499835725,46.327606082316116],[0.2662142722925976,46.354295151958034],[0.23084589113717416,46.34304653403886],[0.21063261149743234,46.32320842580402],[0.16576571601303697,46.33123031807796],[0.12247879323371826,46.31740628153973],[0.10723166020439465,46.340366814609936],[0.07834587163627763,46.33627113192213],[0.11362711980279668,46.384490063004414],[0.05111778514292297,46.405212858719956],[0.052478067737844455,46.430319304525256],[0.03344776018859914,46.45382222876761],[0.048335591615216014,46.461242642176586],[0.005273868047227827,46.492042008812405],[-0.016510658100565487,46.498978748750325],[-0.08693985562656027,46.49750224833945],[-0.09319556758237815,46.529918890459484],[-0.12212890056437067,46.52744603315864],[-0.17096232777303363,46.54397614929599],[-0.19727364404046957,46.55994874401001],[-0.22005444945668123,46.59063223612173],[-0.20728839555991393,46.61399515695562],[-0.20539307984976743,46.65094602283209],[-0.18493254815274307,46.66451109035675],[-0.21337612815283485,46.70743211437246],[-0.2487162689607722,46.72009493425587]]]}},{"type":"Feature","properties":{"organisme":"CPAM INDRE-ET-LOIRE","feature_role":"zone","svg":"056_Indre-et-Loire.svg","source":"Canvas utilisateur + SVG exact","flat_map":true},"geometry":{"type":"Polygon","coordinates":[[[-1.061582656873555,47.1831195569491],[-1.0414551425377079,47.207902150553565],[-1.0463696966987561,47.23625518734324],[-1.0352719744797245,47.27504951877737],[-0.9945805557900464,47.3264689427382],[-0.9632519280569638,47.34041038677482],[-0.9611060105984172,47.35829212924601],[-0.9258900976826314,47.377582604381026],[-0.9416457374624287,47.38449176804076],[-0.9420849977420322,47.40403940096828],[-0.9235984040402309,47.42457523249237],[-0.9279644492431933,47.45409441848515],[-0.8986840828885981,47.49762748907249],[-0.887262366099636,47.50645938172403],[-0.8823748016583857,47.533287391412316],[-0.9069861340308218,47.55119358337913],[-0.8928701749317942,47.579126125258114],[-0.8723803815484434,47.58698474784393],[-0.8772523699472564,47.6191463205224],[-0.8465102357265649,47.6233703944867],[-0.8267503687171587,47.60773543426256],[-0.7793389182211561,47.603327674277594],[-0.761901999709912,47.58910026169793],[-0.7209635229268774,47.57772583894295],[-0.6956540379057297,47.58841676048743],[-0.7016158726015925,47.60475795437943],[-0.7357061631355842,47.638482743943555],[-0.7025349667413957,47.654336681854296],[-0.6733772679685893,47.63012451882249],[-0.6460057003090802,47.631844107085286],[-0.6390419116298995,47.65250815790517],[-0.5951156635649927,47.65900988211007],[-0.575793067537891,47.66978394045191],[-0.546561216150987,47.67176949020751],[-0.5305253752831965,47.68689113056408],[-0.5043967595276269,47.684651912240504],[-0.4728509057674808,47.69979814598561],[-0.4732942022034233,47.7119276427127],[-0.45560313010734654,47.72776685228316],[-0.4098522443934588,47.71731011625824],[-0.38221643039758263,47.70218716781021],[-0.3426177116582423,47.7145946929463],[-0.31078485709769677,47.70294797915836],[-0.24129590838171644,47.69502606379839],[-0.21547732578343531,47.68673615365759],[-0.2320585134987789,47.66153914261187],[-0.21059835552621728,47.613130072103424],[-0.17377451304431227,47.61868206814504],[-0.15275426318134058,47.648314481671314],[-0.07618198213882377,47.63537494213619],[-0.0813718997478274,47.604297007612956],[-0.06349280351213302,47.59769674580009],[-0.05193604247683008,47.61927879699487],[-0.0324211106856198,47.62181237133572],[0.012943509982904267,47.57570152342181],[-0.01840520878427121,47.54750964464547],[0.010594834087715756,47.52160010862303],[0.03240075931058935,47.47643321141455],[0.05174526240366724,47.472926496342346],[0.07334813330831298,47.455077765600024],[0.0534716031771517,47.433259204997825],[0.03170758607466445,47.4338329176609],[0.061159926878128476,47.38463968093161],[0.043116121359391794,47.371556067234806],[0.06265025468038932,47.357154271601885],[0.04533103067497955,47.33022372390438],[0.03327966883995711,47.32746985355272],[0.04711736239014588,47.29680304975976],[0.06774202917762698,47.29402317397456],[0.10445138805541679,47.26835687620331],[0.11584386373802608,47.28213820173673],[0.13780370782391294,47.2797550001457],[0.16853258233462023,47.291780318588465],[0.18960927527750335,47.27036781507733],[0.2233954204898045,47.252342729748264],[0.24366837693679802,47.23201755676094],[0.2775937995746004,47.17808269474186],[0.2987416848902826,47.15970692782645],[0.3185213619260179,47.11038440280327],[0.3084426012837543,47.09629018396811],[0.2696553794327315,47.09200449345404],[0.2627555346788713,47.057018223692495],[0.24342223786181846,47.057313669803875],[0.2265398880187574,47.023523885891535],[0.20086136449190348,47.00368311850493],[0.1403273656890061,47.01160862953382],[0.1258390929283497,47.02348329514189],[0.07360521630343554,47.00926452744018],[0.05059885602562608,47.01084983830031],[0.02304659249669866,47.00203057610006],[0.012184721407805459,46.98254144076046],[-0.012721275378306002,46.95912382395167],[0.0017276664042926004,46.93451057561881],[-0.025052357041295194,46.91819506474681],[-0.029369275671125454,46.88161647766194],[-0.041351007735000125,46.83547189595649],[-0.061145322633708664,46.78266231091808],[-0.07792098629435545,46.76574742480312],[-0.05206643993323043,46.72314248104251],[-0.08185291293873234,46.72974551277745],[-0.10736496571354187,46.701644697385184],[-0.12005425185351629,46.70048156335827],[-0.14299461869168453,46.722027942325354],[-0.18566358764707755,46.71938096634787],[-0.20370025499842304,46.712254927872216],[-0.24532632275468924,46.742310806320305],[-0.2623078285171835,46.7609443919794],[-0.265135980899088,46.79622317007962],[-0.3254320097308625,46.83084978992673],[-0.3758405599173796,46.875504513979564],[-0.37393883156094426,46.91134098408969],[-0.3884667615210697,46.950585986509246],[-0.44777242989622634,46.96208703952474],[-0.46608048128869445,46.98528189964356],[-0.5206738730215192,46.97951930774222],[-0.5086000203096581,46.955820476645684],[-0.48456738345074435,46.94882828541858],[-0.48411478963317794,46.934034532255765],[-0.5231504513035841,46.930057233784176],[-0.5496052910967658,46.93488696054993],[-0.5880392276665665,46.93226072651047],[-0.6488975569566365,46.914223324121174],[-0.6552562517075387,46.901948054438165],[-0.7312613587767831,46.92270973018961],[-0.7750160642769732,46.90249303626055],[-0.7893515434655293,46.91002698472177],[-0.8005218456575813,46.94805277326207],[-0.7927943366679319,46.975666631657866],[-0.8028572451094107,46.99647359674709],[-0.7917448819200132,47.02249767704608],[-0.8034547735929827,47.03279208965466],[-0.8311611590069884,47.02469264203419],[-0.8589313970992652,47.05089698439874],[-0.8983424796368595,47.03159568122449],[-0.9339251442579936,47.05051858012774],[-0.905891722475525,47.07180091291398],[-0.926482002053363,47.09616749544677],[-0.9523122524644587,47.08436331903388],[-0.9756066648895668,47.08903358871027],[-0.9741671484216284,47.10354782574907],[-1.0370270721126846,47.10573071082801],[-1.0608786440798068,47.14772763529145],[-1.047549641477939,47.175368928148835],[-1.061582656873555,47.1831195569491]]]}},{"type":"Feature","properties":{"organisme":"CPAM ISERE","feature_role":"zone","svg":"057_Isere.svg","source":"Canvas utilisateur + SVG exact","flat_map":true},"geometry":{"type":"Polygon","coordinates":[[[3.5968630684376843,45.4144808091361],[3.6114439841081105,45.4248839105434],[3.609537659400647,45.45093014774858],[3.629506608250968,45.449444868477926],[3.636129214998206,45.46851871684279],[3.6980751446399993,45.498874269445565],[3.7266142865790233,45.52318380869143],[3.7223197182466596,45.537868767103426],[3.6967125645726004,45.54403957060498],[3.663551151665203,45.574583378060254],[3.68391781987356,45.5911860560519],[3.709891393985401,45.58177311920243],[3.7221279141588197,45.5974055707078],[3.7609925338468386,45.61100767169368],[3.7884131358757522,45.6105503972248],[3.8351409437359076,45.61815724821898],[3.8625079108713254,45.60848728891619],[3.869567120171292,45.62936160042477],[3.9046699613527602,45.621023767532755],[3.9014980346250407,45.644436446726544],[3.9255477446940117,45.66152236688065],[3.927048059761056,45.67407355116489],[3.9780818589182427,45.69859463534809],[4.00211611209609,45.7195381989309],[4.031956292990606,45.720891099638166],[3.9966900376121646,45.75147459023715],[3.9635802002348095,45.752946890024695],[3.961969654304103,45.78113034693431],[3.935963825872856,45.78034891553518],[3.9263580597775736,45.80834323809566],[3.957930567029836,45.80035333430041],[3.970181799319135,45.83120704555249],[4.03259661711043,45.81981043139802],[4.050013203986259,45.810545832439736],[4.065492677835818,45.78755726293937],[4.096571902356262,45.784290579694286],[4.144692558445288,45.80666023642787],[4.1677695850201575,45.829786263573155],[4.181419746750802,45.868515018089894],[4.210052240274979,45.88551090127274],[4.232828010485952,45.90692600289879],[4.298272779607727,45.873926837000454],[4.321286702525321,45.851679223578316],[4.30824980441404,45.826440214261964],[4.345103878726321,45.79876820468868],[4.3716164583251205,45.77095805945711],[4.407147111648604,45.74750250692049],[4.41713532353986,45.731110988218475],[4.438045959449653,45.72789448631034],[4.469907924913375,45.704987542083934],[4.445743202920354,45.6922753621868],[4.481202814349868,45.67888730321516],[4.498356915846131,45.6625183829142],[4.520670062068245,45.62213133590381],[4.519957112848184,45.61262519037406],[4.574983640710617,45.55803259551671],[4.571409445685772,45.54122193053091],[4.590845774058806,45.532293560601666],[4.614153855240557,45.50807409094442],[4.621396630094484,45.48606446268555],[4.639655644461583,45.473785025903986],[4.635094189920117,45.452899340308115],[4.64370766595902,45.43656357860659],[4.687851564546009,45.44028616856624],[4.728125643992791,45.419871423046594],[4.763878173948459,45.41515702907755],[4.79068839765379,45.404956649248085],[4.802592239145574,45.3895799082171],[4.822189315498657,45.38775397268301],[4.813666588715158,45.41695896329549],[4.833494406097953,45.44676939888018],[4.8386334694068704,45.467923148981896],[4.827916235973533,45.47884252337852],[4.8812842877249,45.4958956753026],[4.907661000161915,45.47786386323984],[4.928413639679689,45.47590333186569],[4.925973494428003,45.45540436478849],[4.969408419903548,45.438762835210134],[5.0127460277849565,45.445435172594046],[5.019580815125211,45.43286232112929],[5.056466665506847,45.43438720755673],[5.069323350918841,45.413510454138084],[5.103879433710432,45.39206230807643],[5.122228475033545,45.34883962776442],[5.111524536955907,45.31250131357682],[5.0860453157069445,45.306594111180544],[5.056408013231103,45.28083359029501],[5.065893597975799,45.252977545901174],[5.0500012025354755,45.234222127810725],[5.085687615084052,45.19014284405884],[5.088302967098314,45.17529829655164],[5.069362312211382,45.139372347058284],[5.087812672466145,45.13571747443372],[5.117085422233042,45.14932120064601],[5.157670388441999,45.127286013774416],[5.17996821856287,45.13473571992138],[5.197289535762478,45.12418752531862],[5.192277459851009,45.11066373802445],[5.159561356935016,45.09134822066167],[5.174035638190201,45.049414687981105],[5.149926392537451,45.045387508175],[5.1331268009324535,44.98932386395278],[5.183505566423263,44.97287881738419],[5.234409652394524,44.98083245948692],[5.257206318255219,44.97682254481155],[5.249878537517299,44.955733063079066],[5.2643127090794,44.94473052039882],[5.264922094548105,44.921028945743636],[5.296334894801209,44.91478520383564],[5.291969428123846,44.89604874720792],[5.296091770561765,44.862686752121526],[5.28808620001043,44.85117159255059],[5.292286995237943,44.82448391912123],[5.2729960106538885,44.816344885044174],[5.235416258887012,44.84273160008962],[5.202526706779414,44.83939046752723],[5.18274677219189,44.82044103727597],[5.125765736196425,44.82684839641679],[5.09885749723494,44.821688241725965],[5.054214191090445,44.82958913258776],[5.0370136344400205,44.81067733138825],[4.979190360093269,44.78117100500676],[4.951063631332,44.80389627515717],[4.924458375931783,44.78508838864215],[4.897455688231102,44.7829828405163],[4.866320582774033,44.76796188389258],[4.896097316692403,44.75376694923257],[4.898611224039699,44.743410079189864],[4.837763721459915,44.71442913280346],[4.814558812142498,44.718802267652784],[4.802692092393538,44.70867769512429],[4.758457735231202,44.711439740723684],[4.7385009924190395,44.69913699724831],[4.7109521246367665,44.66374657307256],[4.664337966999228,44.65215619080234],[4.6450083018584944,44.66939348254868],[4.613333062224647,44.67823830255223],[4.54851947548634,44.68128977281237],[4.527364070703964,44.71119943692081],[4.481885617606685,44.72460230528305],[4.4799042512242755,44.73785160123366],[4.434230975334408,44.73390766599532],[4.355850618306184,44.75265406968387],[4.377416583075214,44.78517397706071],[4.355351706934867,44.78814597498045],[4.36704795437784,44.83225735684648],[4.375879092179019,44.8901802828096],[4.369432798666743,44.937205107638384],[4.385553807855857,44.968769328476434],[4.37217940225743,44.98708006550658],[4.3570582739106145,45.02914929690051],[4.374552444030494,45.06110907005765],[4.34979713830175,45.0615655116828],[4.339712943644205,45.04715035394529],[4.275260493878374,45.010171077779425],[4.22840423262017,45.02451010347636],[4.200215931843113,45.02600511882905],[4.182874618430418,45.03770997576875],[4.1278760637850676,45.03569366500424],[4.1044319188116125,45.05488410217879],[4.059404881813998,45.06069733461345],[4.046679864692586,45.043843240271066],[4.022923012946323,45.05031194890624],[4.037845330423523,45.07493251460694],[4.063583196628985,45.09876313032046],[4.064585907558922,45.15214843130762],[4.039982354151802,45.18229394494085],[4.060171257030441,45.21553615846709],[4.051653121786455,45.233706817275674],[3.993676219525827,45.2333603734783],[4.011495829016454,45.284111804463315],[3.945169155845859,45.268553270303194],[3.9228418688430433,45.30784736650225],[3.886591745753668,45.308801588356246],[3.875765342106539,45.332139284152014],[3.854247127920323,45.333957199188106],[3.8245245136360984,45.318351588048756],[3.7897983008446,45.310803517323144],[3.7392668579453736,45.283532553964655],[3.7172201664624263,45.29615727078426],[3.6559386425566247,45.28464502820711],[3.623718925584906,45.30316480737851],[3.61464675488565,45.32917594838611],[3.626342447583676,45.34429055532661],[3.6088846632194382,45.35564212020628],[3.608567619613291,45.388182608507215],[3.5968630684376843,45.4144808091361]]]}},{"type":"Feature","properties":{"organisme":"CPAM JURA","feature_role":"zone","svg":"058_Jura.svg","source":"Canvas utilisateur + SVG exact","flat_map":true},"geometry":{"type":"Polygon","coordinates":[[[4.154265427814347,46.99233930900933],[4.179049723077543,47.01271032323965],[4.204288835270548,47.01702993092612],[4.211744679008425,47.03296457151535],[4.175215961923079,47.04221484897335],[4.184169211096516,47.064463310706394],[4.224305204807314,47.09118128825523],[4.291373404699114,47.10102642721477],[4.317148634086052,47.13513716315687],[4.315064521523163,47.14781351994725],[4.347863631820565,47.16736292925497],[4.367942438320853,47.20876584528361],[4.356093024157785,47.2221899749551],[4.3896811286172195,47.24477847116195],[4.3833294854001315,47.25926672368321],[4.395798217618734,47.28036191250757],[4.398107109344737,47.32098216703298],[4.415424466997512,47.3171695120959],[4.429858291396894,47.33683863450674],[4.443723818261331,47.315939070264506],[4.486300286305218,47.299287254824996],[4.48883388679498,47.284086061432234],[4.517874249681897,47.291073511039315],[4.558869599103424,47.28638267047861],[4.595483549407456,47.30756279187221],[4.619427105981002,47.296295892722874],[4.641521527018333,47.27036867022676],[4.64238665649975,47.24873340837071],[4.67778468146991,47.234365200730636],[4.685774133452085,47.22081247599058],[4.711836962639709,47.215363978506815],[4.710722057140615,47.19943678975893],[4.73830151066355,47.195366152432804],[4.748085255259806,47.16933420444039],[4.731247179458193,47.136371083586255],[4.693477749399252,47.110890726771906],[4.710597900253854,47.07445054533161],[4.664578876562987,47.04907279813626],[4.673730721576634,47.034410815045554],[4.713805288260897,47.03816160351465],[4.737353305902829,47.065957720902055],[4.746067648164105,47.03381537795408],[4.767518362623807,47.02606995743898],[4.843627508986948,47.01646230570224],[4.862447124100788,46.997573923509236],[4.879803477725703,47.005442762426384],[4.904139383792677,46.99659652131932],[4.916002405731792,46.978701544801254],[4.899537157719402,46.96232428434683],[4.933737927181208,46.94705603020413],[4.919196542321746,46.92049673107017],[4.949844355709268,46.899977885238556],[4.943661802321518,46.883153909668316],[4.965209942731391,46.87377472247147],[4.973424818149054,46.8584791678299],[5.006722990429123,46.86929746677665],[5.033362490540749,46.85059178624609],[5.078829730280257,46.83409714264519],[5.122583239640162,46.80699581914756],[5.155235030124368,46.77105102879198],[5.132791482936844,46.759315343360036],[5.127581454494969,46.744935694596876],[5.085253653011495,46.72747093713643],[5.056942015150307,46.70879464588624],[5.011672172200679,46.689293848726265],[5.049333078489694,46.64816261690067],[5.000704174884995,46.62213199687412],[4.9896197326975855,46.602623680923216],[5.076924062580867,46.54593465762992],[5.083932410970441,46.550109437120774],[5.103261192765144,46.537307878777774],[5.057394381668503,46.49916794638166],[5.04081574446957,46.46899972287336],[5.016806155725591,46.45061942131473],[5.029413073395276,46.42640216212979],[5.006559816383545,46.40007846190835],[4.970411858639559,46.368786916632835],[4.922253844372483,46.342669740006315],[4.878071209705089,46.28646418013938],[4.853468417990192,46.28607848278258],[4.844028403941072,46.25932339994663],[4.8289760326432205,46.26205441242879],[4.811947750070937,46.243598613132534],[4.7819887897899225,46.23585549550048],[4.693459006461201,46.24201302896137],[4.650949367638947,46.23380022797134],[4.640169887132246,46.25603951901593],[4.639771190873477,46.284579211589985],[4.608076920800247,46.28669831666987],[4.570935204645771,46.31675894378567],[4.537646238982551,46.305588015387556],[4.516480402942003,46.271697019401],[4.483866383347445,46.26824797063666],[4.458379680095056,46.24288192180671],[4.43550914399707,46.23636622760882],[4.385885602926355,46.23708401601489],[4.368798293539936,46.24697101990277],[4.3878926631613355,46.28991449541868],[4.379220122794271,46.298650005934604],[4.348634684299549,46.28986662360607],[4.335964710597318,46.31501108023871],[4.310890026574777,46.314999350437056],[4.280865789215039,46.328819045567094],[4.282961813987215,46.35844147651808],[4.24699651729688,46.38108781516883],[4.2021575857519915,46.392384280774856],[4.223854909211681,46.41168076381847],[4.21439438555699,46.428515598611206],[4.227779693164287,46.445231837452134],[4.280307989979552,46.44294957113471],[4.324867189645976,46.45695821664342],[4.316365153156104,46.48540268215189],[4.292204440700087,46.50175730592015],[4.265244134503702,46.508968945987164],[4.276001713254348,46.57014540790587],[4.313894361481727,46.57174447004266],[4.325771370193333,46.607553286282204],[4.350925608911333,46.63105158638438],[4.323946490077406,46.6493682169588],[4.330800937756483,46.66850314110306],[4.302661374428051,46.681085209568614],[4.315642069914297,46.6926093193356],[4.300689900390749,46.72719538697605],[4.266464538274176,46.7295117563647],[4.271940841248658,46.75101284727258],[4.297153427140963,46.7686478717498],[4.25757297582755,46.79529616113751],[4.236619497603043,46.79826208340629],[4.231985074097056,46.816071665491606],[4.317318859109075,46.83722520210038],[4.358410028122202,46.830789508394346],[4.372978322670185,46.84620914461659],[4.369234027562592,46.86150437912112],[4.326197334739402,46.866615651344596],[4.308776136310448,46.875043113368605],[4.310365223224028,46.89794002945807],[4.297047089128505,46.90254426765412],[4.26830303081389,46.89064442986389],[4.231831329372491,46.89784142102209],[4.208739669217995,46.93412044994035],[4.210413431128303,46.94760942365239],[4.174965765265329,46.94477547907587],[4.1595824416395475,46.956062087999115],[4.154265427814347,46.99233930900933]]]}},{"type":"Feature","properties":{"organisme":"CPAM LANDES","feature_role":"zone","svg":"060_Landes.svg","source":"Canvas utilisateur + SVG exact","flat_map":true},"geometry":{"type":"Polygon","coordinates":[[[-2.654508917003837,43.452461698292076],[-2.6200100566819997,43.49773989355894],[-2.5866322283042265,43.54867399070377],[-2.5682869239760278,43.59544915115583],[-2.5622347601712794,43.64432201457868],[-2.5349473739067414,43.74253785946668],[-2.4986488437393595,43.85811111763917],[-2.459552788335075,44.00844544568666],[-2.4370254439003234,44.088862288402154],[-2.3972822074168367,44.28928720888252],[-2.372961600534188,44.446408940159145],[-2.2180549992876992,44.48439228847147],[-2.195741110037935,44.51563576175621],[-2.1340768314770244,44.48940685478664],[-2.096782575404435,44.4945899216097],[-2.0856648178356454,44.46398370512698],[-2.114207730782984,44.41453827912575],[-2.0737761617589436,44.407423842788404],[-2.0208028974457006,44.42246234315007],[-2.013263854948435,44.415726981025315],[-1.9409632327176758,44.3962238620329],[-1.90844598882248,44.39876182317026],[-1.873107421120727,44.408659387354454],[-1.86645256465302,44.41974953971205],[-1.8225924035932728,44.42663804813576],[-1.7712889091857131,44.42448839834692],[-1.765117141545446,44.4385158873097],[-1.7153778592255633,44.42380408828479],[-1.714022431831625,44.37613533212899],[-1.6543522012427845,44.3598960914238],[-1.609195714098846,44.34119734508953],[-1.5980906378213073,44.31422507773372],[-1.5572649957795328,44.29938075082955],[-1.5077808116652487,44.297168034524994],[-1.505931505685855,44.278344665290206],[-1.4791453458143742,44.26006140318183],[-1.4566849352452647,44.25903690738042],[-1.470031965630744,44.20753021305707],[-1.4629550252964318,44.17770821520884],[-1.3805977433877759,44.17153647437052],[-1.3393188317999756,44.161728104829606],[-1.288174068806716,44.17476359541954],[-1.2910828978127873,44.237073266411414],[-1.2412069804166452,44.23351828724242],[-1.2283244520684935,44.21288681979531],[-1.2011971512870812,44.19689644688934],[-1.189317091907725,44.173100965494626],[-1.1887958661960092,44.11864333998182],[-1.1635863190123554,44.121652355459965],[-1.1158943034690794,44.11731599763357],[-1.0566614315235487,44.11663684793691],[-1.0164815821108537,44.096469565603215],[-0.9100070338323474,44.090152106744],[-0.9089745754014251,44.075003183817955],[-0.9456641809153289,44.05148638814902],[-0.9534287623103533,44.027947401875984],[-0.9864492908014009,43.95923936578723],[-0.9723326742046143,43.94057467003914],[-0.9940497205363747,43.91381657626563],[-0.9774434920389118,43.88779745960734],[-0.975797363581566,43.867166504280064],[-0.9934259636771519,43.84998767537612],[-1.0196339632943643,43.85295454409225],[-1.0717052770345483,43.88532090964967],[-1.0477550560274789,43.89816905333237],[-1.0507166799829266,43.915577528294975],[-1.0903728898522747,43.94062558751598],[-1.1011761379969713,43.91655237591433],[-1.1282993389240936,43.90106698262224],[-1.183325138707288,43.89848543485097],[-1.2270626165378682,43.88102459586366],[-1.2372121385669004,43.88973011800508],[-1.2625259623797063,43.86686336572114],[-1.2985921501607836,43.84993583479078],[-1.256583532912622,43.831695189587634],[-1.2607243625285258,43.811399709157364],[-1.2541173004289459,43.756145663034644],[-1.2905840475354395,43.75395217610562],[-1.2681919966382673,43.69247667253638],[-1.2556127589373793,43.67871598622892],[-1.291779203301219,43.655643333121304],[-1.3107408458851026,43.65056116296314],[-1.3027447134872654,43.63290239932879],[-1.32036273805389,43.61783848623008],[-1.3033252485889173,43.60887925555685],[-1.3068645044701717,43.59114177712177],[-1.3477869386117907,43.57883816352954],[-1.3430572005374641,43.55043633412033],[-1.310969610739943,43.55031854345227],[-1.3062745675994794,43.517566006401495],[-1.34156047780377,43.51716267597657],[-1.3701850559408097,43.49111921582777],[-1.4040882899859803,43.480975953151926],[-1.4226727695743375,43.49244794735882],[-1.4778700846218493,43.49899571770605],[-1.5261807367094158,43.47993640012939],[-1.5382287284396097,43.4969698818501],[-1.506751485073529,43.51167259059225],[-1.5241274072619293,43.52785375044351],[-1.5847454527356226,43.49954012034719],[-1.587815551860538,43.49314855368424],[-1.6367270120564568,43.471311836343176],[-1.6472002031857482,43.48758234842114],[-1.6826404528713013,43.46623097148823],[-1.7563396743935225,43.49603494609723],[-1.788037998143473,43.489800330926755],[-1.8059823647421251,43.46820276414968],[-1.8589052381710223,43.50904524431499],[-1.873057517109036,43.492763824716064],[-1.9370699204347586,43.48122889520101],[-1.950659193649677,43.46883836122326],[-1.9938580818681892,43.477701399286694],[-2.0508351447053053,43.457984478765766],[-2.077058781512761,43.46543233862921],[-2.091822727055316,43.45920428909596],[-2.095407913174134,43.42947309887343],[-2.130230305144316,43.4271668558131],[-2.1798189697265853,43.44388316715189],[-2.2173047506606,43.43812705200647],[-2.2281472381975984,43.424726560090754],[-2.273304588899221,43.413943570229854],[-2.274869130858539,43.43177686146745],[-2.240764009055419,43.43437814425026],[-2.282172834246855,43.47112366275141],[-2.3082680967981255,43.47151381008036],[-2.331034916174033,43.45514715187278],[-2.4061725463374657,43.42090244451603],[-2.446828940919397,43.4272673150485],[-2.4892947987226655,43.41645446019154],[-2.5392336686724892,43.418610793507995],[-2.555849137408655,43.43698691579161],[-2.590576385047611,43.44229076102581],[-2.6037741288195044,43.46291929602364],[-2.62983976667344,43.44967475606978],[-2.654508917003837,43.452461698292076]]]}},{"type":"Feature","properties":{"organisme":"CPAM LE HAVRE","feature_role":"zone","svg":"061_Le-Havre.svg","source":"Canvas utilisateur + SVG exact","flat_map":true},"geometry":{"type":"Polygon","coordinates":[[[-1.0199972909950845,49.49939361977275],[-1.014461111516081,49.531070545999526],[-0.9812372518788073,49.58111158290264],[-0.9507822236677628,49.61837952187806],[-0.9313011235749843,49.65024267168874],[-0.921266396735283,49.69028243035225],[-0.8925988897149096,49.711438543350944],[-0.830615722625161,49.72951279485807],[-0.7964828979602239,49.743883744661446],[-0.7574802500125017,49.749232967374155],[-0.7213209889281437,49.76374425377276],[-0.7104456894031786,49.77515998468102],[-0.6390155704839036,49.799155968223296],[-0.5453693802138786,49.83812214480485],[-0.49277311013146385,49.86501703085054],[-0.46438766334445103,49.87114528144633],[-0.4628185837599762,49.42151004531473],[-0.4848179106453565,49.42659102025776],[-0.5417964835515566,49.47156481872349],[-0.5784211746886692,49.47745513565987],[-0.6397959845638519,49.45108468458443],[-0.7055987177254615,49.434911830267716],[-0.7368908577228397,49.43155238489085],[-0.7365674433912042,49.44100604299447],[-0.8060582940900584,49.444411565538125],[-0.8231910417918956,49.43683591797986],[-0.864269032355151,49.4436492151747],[-0.8907504805831181,49.44193654070305],[-0.9655617630781477,49.45397173562442],[-0.9981564016135974,49.47409944146195],[-1.00174687885373,49.49422630318115],[-1.0199972909950845,49.49939361977275]]]}},{"type":"Feature","properties":{"organisme":"CPAM LILLE DOUAI","feature_role":"zone","svg":"062_Lille-Douai.svg","source":"Canvas utilisateur + SVG exact","flat_map":true},"geometry":{"type":"Polygon","coordinates":[[[1.7742834017243265,50.561388647970325],[1.7736567230611127,50.740969601989995],[1.7738407593990502,50.740803885006116],[1.8035247020479324,50.73176582071165],[1.828666251257522,50.74095993669605],[1.8443780393278404,50.782616495021465],[1.8782535543956227,50.79073426754438],[1.9100926997277827,50.80467648538518],[1.910490206396589,50.690767027470464],[2.165111655299035,50.692014088137256],[2.1788848043053677,50.65777482884675],[2.1947911286234616,50.64539940093317],[2.206937068296806,50.61002194431546],[2.2009424656199443,50.59011085115857],[2.2121678003702367,50.55739755609444],[2.2923023604233266,50.53188643365511],[2.306586423409405,50.51924063649984],[2.3654242098982614,50.53649749599713],[2.3525633982776673,50.532727249485305],[2.3531306786686614,50.37016745641855],[1.941876628760348,50.368153255525776],[1.916571642221613,50.38579361113943],[1.9013652918038972,50.415871500433944],[1.9378692834203484,50.429063178521716],[1.9915813427741436,50.46428277195846],[1.9683706622006305,50.47949659164879],[1.9508824507897384,50.46517479092778],[1.9288829940684247,50.472159431404116],[1.9276973433951257,50.512489147462645],[1.8739216311749536,50.54008157929958],[1.8048344634378377,50.52787026557656],[1.7847330982271363,50.542941026352814],[1.786220294488263,50.56362981159382],[1.7742834017243265,50.561388647970325]]]}},{"type":"Feature","properties":{"organisme":"CPAM LOIR-ET-CHER","feature_role":"zone","svg":"063_Loir-et-Cher.svg","source":"Canvas utilisateur + SVG exact","flat_map":true},"geometry":{"type":"Polygon","coordinates":[[[-0.566693484418726,47.69745394532855],[-0.5340660419792956,47.71433492575521],[-0.5245627504411478,47.734858113738596],[-0.4924302598093559,47.74323585715674],[-0.4152234558211832,47.78979160837826],[-0.3938789966740759,47.818833341891164],[-0.36306604444808943,47.83321197476953],[-0.381404259476703,47.88759233641019],[-0.35710147138569903,47.90803667877169],[-0.32699392773315855,47.9084840183188],[-0.3186460898439975,47.933717742128664],[-0.28889594960156334,47.94112169707898],[-0.2972033192655127,47.97002792307865],[-0.3172705205742125,47.99168772240463],[-0.30286566150816596,47.9995177118555],[-0.29438059974264014,48.02544211330051],[-0.33964715368073845,48.042352540916404],[-0.3359338363025453,48.07863697525088],[-0.2919400354951165,48.080043640605226],[-0.2939652871613423,48.11221408110942],[-0.25751304066254593,48.11914133979384],[-0.24166953737832367,48.111419235995946],[-0.18587284950954538,48.12259654311313],[-0.17924983416378043,48.10877194763695],[-0.14669078045752384,48.13038822478917],[-0.1138754287459352,48.14429629878992],[-0.08634275136423505,48.14348985041148],[-0.0790300866425505,48.12867735705095],[-0.13584141907352387,48.1070117164569],[-0.11790183508905042,48.09198054408391],[-0.09956175290737382,48.09765705319086],[-0.018362830095939954,48.09031473960788],[0.0023395661169288585,48.042686353327056],[0.04855944163960446,48.03383019680471],[0.051705795439276406,48.01193758331984],[0.09400159713296895,47.97174400810997],[0.13183990060986217,47.98333316317866],[0.14978741548728447,47.966029315181146],[0.1885913843387278,47.97184631225544],[0.19816510087919909,47.956754729558014],[0.23504823206833592,47.96081995078946],[0.2627331944174218,47.95695989772089],[0.28043060698015027,47.986173971814594],[0.30144458943024705,47.97444267210576],[0.3333527187985128,47.98137683021057],[0.33574717196384457,48.01889598212851],[0.4204835085425694,47.987921990550866],[0.4674698769150611,47.99607121384558],[0.4681935254454984,47.97962430373875],[0.4262962262212265,47.94563659785994],[0.42625709437960985,47.93169884936729],[0.4596840987842301,47.92066837024601],[0.4852601253313237,47.90322140009604],[0.4924037007245753,47.87627120022509],[0.46074993414593235,47.846177980797314],[0.43677693495143133,47.83697942864377],[0.43537305267262294,47.81684715948691],[0.4741972865960566,47.79170563643952],[0.4749868343374154,47.781526021052876],[0.4504651962573196,47.763203380451905],[0.5144450879621671,47.72560807988148],[0.5333191846588929,47.75431700748223],[0.5845548016962848,47.730917552860696],[0.622491722520307,47.7239645064866],[0.6402165767280367,47.68986758171556],[0.6528600263752182,47.64968843727435],[0.6971015339454725,47.64013258573687],[0.7635446025290755,47.645514342745855],[0.7618766103902397,47.67648561790424],[0.7896983198296508,47.66373529783779],[0.8206681747078873,47.66287626668207],[0.8570153637747449,47.66961280808823],[0.866870941339759,47.649205259246315],[0.9280038990290749,47.658595528291265],[0.934758170873066,47.6677500100964],[0.9962151515670262,47.66488697875152],[1.001274968589851,47.672582345112254],[1.0732905171111409,47.66850902440643],[1.0825238804571884,47.661204368628724],[1.139327511085524,47.66964324533558],[1.1576552170284187,47.658859521115644],[1.179881577899637,47.62667695238668],[1.178082929402075,47.60934581056967],[1.1347503280832687,47.59452545467116],[1.0882684274215841,47.58757961720778],[1.0524031606488007,47.56850030658092],[1.0648173863411023,47.5339872480556],[1.1325291100685762,47.53251542492516],[1.1533023034789809,47.50461293649201],[1.1561179519505678,47.476310120547176],[1.1875384305836931,47.47264884728418],[1.1762858815413082,47.45093700197391],[1.1878818604446253,47.4193937626675],[1.1835616638605275,47.391246200198786],[1.1431416858997314,47.38092583973519],[1.1255737184239338,47.41522345401717],[1.0775272560639972,47.38445851467499],[1.0503584289458259,47.3856068886671],[1.0363578859151108,47.367666202477245],[1.0624147676030344,47.30274170831727],[1.0870435845918098,47.280633602786935],[1.073931596920638,47.25386603040368],[1.0452296852049259,47.247326592540944],[1.009029582585708,47.25388830308561],[0.9605147805974915,47.23671848320815],[0.9262364882111225,47.2304627222979],[0.8654841658417625,47.25776123246425],[0.8452450343267197,47.22865549546202],[0.8171808677853319,47.219996407463654],[0.8402052941206755,47.20034474964852],[0.8268492789460994,47.17834076892821],[0.7944794002264559,47.167679429997534],[0.7759943113078867,47.18354926538725],[0.7587598321407827,47.18230281445246],[0.726895957537218,47.19755595306286],[0.6924839274339195,47.194755118274955],[0.6542037983052643,47.219459202041406],[0.629047186794552,47.242475474386495],[0.6184435148282218,47.230887814090984],[0.5764741924430831,47.22211203080514],[0.5601622159538657,47.23832293465226],[0.49914219321832354,47.24172817079677],[0.497741003325766,47.22139599370037],[0.47168434742659465,47.22566386398519],[0.4435055149615757,47.2201390887108],[0.42792369499717225,47.18774219151268],[0.38272011818111223,47.201468072966605],[0.3478644637121263,47.200035358155716],[0.32229308268975804,47.19099974356182],[0.29850712540001634,47.17278899671806],[0.21997332759174296,47.144659751763],[0.1860455311155997,47.1985916848083],[0.16577352835132592,47.21891906191135],[0.13198898003818857,47.23694641764116],[0.11090537266833433,47.2583402307736],[0.08017194315417175,47.24632494401665],[0.05820914475813363,47.24871083742679],[0.04682323996633088,47.234917436917],[0.01011959152497854,47.260589973898306],[-0.010514043440925781,47.26336278263439],[-0.024351099934620344,47.2940342742896],[-0.012314270109758593,47.29678660896471],[0.005006127481483805,47.32371501535347],[-0.014509129420629962,47.338117882050355],[0.003523833168439445,47.351203852051725],[-0.02593304515320692,47.40038178876705],[-0.004168102885578359,47.399817818250106],[0.015711445150244273,47.421642721452685],[-0.005902362516669727,47.43948950285665],[-0.02523993684539333,47.44298920837349],[-0.047036829085896244,47.4881493169303],[-0.07604348230587214,47.51406086098847],[-0.044700241885988534,47.54225053217101],[-0.09005072874369917,47.58835736315894],[-0.10957671466186493,47.585827968604484],[-0.12112892511470688,47.56424377136837],[-0.13902113898839788,47.57084516826426],[-0.13381550285007476,47.60191952548182],[-0.21040605877278729,47.614851657509085],[-0.23141537139568635,47.585231238842866],[-0.2682573891525516,47.579673752233234],[-0.28971452956690796,47.628080078069054],[-0.2731261439656827,47.65327363786129],[-0.29895149196677395,47.661567442026865],[-0.3684391242932445,47.66948774198471],[-0.4002724353026092,47.68112717826493],[-0.43987727681851024,47.66872829836921],[-0.4675137375355279,47.68384109403071],[-0.5132684455272846,47.694301674496984],[-0.5309586795228313,47.678464302572365],[-0.566693484418726,47.69745394532855]]]}},{"type":"Feature","properties":{"organisme":"CPAM LOIRE","feature_role":"zone","svg":"064_Loire.svg","source":"Canvas utilisateur + SVG exact","flat_map":true},"geometry":{"type":"Polygon","coordinates":[[[2.569071931435538,45.79010535400956],[2.5910338415462864,45.79802593521836],[2.6053570588456414,45.827220618441906],[2.6117195233231705,45.87285086532394],[2.6356478017600606,45.889773130765434],[2.6030311576430587,45.92753138096877],[2.5720512565079083,45.93676888206609],[2.571802523130492,45.956625173277764],[2.5875293061380784,45.98241044477305],[2.6215915442034317,45.97433513444951],[2.660171303667289,45.98066229160716],[2.7082471966493276,45.997361196336016],[2.7130292908606033,46.01022207598979],[2.690128047349604,46.05893780474174],[2.6903174784243564,46.07550077584486],[2.7058658313463777,46.1038529428628],[2.685476864935208,46.12740183735631],[2.6718545580342234,46.17445486861038],[2.690856086928069,46.18168880342355],[2.6727876599820424,46.20587677106432],[2.6721977987132948,46.23378604953072],[2.648940838199504,46.26216896831058],[2.685148999261552,46.26306289200619],[2.6873914183248706,46.28037472459947],[2.7548414392313565,46.290092917654356],[2.7639456940803924,46.3030638449594],[2.786788314009733,46.30314239174706],[2.7972269898767794,46.28395399455585],[2.777126104756153,46.23809120158409],[2.8017909494142264,46.23020039546955],[2.8637904780436587,46.22605176920695],[2.8736094524542164,46.19818769221135],[2.9248294758480156,46.19148516093338],[2.9473368633507233,46.204212045111504],[3.002075657717714,46.222155947665954],[3.032943116139142,46.2000040571114],[3.0908140854804254,46.19797247222242],[3.0866593322056346,46.211595047636095],[3.111205278750317,46.21892140787412],[3.12890226319809,46.20118923475776],[3.163223879550147,46.20848709296217],[3.163068046512801,46.1794395665148],[3.1890333232724353,46.17883904008467],[3.199998138086418,46.19570892418257],[3.2246267478455795,46.195344879626276],[3.273311072725167,46.22052081998286],[3.3004763985764414,46.24626351395941],[3.336840423840701,46.22820336878702],[3.3089075743577023,46.21386258917892],[3.3537619493011257,46.19158061342946],[3.32464684118227,46.15836809020765],[3.292527806893042,46.17237031393],[3.2729398960385225,46.16005351771561],[3.230901688333812,46.15007371612739],[3.214804749069254,46.121234194081495],[3.2185696317120907,46.097637209354104],[3.193533090357253,46.0697774008365],[3.1604795173501685,46.06876699763855],[3.1688056795004145,46.050461210029496],[3.2218400837474848,46.01918280461427],[3.209344120859127,46.004002454521476],[3.1553360846651395,46.00804579240381],[3.2068449526726894,45.97684879434739],[3.202490022166498,45.963846967199146],[3.2564747533097442,45.937343517967264],[3.2567570826927446,45.92385751478831],[3.23347431370354,45.911643442119846],[3.2534748493466674,45.883420943568076],[3.269437562256441,45.87359328361822],[3.3103462980614693,45.8655723364309],[3.289476811191203,45.82799235567412],[3.2892631323602655,45.78295466105419],[3.261442137231916,45.771412728563064],[3.2868912917074318,45.74845244343631],[3.3126335487489076,45.750626904262624],[3.287389296384257,45.70858571415825],[3.2792115639669777,45.665503236177315],[3.306315283454302,45.65690778813646],[3.3259840539752012,45.62434248178278],[3.357758350573596,45.61542828025152],[3.367236551140898,45.59837244077378],[3.421712856332419,45.57555293332535],[3.442648425000096,45.5622014132328],[3.4925725878648386,45.5737516116545],[3.5076557785596076,45.56456957164099],[3.55209371427736,45.55878094038221],[3.5645395530319237,45.53404743713149],[3.6016142052696276,45.5603122224034],[3.6149849873954745,45.543628186111604],[3.5788471490285825,45.51572650532669],[3.5908313971266326,45.47186092859506],[3.6312962203934833,45.463067059808814],[3.6539435456371083,45.48025802087909],[3.6724485163913534,45.47209540578123],[3.6909829152438838,45.439502323863906],[3.6928921715760143,45.413449301276266],[3.6783139448630897,45.40305266311333],[3.690011638020053,45.376740671154295],[3.6903285563465102,45.34420140501317],[3.6586320771167924,45.33995773171665],[3.6319750347998863,45.322823512613795],[3.6106578658738417,45.32325932499492],[3.5418162347527686,45.28438617542893],[3.548753527555431,45.26470707115649],[3.5251777263435904,45.26276125225068],[3.5168746609722508,45.245310026404624],[3.529334701482482,45.222791623659475],[3.4905659305265875,45.218635520970636],[3.4643728287056823,45.204533791999694],[3.404021441132818,45.206033841965166],[3.3360119231254504,45.24694754405169],[3.2846684055542035,45.23076174316897],[3.2725009174796162,45.252862181039994],[3.280241473536453,45.27381581684497],[3.244763525605341,45.291637273288394],[3.280838099891265,45.311957544567065],[3.2596191627713837,45.33852148212439],[3.219650746873272,45.34732889204044],[3.2013533053242007,45.3343018293486],[3.1813233704737227,45.33552580354161],[3.1526761067362794,45.36193253947877],[3.1336419005724054,45.366919305033335],[3.098853881305302,45.361293975895194],[3.083592064405276,45.369671063984605],[3.0530891236779367,45.36106983362671],[3.0576427822512438,45.339977822272814],[3.0232877257901642,45.34454792222902],[2.9835827342061303,45.332717255565754],[2.961426401771777,45.31252070109111],[2.9412491852402693,45.33023933802899],[2.9127615680462613,45.301184980612305],[2.8985170861796603,45.32998699806835],[2.8809350621853365,45.34677122881103],[2.829918087568633,45.346708841843295],[2.8085438405715837,45.31208022643126],[2.787946812215131,45.3306897633053],[2.7792114361417655,45.370274508630814],[2.789614398442913,45.38703054221],[2.8535634575638156,45.422419003932085],[2.86675351474955,45.44152592743266],[2.8602480285562963,45.45287751920871],[2.878868548365174,45.476164743317305],[2.8582812339741306,45.4857058938486],[2.8382729903709616,45.52927803307255],[2.8470529970263683,45.541465514986186],[2.827220041250475,45.563374260170754],[2.7935529073544085,45.58678035300926],[2.7736593238186598,45.59063942366987],[2.749463073073154,45.61165606241985],[2.7091992261298095,45.62170633118922],[2.660098426255644,45.683308958588945],[2.6661567537954087,45.700110372668654],[2.640688813074465,45.74159489044809],[2.6074734781265425,45.75151581011954],[2.611565156524639,45.771965517851086],[2.569071931435538,45.79010535400956]]]}},{"type":"Feature","properties":{"organisme":"CPAM LOIRE-ATLANTIQUE","feature_role":"zone","svg":"065_Loire-Atl.svg","source":"Canvas utilisateur + SVG exact","flat_map":true},"geometry":{"type":"Polygon","coordinates":[[[-3.711112390700205,47.34022194620205],[-3.6850080080254473,47.349229827712655],[-3.632285276338527,47.38066465988994],[-3.5975822204571033,47.39448862591772],[-3.605689015701431,47.418571498295336],[-3.60042606436792,47.4333649241763],[-3.568488916325074,47.4494345787463],[-3.5441195257581057,47.42719486444316],[-3.513660935566173,47.4351826294396],[-3.49670222805439,47.42627179388788],[-3.4525413693578786,47.43662617278717],[-3.4529078856588686,47.45930282166901],[-3.4382176726001865,47.47480338810352],[-3.398538229828006,47.48888917581193],[-3.3804872957315992,47.46780437102124],[-3.3243053406785212,47.4876128223639],[-3.3163252886599666,47.466107939966044],[-3.2857049142562555,47.47119851101452],[-3.287729489252942,47.49834246322361],[-3.227308554966285,47.51126205440464],[-3.2253010778932603,47.551925621685754],[-3.232963628956425,47.56994669942511],[-3.2153411851861864,47.58415079855692],[-3.2133777508110546,47.60369370359607],[-3.2260777028427174,47.614345859684484],[-3.2026915047900895,47.63594326677402],[-3.177314577556772,47.63552045120059],[-3.1617047783081498,47.654005434597394],[-3.133971403250302,47.65715311513829],[-3.0916300102290095,47.675335782058625],[-3.0764033300522193,47.65777527099226],[-3.057178278405501,47.67367990984384],[-2.9811802192335746,47.69557526338876],[-2.9375402181013324,47.6950572125526],[-2.8847815334265285,47.68702295242268],[-2.8633691113188506,47.69661605630385],[-2.8334934934566918,47.68751159490424],[-2.7993179128431933,47.70265352614333],[-2.761934440445327,47.70041353064687],[-2.743645671359042,47.712971248898654],[-2.7409627547867084,47.73450752652515],[-2.720829941037837,47.75735678172692],[-2.6967361483335828,47.770056795610444],[-2.6280133402487666,47.780768920491866],[-2.602999404833658,47.79686576514953],[-2.5634473422334163,47.80398992974526],[-2.5726037934171884,47.82290071963013],[-2.5620407275908827,47.83268785550185],[-2.5121983607954927,47.82539331621518],[-2.4833558134875156,47.826380229509724],[-2.4518795431734395,47.794945368094034],[-2.40754103853673,47.78870697233805],[-2.331090910404938,47.77255996443202],[-2.3201517952019888,47.7517916412],[-2.340089994092269,47.72693127295608],[-2.298834530445406,47.71144782286487],[-2.277480894876574,47.71443928426929],[-2.2714750672800306,47.69078075049096],[-2.2561372751980526,47.68598747562526],[-2.2639281108184406,47.65784565520473],[-2.2411342221319046,47.64558218317653],[-2.2380140194225584,47.624733907534576],[-2.216963240048356,47.60699640993789],[-2.177711785529199,47.60818843642244],[-2.1311755300965967,47.58808879533899],[-2.099106973669316,47.58594635342049],[-2.078924762961426,47.57519615004253],[-2.126854845858623,47.548064423731134],[-2.113411193123967,47.532465588445675],[-2.118176479269181,47.48657991495671],[-2.080401665895131,47.46941866460752],[-2.0371330843401316,47.47353807223992],[-2.0367710202064546,47.447562112863366],[-2.023039680760414,47.432447915733924],[-2.0301020532631484,47.39457565060555],[-2.0184895310975652,47.37985376709431],[-2.0192094384725845,47.35796607043311],[-2.044453868755526,47.34501186354319],[-2.0896764749647483,47.33809737510657],[-2.153734881584449,47.34384760636252],[-2.1847431577524543,47.33839549080118],[-2.2472221779918424,47.33820335135045],[-2.2633284288051487,47.325871553803594],[-2.3113681084239937,47.320995603477506],[-2.3456302946399044,47.31122708949551],[-2.386278278369406,47.30761346605547],[-2.4240413902055313,47.287679993392864],[-2.4329632623287027,47.268536247909346],[-2.388148189736445,47.27099275661077],[-2.365060408049743,47.26201057241978],[-2.3645994534256447,47.241438099185245],[-2.3354022541093666,47.21342605742516],[-2.310673736160255,47.20436859370493],[-2.2788157103496385,47.218520218636414],[-2.260809820341915,47.205768118916815],[-2.268198050360626,47.18349644963299],[-2.257994419823626,47.155598282819675],[-2.2421374569243686,47.14729164204557],[-2.255156547443495,47.123580198932345],[-2.2886188124081466,47.10304847962366],[-2.3198341007477667,47.093437913167826],[-2.3075892863591445,47.07710003106187],[-2.3249063561065197,47.057740206100526],[-2.2490424774428885,47.04945946370321],[-2.2223749402986774,47.02347764758241],[-2.1913251910305482,47.01761712748232],[-2.19281646332845,46.993734415537986],[-2.2259554937541903,46.98237313590881],[-2.2808213443772054,46.993179809151634],[-2.312432461265939,47.01922072844963],[-2.330997109478809,47.02281095509096],[-2.352132375208074,47.04016756537113],[-2.375252395615056,47.02464654107231],[-2.3796592036938065,46.9921291859812],[-2.3983406152826596,46.98571544187888],[-2.4513323765757944,46.99305704288953],[-2.4679878959125645,46.98256937924354],[-2.45148882471691,46.955536587938454],[-2.4666889817678075,46.94033345928427],[-2.44723684509726,46.93005318924411],[-2.4617721995549813,46.899342771706316],[-2.50926952367488,46.889456669525615],[-2.551406490393077,46.87102644630163],[-2.5653803963868254,46.87844528090525],[-2.5503952979472055,46.90151788164087],[-2.571279460815042,46.92927070286324],[-2.5631648387173263,46.95155564992758],[-2.5703748891406,46.98059323592],[-2.595569846466794,46.99235061035546],[-2.6122298131252357,46.97856224764897],[-2.6537918815410158,46.96524068375634],[-2.640494042765939,46.95253773204692],[-2.6527066391793572,46.92590170361505],[-2.6279035749381925,46.890907141436735],[-2.6246940491980326,46.868481865582766],[-2.595972660214629,46.82641080177672],[-2.646107918619395,46.80097068591313],[-2.7369907294631752,46.81989361530841],[-2.7682097402291737,46.815924869823526],[-2.7919327280711292,46.832505081971306],[-2.826898786512286,46.82599214022435],[-2.8446835829202572,46.838867518672494],[-2.843823582582881,46.85435172662123],[-2.8597523357974577,46.87350845426328],[-2.8852455144719062,46.8689276124464],[-2.9435676718506283,46.875655733385955],[-2.9445441630624436,46.898700148191494],[-2.987452664811737,46.89776792847269],[-3.0346935621986337,46.92077182487381],[-3.0338921073411322,46.93816366807866],[-3.0619012473976217,46.94140909164203],[-3.0889885318483548,46.976155017577106],[-3.1011467670301642,46.97740491004483],[-3.126843554116314,47.011725794886],[-3.1562225438033678,47.02434859727752],[-3.1782550505595224,47.046042932551686],[-3.242095079815781,47.0624169431506],[-3.285761357147637,47.06531768490264],[-3.3090370771294357,47.074969637363445],[-3.347755999963667,47.076729583193185],[-3.3607818145737296,47.08411140358295],[-3.36013217330502,47.106690273680336],[-3.2980441693839735,47.121710634076315],[-3.2890443636963713,47.16713242925056],[-3.312476173071541,47.1923469285236],[-3.3019719618707253,47.199555165412086],[-3.301503263744417,47.22994951968729],[-3.3198125303962565,47.242709853684275],[-3.380761328066466,47.216350296440815],[-3.406496795384249,47.198847442522094],[-3.439900693940899,47.19533178500026],[-3.479901556134186,47.215019085864874],[-3.5117049859550984,47.23840824588544],[-3.541834527816133,47.24250004407812],[-3.5876300768568514,47.22019440052369],[-3.6019111238289225,47.22812828614133],[-3.663400877629955,47.245266423212904],[-3.652002881612508,47.29201912405511],[-3.6712923543786657,47.32374140148699],[-3.711112390700205,47.34022194620205]]]}},{"type":"Feature","properties":{"organisme":"CPAM LOIRET","feature_role":"zone","svg":"066_Loiret.svg","source":"Canvas utilisateur + SVG exact","flat_map":true},"geometry":{"type":"Polygon","coordinates":[[[0.3593252674756841,48.019768574228635],[0.3932696679708603,48.036721390680135],[0.4446715816811091,48.02227517524545],[0.46535021070880395,48.037493806323695],[0.47658445552478135,48.061083072843296],[0.5092455706752252,48.070716726844175],[0.5338198747337015,48.059887210336775],[0.603063630318703,48.06056379912394],[0.6589295214154002,48.072188621325566],[0.7301018805945659,48.07993201293215],[0.7497448211647053,48.09463591979212],[0.7671636049778489,48.12864987183315],[0.7874424029496289,48.146384251937846],[0.7694745132120899,48.15308836652142],[0.7922326957473075,48.17614110035545],[0.8199411587456958,48.19225237610101],[0.8315445997962653,48.227250206270625],[0.8344657833255034,48.26204997926626],[0.8579674060733068,48.27617147910184],[0.8644274500891587,48.29512272356143],[0.9167302588300085,48.295233074110584],[0.926060052584404,48.30483439129966],[0.9563649831940386,48.303003922974476],[1.034370207316678,48.314912152887075],[1.0606314868186906,48.32264527650302],[1.0831785918412182,48.35758699846066],[1.1059951526882799,48.349045777537306],[1.1209388894289976,48.327901069287286],[1.18130763741702,48.3195798740039],[1.1992881670509021,48.343557688212684],[1.2151849982195664,48.34602410467679],[1.2527222016711954,48.32137944089996],[1.2940760531023916,48.33335396254419],[1.3135461417633425,48.31011504912076],[1.3164910193149617,48.26951703462776],[1.3467750668353653,48.25880574804912],[1.3641911516040592,48.26443472447639],[1.4040442645613493,48.23363697828808],[1.4212533296684968,48.20082303624387],[1.40682243159567,48.18764028287214],[1.403722515956186,48.16003447257018],[1.3793939964374746,48.16846830219754],[1.3551795407129956,48.13907042381633],[1.3869937889785167,48.12838468476734],[1.4198030981511556,48.129284161767515],[1.4365778833830167,48.14316163362725],[1.4713432425428317,48.14383461232828],[1.505159193290022,48.134133542173764],[1.5441128130836623,48.14212046928147],[1.5690854961333391,48.12461743844554],[1.6144450510290624,48.127611434944235],[1.6290306885980068,48.14047554592255],[1.6655331873963986,48.14990998849009],[1.651036307367395,48.16478275321354],[1.711465315600061,48.174069139671815],[1.7103781014645494,48.144867853497836],[1.7346835540194974,48.133324618781714],[1.7841855860887068,48.16189786833662],[1.8559865416632295,48.16960684380938],[1.8927854675846016,48.15755959884281],[1.9134106515406744,48.1583632954791],[1.9540767772542305,48.13814723463925],[1.975720172144331,48.09130278781136],[1.9763916443917706,48.073836270861605],[2.0162743649407298,48.05456485304241],[2.0330070450201245,48.011899940167886],[2.0545642226782546,48.004055231733474],[2.0587896638542844,47.966982446729695],[2.0063601095463572,47.924864786207046],[1.9917850475953742,47.9238352010723],[1.9315564945367127,47.88626482015854],[1.9297186373962334,47.85319372569246],[1.9546713579758168,47.84598500639307],[1.955417129493242,47.822664107671116],[1.9373737971986906,47.82182861788454],[1.9538783467047096,47.78621994478237],[1.9493934798306098,47.771280598306916],[1.9119767496482665,47.770550195676286],[1.8767914423239622,47.759290513257156],[1.871524153715582,47.74901613332024],[1.834501567046672,47.752545405447336],[1.7736833487913233,47.74330293974739],[1.7655369627308082,47.706179282064745],[1.7762966288384512,47.6908132792688],[1.8317986350551152,47.67006857448039],[1.838693987978844,47.64717912796459],[1.8767439845596128,47.62195233434835],[1.8578977756301711,47.612204422399046],[1.8622519460687885,47.577120881676954],[1.88546009987185,47.548985678251704],[1.9004746785631093,47.541272792320854],[1.8817250813182,47.52842439361422],[1.8350332834783898,47.53728612016612],[1.81032127036856,47.523543361206904],[1.7753176622203748,47.52310668278383],[1.7663521994262337,47.50686917932237],[1.7934673759484177,47.488883654426225],[1.7515044446969552,47.47649648413574],[1.7417256329704467,47.464066969820884],[1.7117706551982381,47.46338144483083],[1.6990226809292246,47.48364397524083],[1.6803642029723658,47.493281801238815],[1.6332071223223295,47.489111106989114],[1.6386929770870684,47.46533987818964],[1.626800654405688,47.455378836293015],[1.5935521370217203,47.44826834483109],[1.5662106473047992,47.453350379432955],[1.5634082067727653,47.47714447168046],[1.517215820478689,47.49383256191943],[1.5221240942039118,47.509219753786304],[1.501165787492728,47.525548166612396],[1.4759680090266998,47.52922700714635],[1.448927892288178,47.545142352748755],[1.3983198110586867,47.536788666146265],[1.372938012052468,47.549748654748626],[1.3353421733249984,47.58090463059712],[1.296755388141315,47.57013794046594],[1.26560917008627,47.555195774670246],[1.2333687817561243,47.57593636876671],[1.2149572482757351,47.5782722478054],[1.1777325830799508,47.60083123102642],[1.124729912650595,47.592018656066664],[1.1265209380993024,47.60935142043997],[1.1043002127934236,47.64153951114226],[1.0859629331677456,47.65232736252043],[1.029150224474637,47.6438794074325],[1.0199150311855865,47.651192880474966],[0.9478854296208188,47.65526171133736],[0.9428305964089683,47.6475685705807],[0.8813575873144749,47.650440666101126],[0.8745940268297311,47.64128102487302],[0.8134691015020221,47.631881522971874],[0.8036095987386442,47.6522942925478],[0.7672513381245484,47.64555046209919],[0.7362873636768372,47.64642089053372],[0.7084602395078277,47.65916754162094],[0.7101145836940599,47.62819243002087],[0.6436585092991082,47.622816257566534],[0.5994083890026584,47.63236484937412],[0.5867784359217558,47.672550201971326],[0.5690381354965048,47.70665719628722],[0.5311197419879657,47.713610773392304],[0.47985616712385565,47.73701198327395],[0.46099231572119925,47.70830688503203],[0.39698596810025316,47.7459062119157],[0.4215104228311045,47.76422658558714],[0.4207267088888201,47.77440744944806],[0.3818948786808462,47.799556812944196],[0.3833030454915032,47.81968731491828],[0.4072827269429552,47.82888683732566],[0.4389546187082379,47.85899475796973],[0.4317917243823659,47.885940666168125],[0.406224652886734,47.90339495887089],[0.37279513396741154,47.91441996099879],[0.37281428529031785,47.92837090275212],[0.4147177978276478,47.962358960601094],[0.41399798013099764,47.97881426950574],[0.367008427607392,47.97066022466783],[0.37381331471227175,47.99713572858033],[0.3593252674756841,48.019768574228635]]]}},{"type":"Feature","properties":{"organisme":"CPAM LOT","feature_role":"zone","svg":"067_Lot.svg","source":"Canvas utilisateur + SVG exact","flat_map":true},"geometry":{"type":"Polygon","coordinates":[[[-0.12512697728695243,44.51462958052505],[-0.07537399119020019,44.52174274462894],[-0.03128885440466532,44.538755372749876],[-0.027702094637668553,44.54880708662407],[-0.006110932443048351,44.56258099162995],[0.05477699629149037,44.61428580684156],[0.047211494149500405,44.647610278473316],[0.07046487763513842,44.65796244037295],[0.12909402097147263,44.662741764841435],[0.15397275641200273,44.68767125758599],[0.18671831923963358,44.696429952611396],[0.22516416449969773,44.72259233139648],[0.23218858498251896,44.74882438467085],[0.20418524423282167,44.76210682799018],[0.20768457835224102,44.78234361992458],[0.2376030780997668,44.79265621750754],[0.27545245393965173,44.7981794366098],[0.2725089595021563,44.82909507697207],[0.315124175646531,44.83845478024076],[0.31811962645129177,44.85212094553868],[0.35480565967249816,44.86563967851854],[0.3548696879922757,44.88045792491779],[0.32401770125617474,44.90147906554007],[0.34808842604877355,44.93265060049049],[0.3222545203179601,45.00416699440005],[0.3632301941050828,45.018455201376106],[0.39274836947740366,45.01768189679575],[0.40051273378555374,45.03087290529382],[0.46032477300791563,45.04721409453529],[0.47237641639326444,45.028685091759634],[0.49787724962522173,45.04174912121534],[0.5501917533546778,45.0347692586282],[0.5764907828653771,45.02553322995474],[0.5980544808228334,45.00371813343342],[0.6309946364723917,44.986449543062996],[0.6398724879648031,44.96475977831696],[0.6815874127762057,44.951909696578056],[0.6850933112518556,44.93709921430652],[0.7069261493012906,44.91878752821708],[0.7200142313107876,44.928056772368095],[0.7587890325898627,44.92342679002716],[0.7663659100408494,44.94231021027751],[0.8242872319052251,44.95378475681531],[0.8472363707852223,44.97755502402761],[0.879773736332248,44.97220851573333],[0.8815805492769432,44.953084998910064],[0.9245892728490929,44.97205308238687],[0.9916489965911212,44.98381400548953],[1.0100676909203006,44.97632097696866],[1.0283113782778426,44.95264553654021],[1.0267526705878571,44.929835421461476],[1.0578569372637192,44.906856177738995],[1.0351558672401198,44.89663030782728],[1.0425034601335432,44.86685129694995],[1.091519840837773,44.8151418113148],[1.1200099585921124,44.8024671891302],[1.1202701364679322,44.761648675867576],[1.1061782816621264,44.74038102985695],[1.09983997673564,44.70623999688054],[1.1054990418420916,44.683990129575896],[1.1334714515094628,44.65726988733037],[1.118626955185154,44.64524813344049],[1.1233590792510308,44.6187181742784],[1.163487349038075,44.595069378281806],[1.1490058478810419,44.56365875339961],[1.1239563847550316,44.56935437407064],[1.1015563553311354,44.547200369275465],[1.0788410861884175,44.55591100087259],[1.0561211381815199,44.54766381783398],[1.0326804391662614,44.5646845469179],[1.0056824870705288,44.55976714448057],[0.9667942148160119,44.53058096806349],[0.9333900630786554,44.52584603698162],[0.8995101450730687,44.491043827445985],[0.8468525102108101,44.47112033088396],[0.8301780946085964,44.477409639660465],[0.8193942068838364,44.45401972480023],[0.8000352709724411,44.45761307740008],[0.7769539755709908,44.445409343159014],[0.7907942883531479,44.42782364004934],[0.7886129693629012,44.40273036636714],[0.8124868603752956,44.39080798359499],[0.8066027410384449,44.36318317778436],[0.8481233051215945,44.32826007571669],[0.8221540971228073,44.30188108040155],[0.7636998360219769,44.28415653546428],[0.7272282606604364,44.29438559343546],[0.7091193264978445,44.27201237440373],[0.6888854469067325,44.28616048602619],[0.6301572561220845,44.27316700645385],[0.5798873983846796,44.24433472842921],[0.5701129355611735,44.22732073257421],[0.5421043052732977,44.23525697424815],[0.543322731847262,44.2555075900783],[0.4947303726408699,44.25947572017249],[0.5123107662411928,44.20400325457763],[0.4996914477712266,44.19306996580198],[0.4645197443527388,44.18134024526956],[0.45115211246954584,44.189277374759364],[0.43062180333044164,44.2294717136505],[0.41531925340564785,44.226909753098475],[0.39219922977154603,44.240671579863594],[0.3711753688991298,44.22272904763873],[0.3716373146278318,44.208722941059776],[0.29473425971607065,44.17738152045068],[0.27000156171305145,44.15520637061412],[0.2562517698896586,44.17658760753472],[0.22899756521438006,44.185631494737166],[0.19358372771259455,44.18782008586341],[0.19353653311647512,44.20534697943901],[0.21430987603094065,44.21730889957589],[0.20760501579787122,44.25103889671225],[0.17632357922549796,44.236725961159465],[0.14475396263566315,44.23065583376039],[0.10033037617170686,44.236291281123385],[0.06187961001186257,44.26700663362966],[0.022508364293372992,44.27329170354942],[0.01344314421870313,44.29663717078996],[-0.020473336226178133,44.31291228405244],[-0.0075754779119100515,44.32522722240654],[0.028087539122266133,44.33283376791812],[0.03463861110846449,44.35403809767686],[0.00620757640557788,44.353212874029545],[-0.0385934722252676,44.33835187328422],[-0.05197136353323488,44.35265992766654],[-0.04230794619934987,44.36489792553255],[-0.045723228806606134,44.39033871532306],[-0.07469347323911008,44.3964969832901],[-0.08378091374077981,44.407911343793046],[-0.08216729927133093,44.44071977072905],[-0.096904848734925,44.44551330479464],[-0.08942145794419265,44.472887660588626],[-0.12512697728695243,44.51462958052505]]]}},{"type":"Feature","properties":{"organisme":"CPAM LOT ET GARONNE","feature_role":"zone","svg":"068_Lot-et-Garonne.svg","source":"Canvas utilisateur + SVG exact","flat_map":true},"geometry":{"type":"Polygon","coordinates":[[[-1.2497897954230737,44.183848223080446],[-1.2282136944154398,44.19489329977219],[-1.1944702721117924,44.197296138767705],[-1.158080900826197,44.225932635827824],[-1.136656230012923,44.23234358318204],[-1.1386798880069091,44.25877785064379],[-1.164744736505129,44.28472930825458],[-1.1924186014878033,44.301772561295714],[-1.1851754430869046,44.318820258846245],[-1.1338116188226623,44.32629257944062],[-1.1150903707542366,44.33780533523704],[-1.0868325920533168,44.332968879857184],[-1.0832233354690162,44.357602643528885],[-1.1054957086560082,44.3739810911273],[-1.115174322567217,44.39159414092549],[-1.094689791073791,44.41812337804965],[-1.1128041456680975,44.43052870437155],[-1.119087713777423,44.47927065034471],[-1.0838794559798963,44.505597161478185],[-1.0642472190278842,44.53107422919965],[-1.0286000850281656,44.52654880315416],[-1.0124305300109158,44.55514456859117],[-0.9401613084808471,44.59661740840407],[-0.9112484054175256,44.645331853787354],[-0.9328456707860756,44.65521742622008],[-0.9545173580524533,44.649836607291924],[-0.9621113341024721,44.66699486257545],[-0.9878767501690734,44.66946297961487],[-0.9960667309730143,44.685312139149225],[-0.9796581061664084,44.6997174171178],[-0.9632312114355466,44.691162669058436],[-0.9427099675254027,44.718606826096796],[-0.8994642788632172,44.73220381865749],[-0.8917168514846666,44.711095859172566],[-0.8666902831296148,44.75225403404095],[-0.8347250166253324,44.739899888519396],[-0.791016658082787,44.75299111238219],[-0.763657860776597,44.73761061576075],[-0.7394709450740519,44.71120022493738],[-0.745344756319168,44.69055024424239],[-0.7252223283746041,44.67790351165761],[-0.7356331758467416,44.64519394083478],[-0.7152378532838443,44.64640012528369],[-0.664126935353142,44.63086112108086],[-0.6345817078379047,44.63788650274619],[-0.6084764507074314,44.65581639482383],[-0.590600489124576,44.65283352852679],[-0.561022426875627,44.66531558597366],[-0.5288966449336597,44.65098977487498],[-0.503419529778292,44.66195401632597],[-0.49641705514072587,44.6822194763677],[-0.4621460743233147,44.68381842877547],[-0.4407730111610344,44.694154593817316],[-0.41558655438603115,44.685492835622036],[-0.40822197775402863,44.664316373543166],[-0.3365472628053362,44.66402751347794],[-0.28316603857424155,44.67201636134697],[-0.2644209023390034,44.69154951994004],[-0.23358814082546753,44.68125250422287],[-0.23448718039879993,44.66443576080508],[-0.21623054436403372,44.651281571915156],[-0.22354291835659137,44.62490846094674],[-0.24386143078470085,44.612555038420595],[-0.22238649286168852,44.601130881979124],[-0.2209730183510385,44.58488346991881],[-0.18801520184288922,44.581417852820124],[-0.16624876130004568,44.600241234763],[-0.11588670949503425,44.62662530782859],[-0.061048425314913266,44.62417326646886],[-0.03580557702538857,44.59992372466195],[0.025867335083488877,44.580642846476046],[0.027854143779173394,44.561337541470174],[0.0242698164036262,44.551286994842314],[-0.019807980300874627,44.53428375993683],[-0.06956091226160044,44.52717745185149],[-0.03384578150721587,44.485442285897676],[-0.041336296406067743,44.45808693483605],[-0.026610484203073145,44.45328414513635],[-0.028209980963267798,44.420492803137215],[-0.0191276487232674,44.40908290731471],[0.009837065447282578,44.40292708072612],[0.013249912800715434,44.3774962535183],[0.0035856659353104177,44.36526302801572],[0.016961909187480723,44.350961985345364],[0.001994449087353793,44.33410132427227],[-0.054532476416862895,44.34017074184392],[-0.07074984315407505,44.32927822529328],[-0.102919829726973,44.330542052951834],[-0.13471398188501155,44.35618367130598],[-0.15753307073568334,44.353126419239274],[-0.16892434692648342,44.33721467024255],[-0.1596160721309094,44.315947786567236],[-0.18733538257027377,44.27683077148469],[-0.16046908795337622,44.26364379421801],[-0.1380826551573188,44.269469520973004],[-0.13010378687496765,44.25522532793396],[-0.10217191031226144,44.24086231944917],[-0.13504537683653517,44.20186025620525],[-0.12433732569104065,44.19342879889588],[-0.14952518270285398,44.1584661919595],[-0.1973677267483226,44.15338194624141],[-0.20372076149516247,44.13455077022847],[-0.18406355433820068,44.12714312278122],[-0.16691990001773746,44.10702090866278],[-0.18755547017331084,44.083178241125694],[-0.23841634730179018,44.10082278862396],[-0.26513117574473627,44.10319603097687],[-0.2638155664843066,44.07096725514157],[-0.3081577108906188,44.05996058897619],[-0.3244825086375015,44.028394975057104],[-0.32081239511423804,44.01786498345517],[-0.35663407289678245,44.01008567555638],[-0.377768627178535,43.99715498214882],[-0.38882615519148256,43.97708620104129],[-0.4367029498505356,44.00068492806534],[-0.4407085381880287,44.01243616892453],[-0.4677422626283948,44.02614562969073],[-0.49481101524203935,44.02759407008193],[-0.5067732301489849,44.010623201242254],[-0.5347850013267247,44.0038551831334],[-0.5901454122845142,44.00955692231158],[-0.6177968151935338,44.00586941509619],[-0.6356561036286124,43.97777340856222],[-0.6861029072306399,43.968242902784844],[-0.6996600935675372,43.9537766343778],[-0.7248927227728718,43.964234332897384],[-0.7858234982048938,43.938946433716204],[-0.8535875014865427,43.95524366019023],[-0.8646645697631863,43.96650359101158],[-0.901597425505274,43.961531076791196],[-0.9255362546346668,43.94257906892545],[-0.9289128030247222,43.92044358831847],[-0.9557740420876478,43.921318382827366],[-0.9526673260346932,43.940158644644],[-1.0209073380798275,43.92762187546503],[-1.035017072075213,43.94627787493729],[-1.0019897924141146,44.01496046841876],[-0.9942185628713132,44.03849027707421],[-0.9575439237350128,44.06199646540754],[-0.9585684882946256,44.0771478164902],[-1.065051554393366,44.08345561304164],[-1.1052426079377797,44.10362318812671],[-1.1644862077232239,44.1042977412053],[-1.2121820711479927,44.108639229561994],[-1.2373796767985572,44.10563001536143],[-1.2379147873048242,44.160056513061264],[-1.2497897954230737,44.183848223080446]]]}},{"type":"Feature","properties":{"organisme":"CPAM MAINE-ET-LOIRE","feature_role":"zone","svg":"070_Maine-et-Loire.svg","source":"Canvas utilisateur + SVG exact","flat_map":true},"geometry":{"type":"Polygon","coordinates":[[[-2.502274423076911,47.2714019673399],[-2.493358603194982,47.290542106506116],[-2.45561857318247,47.31046612124478],[-2.414983016578181,47.31407993622607],[-2.380744341724039,47.32384930611605],[-2.3327243971408596,47.328716675600155],[-2.3166274390531845,47.341044352151705],[-2.2541767040515097,47.34123500281484],[-2.223178500301462,47.346690858622615],[-2.1591470967886806,47.34094112394306],[-2.1139389807534554,47.34785192710204],[-2.0887119561641203,47.36079761674361],[-2.0879924081569023,47.38268497331646],[-2.099599639687137,47.39739086210672],[-2.092542495001577,47.43525606882671],[-2.1062616099647493,47.45035694751004],[-2.106633499757565,47.47632560635134],[-2.149874528204286,47.472213185860035],[-2.1876282550974375,47.48936876988749],[-2.182873105592095,47.535233586796544],[-2.196310663158028,47.55082307727084],[-2.1484002943818092,47.57794437260736],[-2.1685793894791754,47.588700699599805],[-2.200635401814917,47.590836885599224],[-2.247148575440026,47.61092293787458],[-2.286380242565977,47.60972578833384],[-2.3074155376578704,47.62746436838579],[-2.3105423299286394,47.648309836639996],[-2.3333178995587107,47.66056234162502],[-2.3255286134405164,47.688696194931666],[-2.3408714168040685,47.69348366157769],[-2.346864575603013,47.717138542859956],[-2.368208512097536,47.71413976040675],[-2.4094413125492236,47.729618104287084],[-2.3895041970735225,47.754477171453736],[-2.4004523070276096,47.77523158435279],[-2.392554162906413,47.810470408138485],[-2.350822359389493,47.79490566805805],[-2.3450315260581345,47.78635678908584],[-2.3027232149535855,47.777077538323844],[-2.2708655521217866,47.78376332022542],[-2.2130396087978967,47.7721877600858],[-2.1633758237157386,47.7724476561712],[-2.119167149633162,47.76107886381554],[-2.094727999044699,47.766572001700446],[-2.1001817681295734,47.797431131014605],[-2.0631569991756447,47.78852300753195],[-2.01698852006817,47.76317565136991],[-1.9727806685030835,47.75147092809394],[-1.9735693533275283,47.76825924555896],[-1.9484246453303942,47.77163894438588],[-1.9144911610205382,47.74996434008947],[-1.8886665747886062,47.753444537694875],[-1.8700953581286501,47.7369904005417],[-1.837125779825593,47.74401616704112],[-1.7961822125888514,47.740538158264066],[-1.7776241939540418,47.73243909681031],[-1.7324351760093677,47.73510491207163],[-1.705138598977858,47.75921434345649],[-1.6505138794229481,47.7515140264777],[-1.6262358557672103,47.78888889112948],[-1.5786659353418815,47.77066116490377],[-1.5682264670850397,47.757899876105384],[-1.5406379839025177,47.76981464760689],[-1.4957292396877437,47.7716240035364],[-1.4915784714312943,47.76259929299093],[-1.4843944452575069,47.74009683766623],[-1.4413383203404395,47.72116820978106],[-1.3915340215343253,47.719461817177816],[-1.3412659096531945,47.70374454754365],[-1.302872271551136,47.72615234757645],[-1.2817220382342716,47.71320475898623],[-1.3005832109714284,47.693849335100325],[-1.321469696509922,47.688380537757986],[-1.2949307125981437,47.65863245827517],[-1.2928902592927511,47.64440859086579],[-1.2550048105462213,47.64209690095958],[-1.2328303794173643,47.6300455065406],[-1.2029372648807912,47.65264071458182],[-1.1652733956843746,47.65609005732929],[-1.1472697454644714,47.6456506737762],[-1.094497334142918,47.64513317410546],[-1.0717345925209398,47.617121193055596],[-1.035268165067713,47.60186659160994],[-0.967933727843235,47.60136627546345],[-0.9424743903611948,47.586039718882034],[-0.8950996407348756,47.59515853964621],[-0.8942458975661179,47.61231720255579],[-0.8477266398025506,47.60477846592828],[-0.8428488590112528,47.57262972125983],[-0.8633439778094492,47.56476415613297],[-0.8774615387067216,47.53684500739967],[-0.852856947067491,47.51893789960278],[-0.8577444325552779,47.492131427217835],[-0.8691538125888832,47.48329564004256],[-0.8984432746294243,47.43977181164332],[-0.8940893777798821,47.41026627245138],[-0.912565450981355,47.389738378675396],[-0.9121142169028387,47.37018603444811],[-0.8963670667312821,47.36328365350352],[-0.931583899807942,47.34399804220956],[-0.9337297554536466,47.32611816517367],[-0.9650634103492777,47.31218059459708],[-1.005749651157096,47.26078301320292],[-1.0168390810527612,47.22199855082198],[-1.0119406278619125,47.193643660274695],[-1.0320635671690406,47.168872523167536],[-1.018021011355238,47.16112197639349],[-1.0313576097357395,47.13348983062505],[-1.049411792931864,47.12982836599004],[-1.0680160584821177,47.14603525455739],[-1.0992307003820807,47.126574906942636],[-1.1256454980353348,47.092154617668214],[-1.1341453396553638,47.058420353576295],[-1.1780769525814883,47.06642151708344],[-1.1908257858143327,47.05613968128646],[-1.1949945894721277,47.02803188879969],[-1.2225699433893034,47.01692784815041],[-1.2429017446283206,47.03314432141758],[-1.275330450944835,47.03289804314817],[-1.2477138636015135,47.065912492611176],[-1.2821473149777922,47.07365895160822],[-1.3006804983223168,47.06035043004346],[-1.3417634157332783,47.0706059836509],[-1.390531763189725,47.06583905828445],[-1.4467861293387518,47.05064255687598],[-1.4641280509522008,47.057237291528075],[-1.4909377446360794,47.05080527415135],[-1.5091074841820895,47.03281221367267],[-1.5383061544132435,47.03472502426139],[-1.5758467507633411,47.02910525361966],[-1.5742560230776719,47.04429083228485],[-1.6085957269632998,47.04460849123408],[-1.676017174682489,47.02259711509082],[-1.671798305184159,47.00320342452211],[-1.6821020738165182,46.97765027847722],[-1.7348238505563092,46.949367153610375],[-1.764464331345301,46.94983970009363],[-1.7981025186847608,46.95834797175726],[-1.8399029505944005,46.94098876405781],[-1.8691166440660476,46.95692436661111],[-1.8886278344613356,46.94777543801364],[-1.9156251819963375,46.961391229246566],[-1.9874106293755616,46.93348114704163],[-2.0253052139821217,46.9298363364469],[-2.0367459474169745,46.94884901267323],[-2.0690650070973815,46.964627817039315],[-2.1043522975398807,46.96038777628973],[-2.1394944549269566,46.97686625157021],[-2.155722240633517,46.95915616335549],[-2.2169910125504604,46.963241182257114],[-2.2910442638931197,46.98097828775893],[-2.295360324082056,46.98535057299032],[-2.2622403027416897,46.99671081084593],[-2.260745735839678,47.02058837390295],[-2.2917834184153967,47.026445565106144],[-2.3184428763085796,47.052417347328614],[-2.394272403042884,47.06069399197329],[-2.3769552178888578,47.080051570757526],[-2.3892004597156697,47.096378444115],[-2.357999294907638,47.105981631263646],[-2.3245621832369405,47.126512005277775],[-2.3115270551080975,47.150215661405475],[-2.3273967650866836,47.15851251037893],[-2.337589768976591,47.186391716421014],[-2.3302129066267434,47.20866565110495],[-2.348206640138877,47.22140798700237],[-2.3800562047394687,47.20725689424924],[-2.404761594886845,47.216321135219374],[-2.433933602527144,47.24431977123643],[-2.4344202939449375,47.264886663118],[-2.4574836523421646,47.27386316546674],[-2.502274423076911,47.2714019673399]]]}},{"type":"Feature","properties":{"organisme":"CPAM MANCHE","feature_role":"zone","svg":"071_Manche.svg","source":"Canvas utilisateur + SVG exact","flat_map":true},"geometry":{"type":"Polygon","coordinates":[[[-3.073732366196488,49.7213096673101],[-3.068521095820266,49.743153292358585],[-3.0414652802409248,49.74257482691344],[-3.0060460429670917,49.722460464651704],[-2.9806607959962106,49.733070313862086],[-2.9604595160345397,49.728872842938294],[-2.942835463459764,49.70647035189069],[-2.892044686047269,49.69672933006377],[-2.832329690864497,49.695934501816296],[-2.7996567733901196,49.688923656143075],[-2.7845254544994877,49.67268556772162],[-2.7429313352846245,49.67605674080312],[-2.734276694198931,49.66108807468907],[-2.624486301864341,49.67322638256933],[-2.588328119944209,49.68598443203527],[-2.572945916118235,49.71502096675415],[-2.5567946672176927,49.70943447410607],[-2.520472769040748,49.722716837649585],[-2.4651662182793053,49.72607601845296],[-2.3928672257046935,49.712560514677264],[-2.359308560785922,49.71464395712614],[-2.362487903893354,49.698087065093596],[-2.3289234354683823,49.66935829942682],[-2.318109515459671,49.62318249330457],[-2.3446548198463395,49.62721558491257],[-2.357184893748345,49.606194285789876],[-2.3886622162078903,49.59580871806807],[-2.402145823166185,49.563398787618254],[-2.399137430696239,49.54892598008952],[-2.3425097402738606,49.48748164885109],[-2.2790894882709245,49.43655610534042],[-2.2531695687509044,49.41111843698928],[-2.2465096719668503,49.39392514171412],[-2.264185693327143,49.379780113666676],[-2.24874855682083,49.36735530317944],[-2.2020942599060036,49.35584990703133],[-2.1955181246545044,49.32665152420455],[-2.222873724287536,49.307398932960915],[-2.2234139984204373,49.29418350436762],[-2.2037955573625756,49.27753691828676],[-2.207083927151024,49.263073541248524],[-2.158614278017512,49.228039814592734],[-2.111560424743377,49.211204049051815],[-2.049889241419684,49.18367385252848],[-1.992283257693784,49.21454188002269],[-1.966164207539547,49.19033967603853],[-2.009686731899261,49.15144493185179],[-2.0034349284488764,49.13459818314291],[-1.9562134939557845,49.117750740725555],[-1.9476055850023097,49.10474258654856],[-1.9490806923690576,49.07477990800633],[-1.938975776168687,49.063739826546005],[-1.9537005025183078,49.02176312303589],[-1.9303658704060045,49.01758099834565],[-1.9763132992260455,48.98713250256392],[-1.9841456322789404,48.97107633380435],[-2.0146413426397554,48.94631495623344],[-2.0283101704593753,48.944691359886505],[-2.098505492532683,48.90292621985016],[-2.089124130361908,48.891182726808744],[-2.1263282628007443,48.86779933803486],[-2.1493687221346587,48.84255235046487],[-2.1796129796777604,48.84004078047942],[-2.2377814981923394,48.80633719950807],[-2.2360336102670058,48.79128193834425],[-2.18350505378287,48.78367124915367],[-2.168269864336634,48.74852751774086],[-2.135924876528594,48.74003895584547],[-2.1135566254562987,48.749868895421606],[-2.087482796018063,48.73862513377455],[-2.0227380846823846,48.75740263681837],[-1.9894324067285967,48.73710434463709],[-1.9382692273755255,48.72238414296325],[-1.9068069997135455,48.71880560725222],[-1.9154436674897442,48.696045375555364],[-1.882504128554301,48.69664967558851],[-1.8549358535466927,48.669246841938765],[-1.7956789382204432,48.64711491043746],[-1.835403200586904,48.618885369473695],[-1.8132514908715618,48.58160092381474],[-1.8124625682254578,48.559571448810445],[-1.8298917791260156,48.547859114816326],[-1.8358927908468285,48.51855886266513],[-1.86901596722254,48.50484919361791],[-1.9130380054204923,48.474208776967906],[-1.9263065610888621,48.453332444030195],[-1.9635053706846481,48.446141856587964],[-1.9915390246633289,48.46458715774043],[-2.0273378686087895,48.46888320335858],[-2.0439484588795036,48.44549236279494],[-2.0773143127377236,48.43959669592122],[-2.1368828327983604,48.46700388251075],[-2.146961646339095,48.459704499765095],[-2.210495205098369,48.47336985829854],[-2.227873643881874,48.468827252319294],[-2.2530783532068344,48.48307053832489],[-2.2713311427657485,48.480456618318165],[-2.290508298243076,48.494675269063556],[-2.3595550530349136,48.4855693098362],[-2.3667914182616077,48.45933881529839],[-2.418748143921998,48.445402208304145],[-2.4355080993592617,48.4208039196429],[-2.475268130307963,48.40339577090932],[-2.5242741598807776,48.409237938536045],[-2.5455267064061804,48.43405414354036],[-2.5883286943890447,48.4373077468856],[-2.5943783067566426,48.45794227071699],[-2.6196597322184734,48.490740010168075],[-2.6341134428106714,48.499128733659404],[-2.6190697920744035,48.51887230938959],[-2.6444410718140983,48.533409168430396],[-2.6409308355071386,48.554023859498784],[-2.6741613635507604,48.581936359615334],[-2.6452149168569905,48.58712578860375],[-2.615820026802293,48.57354734762748],[-2.5753894444925667,48.574268876924144],[-2.5401353047561717,48.58374672841206],[-2.4871726105531224,48.608334862800525],[-2.584724199148487,48.64581519316131],[-2.608227044391206,48.65076162727255],[-2.6333632422822517,48.69281110868844],[-2.6630956261647425,48.69736460080569],[-2.6781148308126674,48.71462526753744],[-2.672518441936777,48.76842585504777],[-2.678398689842439,48.78853769613258],[-2.710520032850683,48.80552574841773],[-2.691883184972178,48.81468059228167],[-2.6806015682262734,48.83566800429706],[-2.6736760829460406,48.870395371280274],[-2.654647087082119,48.88034365295468],[-2.6461944692161787,48.90440551501878],[-2.665881113428927,48.91487654438774],[-2.664626495120981,48.978873382013205],[-2.699490126939833,49.00095120628363],[-2.716126457142298,49.06095282395843],[-2.713641204870976,49.09351162720443],[-2.700901459980392,49.11674881272627],[-2.7143559405423106,49.185158873579866],[-2.6955301488792847,49.224188167764794],[-2.7246649698707244,49.222111117104056],[-2.740058121559354,49.203641977504596],[-2.7637834683527873,49.232339780565084],[-2.77530294266403,49.25779382160539],[-2.8240488954573992,49.320565400790194],[-2.8378302844851073,49.32261972512401],[-2.880501496830431,49.36098539359009],[-2.9250294241735575,49.36957536773564],[-2.942622432563604,49.40079995587946],[-2.9460873867917563,49.455228258901364],[-2.964898278304072,49.47422835639819],[-2.973454685279566,49.515916068835445],[-3.0043384804554454,49.525204693032926],[-3.00836545270002,49.54750020023463],[-2.979213160406803,49.55943103110994],[-2.96151081452483,49.58089286185911],[-2.96600579457707,49.6309919367583],[-2.9820626355634046,49.66382235786034],[-3.019338354319963,49.67924240133689],[-3.072460599848327,49.68894423178864],[-3.0622985278122257,49.7095359565185],[-3.073732366196488,49.7213096673101]]]}},{"type":"Feature","properties":{"organisme":"CPAM MARNE","feature_role":"zone","svg":"072_Marne.svg","source":"Canvas utilisateur + SVG exact","flat_map":true},"geometry":{"type":"Polygon","coordinates":[[[2.227583466675213,48.76052117322217],[2.2417886867101777,48.78660298909014],[2.2769855074516023,48.789256100553146],[2.2655968431171227,48.81678679308955],[2.3210584349125583,48.83054625723759],[2.3211845104290143,48.85900097561587],[2.345368316891405,48.89984528103231],[2.3665944208441303,48.922951848011486],[2.4141627082009847,48.93307025313265],[2.414718237900284,48.95162359844909],[2.443632939962403,48.95816068871927],[2.432631061706672,48.9743002519544],[2.463222824206809,48.98034441285656],[2.48209747466511,49.01888050152065],[2.5098474095237107,49.02256189592861],[2.523429646302372,49.03456006611157],[2.5084700001956297,49.056065104488475],[2.491396599255771,49.06031963424444],[2.4282155287166023,49.05197524368469],[2.4282247793168144,49.07904395823094],[2.482132796317,49.102489670410804],[2.4533372050637636,49.14126288684521],[2.451805033830523,49.15967551566001],[2.464196596044711,49.176241999875174],[2.4970096828496913,49.173855346868386],[2.52894685438745,49.180142092559336],[2.547688615584995,49.16817174421418],[2.5972062266303806,49.18322089417029],[2.5996330936959136,49.20504847013516],[2.5726281780778217,49.200483659651994],[2.5504650931122845,49.208693254187445],[2.542709587050067,49.23414832308424],[2.5063523621930917,49.23767677169142],[2.5149070490576717,49.270116670058016],[2.498486929086223,49.2946325198186],[2.5005588034374093,49.324455823849654],[2.4864081036405405,49.3473335973679],[2.5441772157007208,49.367969051995885],[2.5896550794549276,49.373011647576654],[2.6267218597789257,49.3936220597413],[2.67397337100103,49.39506955396288],[2.7008484484542894,49.40254896549295],[2.70950436339356,49.42084074295214],[2.6898197858203665,49.43607986830015],[2.7183580752705367,49.44646322779429],[2.7534167531260247,49.43383565640111],[2.7818361493091173,49.44914101942238],[2.8198796002615087,49.41734580739661],[2.855238602980651,49.41810342094964],[2.874008651530954,49.397455522475525],[2.897949711339529,49.39927055719144],[2.90245628620025,49.43896067478563],[2.910886163518083,49.44772684958197],[2.941339857402143,49.44361281578562],[3.059206835011556,49.44109577763826],[3.0721936718567235,49.42539072781485],[3.1216310004062686,49.42401004201241],[3.1323025113695624,49.404237308413634],[3.166583697177992,49.386938773548415],[3.183280067265707,49.36670412227219],[3.208663407519564,49.36614960862873],[3.2331535661809303,49.354640535156015],[3.25702768432395,49.35563481103954],[3.274522423991219,49.33465999041398],[3.3012240227657705,49.32212475649043],[3.344072035670319,49.314355193393865],[3.4299536487600335,49.323933824839614],[3.4663631755853572,49.33513729647583],[3.486538691274127,49.30780928327112],[3.498024342687376,49.30678134609405],[3.5293098708589747,49.26719017620698],[3.56593066844614,49.27729105716599],[3.5823801957899035,49.29349982349984],[3.625250627955978,49.289021811550214],[3.643591499885418,49.277624217910535],[3.6905386139546184,49.277712553788156],[3.718407067434716,49.286866844893964],[3.7305811813810013,49.272014338975595],[3.768214475479985,49.27831093588781],[3.8173935612202725,49.30178068623335],[3.861000109014181,49.273823351776905],[3.881792927359639,49.27306588806307],[3.9056639810841887,49.24521873798764],[3.8493824096445954,49.21895999694524],[3.8637786712307065,49.20515675408933],[3.8860031854623864,49.16448421460027],[3.9047193285496755,49.14499520585511],[3.919236436448842,49.08684624793727],[3.8801447049545255,49.047542025688614],[3.9213467766654837,49.06049590063878],[3.9515156589352185,49.04941027917852],[3.94779534108056,49.0170232104933],[3.918361108584721,49.00619262455901],[3.953362462331923,48.99513205932509],[3.9452388702082635,48.97803952438584],[3.8993697771316267,48.95136950729893],[3.846623529947079,48.94078290368391],[3.825246093830886,48.917034243394184],[3.834635040376246,48.90815821438868],[3.8347157643250416,48.879882199486616],[3.846389973567065,48.854540721389846],[3.7971125794622096,48.829522637556195],[3.7980303771828536,48.80941893870309],[3.8453829015274157,48.8013521495163],[3.8594549640620057,48.781576635901885],[3.903972582240088,48.75030316988556],[3.9240540359939926,48.749929532170746],[3.926876588753579,48.713236358301685],[3.902405547761583,48.689547509684836],[3.86230267393565,48.69309509482747],[3.846367968357907,48.68252913934422],[3.8203279298695656,48.69352114959998],[3.7756021372609943,48.670714562299445],[3.728199513108277,48.67770663306271],[3.685050460353928,48.67343895775136],[3.675396334401851,48.65885852436413],[3.7123528687751803,48.656765641730594],[3.7576254739490462,48.64175595459117],[3.757650651650713,48.61453748219256],[3.735730301229627,48.612628228708935],[3.7012284876817945,48.59427511145016],[3.672246049487553,48.58714492458072],[3.679511878588204,48.5631298055799],[3.703991304291009,48.524976801971484],[3.6186010517846396,48.53748002648552],[3.5683431283637788,48.52653773480582],[3.531314147556791,48.53967484605674],[3.522212325163489,48.55028754140435],[3.4697602231390112,48.54456943593374],[3.4182995002447862,48.52223794708866],[3.41245463342229,48.53970490701657],[3.3844205211875042,48.53287088846322],[3.2873906205374053,48.55623952654594],[3.194489133538204,48.61392961768592],[3.2121516578218,48.62888938482147],[3.196897169143415,48.65144107624257],[3.2130559179239726,48.6715326246206],[3.205401400734065,48.70291167198385],[3.181202303211019,48.7156007596431],[3.1283998622472646,48.71140102615711],[3.1080841839908433,48.70459509275761],[3.0325352976134576,48.7077427958819],[3.000941855970611,48.68697178242381],[2.946947545306029,48.702542623737564],[2.9243717388506973,48.66556402406862],[2.8948048841491487,48.65787430346194],[2.864970852325975,48.66273545170785],[2.848998157879729,48.65333956957293],[2.839361715455726,48.6291195059269],[2.8197650475458156,48.619167249907306],[2.8100463263760798,48.59852141907544],[2.775190535418553,48.60216133686806],[2.7584246666888093,48.56801259645222],[2.729518671256566,48.57384031814178],[2.714967945099374,48.55246422366659],[2.7223203417638633,48.52878963962632],[2.7074737539276152,48.51332447429617],[2.6773549732973043,48.50548073583918],[2.6478566197337314,48.51759691532597],[2.5933270057649374,48.52367812090287],[2.5526496331672583,48.523252617227854],[2.535601349768665,48.530025479448796],[2.488963564724507,48.525882314580485],[2.478827281754018,48.53116200085674],[2.4764560473148345,48.5625474892657],[2.447409853376078,48.56397112829289],[2.4216838776461382,48.59812831666202],[2.3960923960250162,48.61431997484681],[2.3576271950024723,48.62809001583746],[2.355933302198237,48.63855019673853],[2.29589963018393,48.64845116963819],[2.27502065297059,48.65961005447159],[2.3051858739561686,48.68386541623336],[2.2997734938249272,48.7059933206505],[2.305356991061766,48.73827706978412],[2.2787219207787612,48.73689167897612],[2.263729125267539,48.75817999453745],[2.227583466675213,48.76052117322217]]]}},{"type":"Feature","properties":{"organisme":"CPAM MAYENNE","feature_role":"zone","svg":"074_Mayenne.svg","source":"Canvas utilisateur + SVG exact","flat_map":true},"geometry":{"type":"Polygon","coordinates":[[[-2.3715817390416123,47.77471309871216],[-2.3482736663997947,47.79721075285323],[-2.346164672534341,47.8111380744114],[-2.320255951922518,47.83581644641229],[-2.3281070372319013,47.85878468254069],[-2.3066970205449495,47.867479575942106],[-2.289277873625395,47.91180724018169],[-2.283563422202217,47.93997456192319],[-2.2542546257791094,47.94803359665834],[-2.2297042378179848,47.964816198125334],[-2.1963509425790737,47.95730279151422],[-2.144125504294371,47.97145752524481],[-2.140983164886073,47.989838293225176],[-2.158362177923267,48.01229490053652],[-2.1465301782330197,48.049688752605476],[-2.1742846519070325,48.07164762350678],[-2.185733744261155,48.135383200219046],[-2.2061622776197773,48.170574596776596],[-2.199988676901617,48.18888138206688],[-2.2294885857874522,48.25330164034227],[-2.209204608679399,48.29210540813921],[-2.1703372709925763,48.32333175825722],[-2.191103393363179,48.36612053730667],[-2.1799229399120508,48.382794630277914],[-2.2044104084857,48.41198129936673],[-2.2106766284902526,48.43507249769372],[-2.192657683317764,48.45380649315219],[-2.2032485288751875,48.50474380624063],[-2.1974455425907933,48.5143976730312],[-2.187368993158245,48.521694909101825],[-2.127801930827878,48.49430256511532],[-2.0944575651361275,48.50020505651244],[-2.077836695704624,48.523574903256495],[-2.0420618660292624,48.51928368903412],[-2.0140325567122725,48.50085294962678],[-1.9768381058143165,48.50803733370877],[-1.910675696948389,48.4700955475398],[-1.889981967108858,48.47033708244576],[-1.8917688622492248,48.44982273141239],[-1.8682240795134069,48.43991703507556],[-1.8239282040079048,48.45324318759604],[-1.8457880291305249,48.46601770494152],[-1.8400440480716251,48.478294511574255],[-1.8102885215256386,48.47262333951713],[-1.772689930729374,48.49256775556378],[-1.7565947047006185,48.448282095070915],[-1.7015532688317634,48.477192056402416],[-1.6507388585041605,48.480837248343065],[-1.6299484389093044,48.503085232011486],[-1.6033073178147208,48.51445673368514],[-1.575054033153792,48.5101286811564],[-1.5389408980192194,48.52317741727941],[-1.458763269632997,48.50157245613271],[-1.4278714711798117,48.50971696924309],[-1.4090586176813327,48.533518101062036],[-1.35781236418946,48.51741346650173],[-1.348854872499894,48.53453330819279],[-1.326292257806698,48.54893694047362],[-1.3477102429464034,48.5602396170484],[-1.3189136785977935,48.57565645122205],[-1.2900919679030445,48.57643884516453],[-1.2505060210559942,48.5491679359534],[-1.2244297189695799,48.53953834908579],[-1.2472345849031095,48.52655479293538],[-1.2231252629430498,48.46230244640391],[-1.1839714643953445,48.45486880316035],[-1.126679757511226,48.46122168998612],[-1.132325259521311,48.43501032997275],[-1.1291864622594585,48.385835304437386],[-1.1536214158069398,48.371973518843724],[-1.189748937966916,48.37733311649184],[-1.2168423290130068,48.363565182942104],[-1.210765027051351,48.344896461619456],[-1.2359557023880243,48.33959602505397],[-1.2341672763631837,48.31338637543079],[-1.216705304271059,48.2917282466922],[-1.2421137145484542,48.25625128444284],[-1.2405498800179977,48.23382964315022],[-1.223907607821277,48.218495171851764],[-1.225583412699902,48.198146531165506],[-1.2802771787043614,48.16960746778733],[-1.3337810700810866,48.1469522077806],[-1.337796919335244,48.12517223159432],[-1.2983981454624836,48.101252309173226],[-1.3215291927409947,48.070883059649574],[-1.3072326597253323,48.05917769708802],[-1.3134624724587642,48.043264853279304],[-1.3560684331717103,48.0496725479202],[-1.4041143981871966,48.02812384569678],[-1.4278754786875145,47.99258416604229],[-1.4026951889479577,47.9860036846497],[-1.3674342010932858,47.93638916486],[-1.3807279659777627,47.921310581703366],[-1.4258950593451212,47.907356971873426],[-1.4645539759761597,47.908976133063156],[-1.4867427006481881,47.9017153438066],[-1.4981247334850145,47.88566345390069],[-1.4960246978615237,47.86672958563993],[-1.4663700104246313,47.86081225224054],[-1.463531514158359,47.8302634565327],[-1.5003378454754677,47.83014425986842],[-1.5406786084303508,47.80228896794003],[-1.5261123485365,47.77786157260837],[-1.4778665619165383,47.77414914345808],[-1.4643040567954015,47.73393165662975],[-1.4708657747274758,47.72684456046096],[-1.4750130569598026,47.73587091788943],[-1.5198974714889906,47.73405494275386],[-1.5474838953168615,47.722143061886],[-1.5579176184287655,47.734912471027414],[-1.6054901796889725,47.75313229336153],[-1.6297573611606393,47.7157649784054],[-1.6843662197277232,47.72346575141437],[-1.7116607995510635,47.69935104005897],[-1.756815453713808,47.69668986669749],[-1.77537868636975,47.704785088964684],[-1.8163153755914028,47.708270993032414],[-1.8492689487966854,47.70123923493453],[-1.8678354404113306,47.71769685061322],[-1.8936426341369381,47.71421022338068],[-1.9275697859135377,47.73588347920301],[-1.9527033598767563,47.732505635495144],[-1.9519229047369668,47.71571385364818],[-1.9961306647693553,47.72742261864304],[-2.0422684158609634,47.75276549694328],[-2.079293664936322,47.76166552659313],[-2.073847849879497,47.73081443571254],[-2.0982761260549387,47.72532480785793],[-2.142456767154022,47.73669088158781],[-2.1921244299290037,47.736430968621285],[-2.2499273549060343,47.74800236297299],[-2.2817714354519443,47.74131747497624],[-2.3240623778520804,47.75059560877822],[-2.329855120303719,47.75914894338779],[-2.3715817390416123,47.77471309871216]]]}},{"type":"Feature","properties":{"organisme":"CPAM MEURTHE-ET-MOSELLE","feature_role":"zone","svg":"076_Meurthe-et-Moselle.svg","source":"Canvas utilisateur + SVG exact","flat_map":true},"geometry":{"type":"Polygon","coordinates":[[[4.311004710979874,49.52038777558753],[4.3181367020813255,49.536869577331714],[4.39196466733033,49.55634419575252],[4.407564523438486,49.57121222991516],[4.446921767631035,49.56364396643272],[4.470545301296907,49.569275284970814],[4.4924123449419,49.588342665420896],[4.520179990220962,49.596611838218834],[4.560239186912016,49.58282458525623],[4.593093804490663,49.588219224096235],[4.637085316044387,49.608036508284194],[4.657665518692259,49.59570633541433],[4.702942729693608,49.586653465220316],[4.702258249579385,49.562712999662],[4.736902544222591,49.54058830707098],[4.762471251771298,49.538737522052614],[4.772499848086994,49.5249059463078],[4.810065832479435,49.51558479709703],[4.814121953663049,49.46855111364533],[4.782414744150054,49.44418931472092],[4.800861670507662,49.43836550957372],[4.804346146266967,49.404798686298186],[4.828946134669998,49.39586255925724],[4.835830243170862,49.378194087469765],[4.816288679246995,49.36728376922643],[4.859741274049186,49.33631085291218],[4.881995327050476,49.33937067425338],[4.875921695232398,49.30485859798609],[4.882468618505084,49.288920089809125],[4.905596670893239,49.276474642079314],[4.9064668405454634,49.25749362654042],[4.862623558958325,49.235215036684444],[4.85768389449586,49.2107399393379],[4.878104629817393,49.20923609250066],[4.903304981177676,49.18832185164916],[4.856303207522612,49.16621942264512],[4.881175590368534,49.134104317015286],[4.873276799268765,49.12756131281164],[4.804087284930119,49.128556911372186],[4.796874836582972,49.11055000561347],[4.826991963001062,49.070364904985546],[4.923809174417136,49.02799307090753],[4.922178824545913,48.98984789622136],[4.962084901933154,48.9747781926955],[4.99949630349072,48.98002851434964],[5.015704952821826,48.94506039984842],[5.0473627713082765,48.95384991909518],[5.062939883236854,48.94550975667243],[5.110804701666496,48.949529575445375],[5.134938696727071,48.93407435022668],[5.162700212116805,48.944100103291625],[5.179983393983272,48.926482563094645],[5.220960804194226,48.91481745999114],[5.190550120959541,48.88878038651586],[5.2047638773040505,48.8709686805883],[5.180796193577985,48.84905544011516],[5.2335076802941485,48.83960295264155],[5.224821979430242,48.82818202156744],[5.266982031244641,48.78745324049696],[5.292546322758413,48.777149875090004],[5.333132363972453,48.79245966789784],[5.354347151896509,48.76806267684521],[5.3922122725914345,48.76791485908844],[5.4148178140027365,48.75028311611951],[5.445457758004485,48.755783552620045],[5.4707726628287325,48.75177637896262],[5.503007985376972,48.72998565549659],[5.507402695194163,48.71569045847271],[5.533372897554296,48.71368889113654],[5.548523655984667,48.70233332488594],[5.569949017476733,48.70791499593328],[5.601080839485549,48.68221960959242],[5.649453147275182,48.661431355763426],[5.674162517168322,48.661166337284214],[5.700690346236284,48.63942542318569],[5.730126713580663,48.644546424869546],[5.757625576375433,48.640088924181406],[5.765504546909659,48.62201429201292],[5.786080184812486,48.61613703592846],[5.829756840521617,48.61585104638588],[5.855871102118553,48.632591064028894],[5.8883399657504985,48.60390001944665],[5.911568536692543,48.607810286152386],[5.923841640287404,48.59104026440491],[5.9656888695378125,48.5747858507958],[5.98977098931513,48.5438985848305],[6.013312426396075,48.52846684130776],[5.9977090328814295,48.51461248587628],[6.014726690087448,48.50334243750499],[6.059461441653958,48.504537738296456],[6.02880719618826,48.50370717673439],[5.983156319736246,48.48435667512644],[5.9121647122277885,48.46726771939514],[5.818928717690075,48.403761959572016],[5.789638735548407,48.41671601438658],[5.749666651163432,48.40039553250166],[5.735965922959132,48.381522285598635],[5.687227523571438,48.382026493544004],[5.6785989846435765,48.39481234880755],[5.61426032683861,48.395998340399096],[5.560318980013337,48.417748019530556],[5.534315122005199,48.459119710509654],[5.493635090950681,48.44559106290196],[5.476005480081107,48.422427163807896],[5.492643928173532,48.39977686710619],[5.4398263565941525,48.41447644787991],[5.405235296061111,48.39619381004069],[5.352241507183796,48.396793820822666],[5.322850381421852,48.388426436088984],[5.227065509411196,48.38535363869366],[5.200076426193265,48.394072548192966],[5.1953544697694545,48.412394542814994],[5.162811117473313,48.4075527124801],[5.15251870088172,48.386656268745604],[5.122738655024608,48.379981101372486],[5.066284574190026,48.37692041336241],[5.0333153447889,48.383789546844454],[5.038932927125946,48.35919952080701],[5.001569400154582,48.3305122253561],[4.98143853600104,48.348989263404285],[4.948228128804169,48.33579297687696],[4.934942965676333,48.3424627400344],[4.905329733247335,48.333145836794046],[4.883048732961813,48.33780802562269],[4.836814258270796,48.326203191742565],[4.820511565869721,48.35267801677115],[4.831287071727112,48.36490486506598],[4.8113032357911,48.381264970494534],[4.751502402153424,48.382023272594786],[4.730465094836642,48.39500524895101],[4.7721942149849115,48.42745904669764],[4.759518553811213,48.43496635848122],[4.7769218292456435,48.462965729002136],[4.760643041027013,48.47744573064797],[4.726866969585046,48.49086522120376],[4.682807056931425,48.48150255763502],[4.65433337913283,48.46518701243488],[4.631286785443807,48.479442237154664],[4.626882928372833,48.50607670877059],[4.642811872403392,48.5266799862383],[4.579450626930852,48.547894733581266],[4.58204881251049,48.578515525129355],[4.630420528833862,48.59734056621046],[4.63817462733659,48.610476051992876],[4.609072621464742,48.64502136483489],[4.609405946091928,48.6644054214075],[4.629954823866527,48.6959223097407],[4.61739686920259,48.70971511356529],[4.581905382003537,48.72937362520271],[4.57661005359246,48.74164951677262],[4.605877657892917,48.75054258530911],[4.604076804954994,48.77154643474877],[4.632907391779854,48.79019800616296],[4.646909031307215,48.83774366173824],[4.63031507355628,48.877942227112975],[4.657101581546319,48.892402638156454],[4.63053591206823,48.9044077189088],[4.610825353938473,48.922488280192916],[4.6447773809333155,48.93353305336675],[4.666528559384327,48.95607698267902],[4.684254552466339,48.95162160785142],[4.7159758535300424,48.96165564577939],[4.7161304991750885,48.97279039631096],[4.669559927686742,48.99747423514474],[4.682098975657697,49.00910705761322],[4.689001190795815,49.03655509213728],[4.722900394172613,49.057592150187574],[4.674601811171564,49.09269609748889],[4.6882547877624425,49.10524531347676],[4.684451879912064,49.130023359844735],[4.6486408154765675,49.13150320850994],[4.635490966850229,49.12454983712566],[4.609808934795512,49.14401199462433],[4.623253913824369,49.171004666391966],[4.607490628101766,49.17781642978228],[4.62911487514619,49.221870923187325],[4.586617979246542,49.21907161218562],[4.580139445652028,49.240564954253855],[4.602700693421584,49.25563371822532],[4.582011144712458,49.27414551286937],[4.592206969289207,49.297568780541866],[4.623523683945126,49.30863952822665],[4.631708905721645,49.333141630352365],[4.593188618252521,49.341536058844625],[4.582311338431648,49.36304673864537],[4.5999464540872115,49.384633187001626],[4.563450985019277,49.42274577003077],[4.546154811774887,49.4286515855873],[4.5512234152611075,49.45104854321125],[4.490471736629262,49.474470098522836],[4.460210538339706,49.4559017810039],[4.422996513904741,49.45925912215032],[4.379659968755708,49.44211398253451],[4.350273706445871,49.4432142650618],[4.342820462982731,49.42389670683488],[4.312823236880953,49.429151539497646],[4.32084578196491,49.44539191633421],[4.342949829905144,49.441703675408995],[4.357641590408164,49.45669501546312],[4.3269840998641245,49.461367557831245],[4.333046468622068,49.48424429228331],[4.311004710979874,49.52038777558753]]]}},{"type":"Feature","properties":{"organisme":"CPAM MEUSE","feature_role":"zone","svg":"077_Meuse.svg","source":"Canvas utilisateur + SVG exact","flat_map":true},"geometry":{"type":"Polygon","coordinates":[[[3.7836701011377123,48.81496628821051],[3.832937685024057,48.839987214099786],[3.8212563887872544,48.86533033609575],[3.8211775956946927,48.89362413322774],[3.8117973603690998,48.90249719129339],[3.8331731134767386,48.92625257666145],[3.8859112511046927,48.93685041346039],[3.9317927129460712,48.963529410833615],[3.9399136804369896,48.98062123478202],[3.904905028470175,48.99169051732889],[3.9343369906762162,49.00251858100809],[3.9380609684629007,49.03491488561122],[3.907904356917466,49.04600932062267],[3.8666955016451308,49.03305594672475],[3.905782147078657,49.0723768370001],[3.891256121752562,49.13054094253383],[3.8725593787081825,49.150027290854105],[3.8503205871569217,49.19070859692428],[3.8359373335959286,49.204531129090746],[3.892214539293775,49.230791693795666],[3.868343287396251,49.25865097230998],[3.847552109807339,49.25939896854737],[3.861562607442929,49.270670840121596],[3.950474667303644,49.31117445646699],[3.9301689393973707,49.33854296901766],[3.9265141578351495,49.36461137259572],[3.9547888656417762,49.38702999544313],[3.9618905379121405,49.40246716633607],[3.993149078430887,49.40135107792213],[4.008030216140461,49.42201556127445],[3.991189153361289,49.43950585484782],[4.009127713753926,49.45955210939963],[3.985980226061319,49.52174815195509],[3.9637245577972973,49.53754837950719],[3.981802908990397,49.54896792574041],[4.0037357009182895,49.576543310088155],[3.991990298200978,49.582538706828664],[4.022130726726843,49.63723066760539],[4.050076167940531,49.633991841239784],[4.06923665721883,49.60619836141935],[4.121852476013911,49.616987226407055],[4.1425856778275385,49.61285075390641],[4.174185231898518,49.5837351479579],[4.225708352562042,49.6024739701561],[4.255134772162761,49.637749758286944],[4.296654521725922,49.63990687475426],[4.311461660025654,49.66406055604312],[4.350936178110725,49.63852306942935],[4.362631902792307,49.594186700687786],[4.386958253863859,49.581643169496026],[4.368642546011731,49.55880397493766],[4.393262420686735,49.53758449864251],[4.38613247445201,49.521105736716194],[4.408175931962845,49.484965595704466],[4.4021133382737485,49.46208504523215],[4.43275608077847,49.457413893304235],[4.418068539569546,49.44242141444785],[4.395966828738363,49.44610683130495],[4.3879546181036275,49.42985286787042],[4.417947227729709,49.424607815783055],[4.425382397072222,49.443916657743706],[4.454774218897162,49.44281642155419],[4.498098338791744,49.4599667946681],[4.5353036777600115,49.45662196277579],[4.56556022945424,49.47518025441178],[4.626294542236934,49.45176453274593],[4.621225448637209,49.42935819609551],[4.638522655676042,49.42345525481328],[4.675005737448325,49.385341810600885],[4.657367726282098,49.363750123854146],[4.6682439303021654,49.34223421555635],[4.7067551878348795,49.33384542907338],[4.698568340772495,49.309343694682276],[4.667260614077072,49.298266215672975],[4.657069754729471,49.274833611069354],[4.6777613829421,49.25632211247596],[4.655196633061872,49.241252172482234],[4.661667327748348,49.21976606562677],[4.7041600581201015,49.22256253922413],[4.682550021671694,49.17850601318685],[4.698306812922137,49.17169432379132],[4.684869725672427,49.144692384001495],[4.71053845579866,49.125229073587846],[4.72368054986063,49.13218230118977],[4.759477369590905,49.13070796259352],[4.7632892139989975,49.10592200920829],[4.749650085124684,49.09338416157728],[4.797918967920557,49.05827227996247],[4.764037453062052,49.037235629088734],[4.757129274622851,49.009783820583756],[4.744601799538217,48.99815123251299],[4.791159104282592,48.97346076829028],[4.790996560532903,48.962319207058236],[4.759298268668215,48.95229376516259],[4.7415693620885095,48.95674905596043],[4.719834423861904,48.93419721916769],[4.685866212787562,48.923145590786966],[4.705593060678464,48.90507372007495],[4.732139205150355,48.893061787053696],[4.705360398004891,48.87859330217859],[4.72195560330236,48.83840369316401],[4.707960054376781,48.790844910551584],[4.67913573825162,48.7721922655337],[4.680934097054668,48.751190115200664],[4.65167085099781,48.74230553401085],[4.656970679268353,48.730024299001364],[4.692456021884401,48.710367450463885],[4.705000432841891,48.69657340448137],[4.684453509872251,48.665045899394904],[4.684124258295603,48.64567049207232],[4.713226002188531,48.61111182465927],[4.705476112669195,48.597980726456825],[4.657102332827909,48.57914346332053],[4.654508892955851,48.54852733091342],[4.717854057464596,48.5273072809854],[4.7019277071573695,48.50670016564378],[4.706334323708915,48.480064728330866],[4.678510991143438,48.447740630871465],[4.651876819237354,48.4415447648773],[4.615871430261652,48.45306740482522],[4.548808953667422,48.4199790210217],[4.495727223671231,48.42040362386331],[4.44910550030856,48.41097717545645],[4.439383987561106,48.395920148122904],[4.3963437384176,48.39857681572953],[4.3701396927383565,48.40285173745799],[4.331520084714334,48.424573363193936],[4.3288790824453125,48.4453047746538],[4.2693249085177385,48.46257337459132],[4.245903774620762,48.486602312245154],[4.223094215074596,48.49825206862222],[4.1802352673870296,48.50153171851653],[4.120812326150613,48.521769795278885],[4.083615724867659,48.54032682029822],[4.053900897843318,48.54712152568244],[4.025466888047243,48.57035245965229],[3.9754434609211065,48.58190781143766],[3.953570136659337,48.619013865080206],[3.93533514371598,48.59990485459298],[3.9162733767408224,48.59655105488577],[3.895745389179972,48.608745209437274],[3.90779158537343,48.62113639501363],[3.893662442652758,48.64729235860461],[3.909941265266685,48.660047259377],[3.888957132773267,48.67494140209689],[3.913430249841056,48.69863419564813],[3.910611809039391,48.735351729100444],[3.8905319172927078,48.73572273167212],[3.8460017380918883,48.7670078815169],[3.831934746594929,48.786783516847386],[3.7845718846414567,48.79486095032809],[3.7836701011377123,48.81496628821051]]]}},{"type":"Feature","properties":{"organisme":"CPAM MORBIHAN","feature_role":"zone","svg":"078_Morbihan.svg","source":"Canvas utilisateur + SVG exact","flat_map":true},"geometry":{"type":"Polygon","coordinates":[[[-4.872673763024287,48.09443804530664],[-4.8551232454996205,48.10369202771796],[-4.85332366213926,48.125599149974185],[-4.831432487197804,48.13489938020414],[-4.786389505904236,48.14111863017404],[-4.761740978332875,48.15408347142767],[-4.694942373744181,48.17241627728701],[-4.650550843932591,48.16514684354541],[-4.6051928649342315,48.17317791865652],[-4.544068883726409,48.158518855961894],[-4.559838511495358,48.141070406745534],[-4.53436355488019,48.13225204744466],[-4.495220245178637,48.14938045075261],[-4.463279662141825,48.15677523929139],[-4.4332051755153845,48.140734112868344],[-4.415767201687034,48.141061074998554],[-4.386927960063744,48.1255511527588],[-4.366020232031163,48.13528803092322],[-4.327153758593663,48.13452188087094],[-4.307910507577653,48.149977152009555],[-4.263904612741067,48.14569612726929],[-4.24735913075309,48.15127881020169],[-4.237875625000848,48.1880056877692],[-4.14346124380469,48.19370320493093],[-4.115349029199622,48.17663904292953],[-4.1129889109893725,48.160880043974046],[-4.087640692532393,48.14777413758557],[-4.0371545231872785,48.160655897722066],[-3.99820689012318,48.15150231839223],[-3.9435216728401623,48.128945877021486],[-3.900426378283662,48.13453781505374],[-3.8710100965007674,48.10751515740311],[-3.8457617921099043,48.09730465816445],[-3.7873968718363855,48.10520647021655],[-3.751553801612094,48.12096793941129],[-3.7354898543948574,48.10554815542118],[-3.738528311370101,48.069770479267284],[-3.7565142556832236,48.0474620062165],[-3.753893722476929,48.033714473555406],[-3.7089306509750357,48.01650794503145],[-3.659167994442339,48.05199247925544],[-3.62514605407893,48.06231557022086],[-3.626140620335485,48.08595543027849],[-3.591619096123594,48.11668412762264],[-3.6099150122493255,48.14717079978131],[-3.5628994093994457,48.14572822302704],[-3.529748746782801,48.154656016869225],[-3.5211540319115247,48.164694923656995],[-3.4767675792761468,48.159452314947785],[-3.4691607506371365,48.14546404729838],[-3.443650489130589,48.13167591389805],[-3.439667877734891,48.11193502129159],[-3.386102144751133,48.11278460160308],[-3.372107735729076,48.12707996247223],[-3.3505844618571174,48.12399239439435],[-3.317117879720613,48.09843752216849],[-3.3167587961811034,48.052157690490745],[-3.2935311072991458,48.06279024852572],[-3.2453077566370885,48.06869605896039],[-3.2273396646772463,48.05036749235586],[-3.251846271532893,48.03733948653364],[-3.302525640094499,48.03864334120344],[-3.342111250882251,48.01043034509909],[-3.3454829482431965,47.972921273151336],[-3.292872544779209,47.981591758705434],[-3.263337716724275,47.976645686517266],[-3.2309798078994123,47.961676369185405],[-3.199243201543806,47.965756397947246],[-3.1646853976182574,47.94033597776553],[-3.1514298283220312,47.915284619923355],[-3.1307506678701835,47.898442268141814],[-3.1366480063971247,47.88351881446893],[-3.1578654304270515,47.88017332620665],[-3.1697568257786077,47.857453237889935],[-3.148657724999787,47.83808632174525],[-3.143262552528327,47.81790255335866],[-3.1015980891095167,47.83432002453485],[-3.1015488338408477,47.815058250466194],[-3.0848478731616376,47.80639821546074],[-3.099282173708857,47.79005024992686],[-3.121274890457121,47.78411187200194],[-3.123091452092678,47.76192285115999],[-3.181822710358847,47.730890943991334],[-3.1361031411577343,47.73252949510942],[-3.1086412217865322,47.70679250594942],[-3.161236862651268,47.70475794373707],[-3.185144842298837,47.68947279335152],[-3.172345188336661,47.67725499309486],[-3.1757265422983734,47.64766030623116],[-3.15645988310291,47.64153807011289],[-3.1668486842691057,47.61259208349295],[-3.148572603143415,47.593508427249695],[-3.135868231937529,47.582858886617856],[-3.1378357492185334,47.56332207860193],[-3.1554588192634,47.54912278239779],[-3.1478020037348626,47.53110466007863],[-3.149821617040475,47.49046614590942],[-3.2102246706260824,47.47754414532252],[-3.2082000423197,47.4504039904822],[-3.2388095079760366,47.4453160571732],[-3.2467998173818686,47.46682261507335],[-3.302997704080218,47.447020202722285],[-3.321029248966684,47.468090258930076],[-3.36071808574975,47.4540161176802],[-3.3754048288807526,47.43851930331732],[-3.3750403224157,47.415849523015034],[-3.4191927449864514,47.40550041624634],[-3.436161978386116,47.41440069341508],[-3.4666356114170758,47.40641891712813],[-3.490995851878848,47.42865603989957],[-3.5229241477696682,47.41259305758839],[-3.528197268756036,47.39780176871074],[-3.550263682897901,47.39239334261952],[-3.5705786484034463,47.40724394630199],[-3.5609922543646757,47.42535346203645],[-3.5736278128028967,47.441448069352845],[-3.5102036554398115,47.44879575840501],[-3.5364908097424492,47.465024800972735],[-3.5908093018638714,47.48028915532567],[-3.618386151604913,47.47662237552292],[-3.627691583755571,47.46550270324799],[-3.6810415839421635,47.46917433245728],[-3.6812733954166887,47.484702199146824],[-3.732461724745916,47.49345154032889],[-3.7319407545462258,47.4825646325672],[-3.7627656205237687,47.44712426118156],[-3.798822737458059,47.45724156270092],[-3.8707512456488127,47.444843403743405],[-3.8827835778320092,47.43620229069034],[-3.9397389662941364,47.44931443188298],[-3.937804503088924,47.46345354896394],[-3.966994722093064,47.48689006713291],[-4.006997406474694,47.495838570649774],[-4.002930762540022,47.51378361519602],[-3.974888850830551,47.51686544156561],[-3.953224943573505,47.494066752874964],[-3.9077569269782284,47.500876703964956],[-3.893506479374501,47.50871516422607],[-3.8482516120029238,47.48967479389624],[-3.8186664609980627,47.50633851990545],[-3.7990129278351925,47.53233125519911],[-3.798019904889258,47.549739262795775],[-3.843494513011008,47.570554132941865],[-3.840364514717791,47.59496940372402],[-3.883078666805371,47.57738204691751],[-3.921027274842613,47.57134053318846],[-3.9419692693649924,47.576570246621635],[-3.980991454065507,47.56019070510674],[-3.9870378993375337,47.53709526190306],[-4.032245536145451,47.55232371984027],[-4.0465114185008755,47.53403857748479],[-4.103300856396797,47.52018471002533],[-4.12629049381226,47.53856087175757],[-4.198191945482996,47.517837489942465],[-4.2280660791954965,47.52279022983184],[-4.238436808922884,47.483518503262886],[-4.2211135640335335,47.44523341291042],[-4.197495050280215,47.4308015825048],[-4.234181048503265,47.421534398854355],[-4.257841768826721,47.45320812921893],[-4.258235800559321,47.47861956529212],[-4.239908302931731,47.50084919247556],[-4.245454351675911,47.53338490027123],[-4.265155649378282,47.56225709190037],[-4.302411532377707,47.57789377057211],[-4.319348769374584,47.597642016169004],[-4.317716398109381,47.62171260645086],[-4.299240493025641,47.642020229592944],[-4.2740743363570255,47.639908398094505],[-4.233625531657496,47.66668600313817],[-4.231494305005984,47.68563499353155],[-4.266744696813991,47.70020420990311],[-4.284530762582515,47.69725452058635],[-4.281641848604601,47.66264701920318],[-4.327647563836657,47.625764866945715],[-4.324849827841742,47.602415653712136],[-4.3838145795213155,47.63772167780364],[-4.401746047209151,47.66099677048839],[-4.457593626253987,47.668918105095095],[-4.466047369712075,47.68997121089159],[-4.5061688572289,47.66147516304348],[-4.551754547703912,47.662649868921925],[-4.57522140691121,47.65421235630959],[-4.623322952448281,47.69003803830428],[-4.647210470154552,47.71978931523835],[-4.656735901003082,47.745976486148244],[-4.643615374364901,47.76991731607303],[-4.66314990594494,47.781884175111124],[-4.665724863709284,47.802588468551264],[-4.649691622192643,47.81655646945453],[-4.63776357884155,47.79846347686643],[-4.61316531608652,47.78980186116715],[-4.581748535682867,47.80374802836623],[-4.572066300088395,47.83042353670725],[-4.524553356659873,47.835159734958516],[-4.527493768718891,47.88909980034684],[-4.5069035672025315,47.89774950923622],[-4.522210542069288,47.91643678429194],[-4.512505293504853,47.93079859808115],[-4.534226426969927,47.949407257868074],[-4.586609561664963,47.921935381963536],[-4.606294192930204,47.925442878163146],[-4.623127895358825,47.95155260771631],[-4.642384171459053,47.95012418468781],[-4.6841726530408065,47.96867343162352],[-4.711577916309063,47.96216157282204],[-4.77353702912091,47.959920113699916],[-4.7971974700446625,47.99666097018017],[-4.8106897919956015,48.03808422855155],[-4.834767589954782,48.04115095580466],[-4.840238539675246,48.06760786996979],[-4.864065940994784,48.07555692238935],[-4.872673763024287,48.09443804530664]]]}},{"type":"Feature","properties":{"organisme":"CPAM MOSELLE","feature_role":"zone","svg":"079_Moselle.svg","source":"Canvas utilisateur + SVG exact","flat_map":true},"geometry":{"type":"Polygon","coordinates":[[[4.7413658338615585,49.54857682468951],[4.7903248633751545,49.5531122171876],[4.823863374515394,49.54306226733595],[4.835312022933569,49.50052325840624],[4.882764687368657,49.505498327152516],[4.9121679183422104,49.51603425796898],[4.934355103303542,49.51434360139983],[4.98351453887744,49.52493325291413],[5.016847404646231,49.55722747094976],[5.123264473304988,49.564322585212],[5.147142440315026,49.557386631151616],[5.165623225845585,49.53287806877766],[5.182364879261274,49.5331891449076],[5.237057870692158,49.51140559156129],[5.2825116459483015,49.52012640143979],[5.294538649783294,49.52803790648869],[5.348245651830256,49.515423849202215],[5.43707727682495,49.468896038558746],[5.422585812266598,49.450590259399796],[5.446560485392626,49.43710307795475],[5.47162168095267,49.433678544148265],[5.452179043097217,49.39123814477189],[5.480772532082908,49.375879853158864],[5.473763680101001,49.36719044975899],[5.50399518470687,49.346265889582874],[5.526144709835694,49.33935340255168],[5.5491517561062205,49.30289373666724],[5.574782344053038,49.28328641613211],[5.585595125579908,49.25539017002539],[5.611725385895708,49.26131180129459],[5.62424137470859,49.24519863239857],[5.603117186958447,49.22651882998666],[5.631766388963383,49.20034266028202],[5.6801912078246755,49.20526001386578],[5.732848916077518,49.187928701900184],[5.760533305533295,49.21689788517636],[5.7505479738264755,49.239877813380566],[5.733510025460608,49.25126782643723],[5.756698271661909,49.26296870156052],[5.78595768939431,49.25123314266418],[5.838732535404679,49.263245528183894],[5.86390598259431,49.2430958941803],[5.880034530914814,49.25038328537516],[5.905525878663147,49.23407404143952],[5.9429215032984,49.22938958158169],[5.935954791915841,49.20862437366175],[5.95553383792874,49.17537309358221],[5.964211371125612,49.14797592012705],[6.015122155216727,49.17771416836428],[6.071960517856608,49.157677968774],[6.100536960791283,49.16779334030801],[6.124455022634058,49.16023420610848],[6.165117268279296,49.16713083727429],[6.204399513555164,49.15369780230136],[6.221287695484754,49.154341415653334],[6.254006522015558,49.18358516206691],[6.288719800018735,49.18404673439487],[6.292037962116869,49.21288547215365],[6.375093821584492,49.22581670848505],[6.385855502719619,49.20684463129711],[6.426622653630094,49.21055964047833],[6.424795326546794,49.18115619743406],[6.44936772553504,49.15938061935696],[6.463699940991611,49.13410202065802],[6.50588283619571,49.11587666774897],[6.53845259052661,49.11978060895778],[6.5712116712270765,49.106033787072676],[6.575699433973616,49.08910103638157],[6.580717438196106,49.08379012102466],[6.548752501554233,49.05412383845756],[6.529576988151405,49.024926986062795],[6.516203752946914,48.986437059530566],[6.468786854189685,48.9609185083926],[6.435743252786165,48.97212600300747],[6.412211815666791,48.9901400413761],[6.382803914976825,48.99695589090578],[6.320432795524443,48.980506491128416],[6.28524139851676,48.98551412908135],[6.251609473667038,48.97028841118131],[6.216882847886395,48.99995987773838],[6.155884232568358,49.01685465398138],[6.127796493743723,49.008531280260215],[6.090797819279683,49.03615349712446],[6.044788050877025,49.03405663696376],[6.033072236367239,49.06851126823542],[6.021048809088946,49.075016577359364],[6.0165246343332965,49.10753078577734],[5.978915441066252,49.09963837682423],[5.990076889067403,49.0822079559095],[5.965156839566823,49.06119932080473],[5.963239225808106,49.03650755111097],[5.9478783603752605,49.025417019142395],[5.941560841491317,48.98218705738935],[5.8963025615713756,48.986074960231235],[5.8855398072137675,48.95788561405758],[5.861010665293544,48.94610458820404],[5.87061411128025,48.92732537471699],[5.896243020025127,48.91334648332696],[5.954692291608949,48.8949397854435],[5.960881634683612,48.87996185827755],[5.993393002547436,48.885155305908555],[5.999205191366236,48.86787500843428],[5.962069421518231,48.86615343006664],[5.965534646672157,48.83168893390544],[5.991629969647218,48.83218049308715],[6.0010257519721195,48.8094267578995],[6.037809239248997,48.822307688348474],[6.062482692701627,48.84020378660521],[6.065262180385896,48.864984467853105],[6.114180253276862,48.860667435616946],[6.1150691401815465,48.847868274218726],[6.148718643101632,48.84776234810009],[6.18392991587906,48.81589824792884],[6.214670582291493,48.812064195078705],[6.230788463329755,48.78580582516854],[6.210325621273921,48.74575397279994],[6.1890721495142635,48.727519202806235],[6.182364088193358,48.70641233517811],[6.163536137365958,48.704011268118336],[6.18713087455661,48.673005207041115],[6.228985249676506,48.67056813615926],[6.1933686109811665,48.63901245073207],[6.201824408569733,48.63340599023278],[6.178719129694509,48.60822448375392],[6.178656769712157,48.59463901314842],[6.1388565851632135,48.55632231909652],[6.111690523075315,48.55211163564157],[6.085913677063312,48.52955910586736],[6.064010579647663,48.528765977964596],[6.0295511107748485,48.53964443707484],[5.992708935734188,48.53843382711519],[5.969168499743524,48.553879343577435],[5.945079249454717,48.5847580296999],[5.903214592304824,48.60100790749708],[5.890933812472236,48.61777753731613],[5.867700415048263,48.61386795326976],[5.835202548070232,48.64255210019057],[5.809072119419651,48.625812317139406],[5.765389118287813,48.626098182602036],[5.7448039083470865,48.6319784447565],[5.736931297602837,48.65004834993671],[5.7094216252446675,48.65451188518864],[5.679963594965801,48.64938476146012],[5.653423446683813,48.67112987658632],[5.628706613992217,48.67138367976562],[5.580319801962732,48.69217766961537],[5.549171575997399,48.71786400179839],[5.5277442429839,48.712276398151054],[5.512580422327373,48.72364504607109],[5.486606151623297,48.72563925561647],[5.482201417950673,48.73994007027266],[5.449965145064919,48.761719763950445],[5.424626504263369,48.76572466443199],[5.393974281514479,48.760227939905654],[5.371364228155421,48.77786330181457],[5.333469520073516,48.77801091265976],[5.312250911560408,48.802401938505525],[5.271653959188998,48.787089350034414],[5.246073783983695,48.79739763935595],[5.203902187129092,48.838121525047946],[5.212591944453273,48.84954313589473],[5.159851983219584,48.85898951224671],[5.183832861191035,48.88089876245684],[5.169618511322385,48.89870991558261],[5.200035396973909,48.92474775669236],[5.15903098875644,48.936404966597664],[5.14176773371045,48.95402347618753],[5.113979321483514,48.94399665454538],[5.089834135497794,48.9594489276855],[5.04195702703579,48.95542836458455],[5.026362709476445,48.963766876948235],[4.994692140988969,48.954978901605884],[4.978489997082031,48.98994191612424],[4.941055189363216,48.98469381087801],[4.901142534064676,48.99976758410165],[4.9027737192946,49.037908444597385],[4.805923558275202,49.080267981157625],[4.775774508578971,49.12045791728424],[4.782988376368588,49.13845593310969],[4.85221804564835,49.13746355621249],[4.860116539097881,49.144003960533375],[4.835232650031196,49.17611578920859],[4.882256346708804,49.198211479759166],[4.8570422959760515,49.21913006988198],[4.836602130057053,49.22062102787511],[4.841570102451352,49.24508893830459],[4.885431789217132,49.26737600885737],[4.884539299700763,49.2863547714396],[4.861414453891536,49.29880761702368],[4.8548525905327224,49.31473058557735],[4.860945072679316,49.34924189256651],[4.838680670832295,49.346179792776695],[4.7952039281666945,49.377150954150096],[4.814754592203698,49.38806347012036],[4.807857323484055,49.405734137616555],[4.7832559107750905,49.414663019330966],[4.7797578868288015,49.448231858527954],[4.761304403324271,49.4540503661964],[4.7930483994209565,49.478399511731716],[4.788970531078368,49.525427111597565],[4.751393071463718,49.53474921301035],[4.7413658338615585,49.54857682468951]]]}},{"type":"Feature","properties":{"organisme":"CPAM NIEVRE","feature_role":"zone","svg":"080_Nievre.svg","source":"Canvas utilisateur + SVG exact","flat_map":true},"geometry":{"type":"Polygon","coordinates":[[[1.7185386591202623,47.55830003689602],[1.727507760281327,47.57454139787792],[1.7625200213666692,47.574980867697626],[1.7872231210704173,47.588724917899484],[1.8339091755984545,47.5798641256665],[1.8526720478083782,47.592708461687515],[1.8971466419233103,47.580104416614375],[1.9396146491733794,47.59252054188],[1.9620235150434822,47.61023293921975],[1.9845864358433558,47.612956696394946],[2.0195362588030554,47.56439810496167],[2.051295880706697,47.538723851539565],[2.092784795866943,47.54470897320301],[2.1253491296854876,47.50911747297319],[2.1638987954821225,47.51181122162305],[2.1776308575517147,47.524997495358754],[2.2348145104407244,47.49800089248073],[2.278093445087234,47.507866057867304],[2.295454536719094,47.53078162255314],[2.3374017628653614,47.53006645918759],[2.391216783036893,47.51534063458466],[2.395273276135046,47.585523921560636],[2.408157470337707,47.58326120368788],[2.4176300296414737,47.551279308677266],[2.4594222424346324,47.52466415594243],[2.488331092827965,47.520083285214504],[2.48791613745573,47.48520227141554],[2.5919918080177062,47.465218397379886],[2.6297933735142265,47.42444548595701],[2.656936314984799,47.41364914889278],[2.692711743951029,47.42408019492101],[2.7043827499419386,47.407574734501516],[2.7389533837515283,47.39678422798621],[2.7423592305413504,47.42072978686549],[2.7660926729895565,47.42934117370163],[2.773500631534123,47.45558355535204],[2.801704021688571,47.449058036920995],[2.8176448433044885,47.42902852125532],[2.7862920825574666,47.413578700514186],[2.7951610766740114,47.383040718271445],[2.8108389375134424,47.380622279881955],[2.8339409663896062,47.39922952107658],[2.8712413172137206,47.39746129476457],[2.8935055688231146,47.38172004296178],[2.901763484645118,47.347346670495064],[2.929378860443857,47.32637457751968],[2.960385599186414,47.32949654731051],[2.9788835501323603,47.35536834824167],[3.0416285253162916,47.3549522201755],[3.061437985503824,47.35145567427785],[3.0672654446493914,47.334931313739844],[3.050189187662581,47.32186751610118],[3.0520669882428013,47.292017338933206],[3.07292004189895,47.247310970214386],[3.1176513861334634,47.26118227238861],[3.159837041909516,47.22987574842598],[3.1731857764787565,47.20712169979833],[3.154180309138692,47.18890109948954],[3.151428902381158,47.16093889430347],[3.1220738311774197,47.15560611137293],[3.075260737657155,47.14713023762868],[3.0517901451729297,47.15066856002124],[3.052818102851789,47.12651699444597],[3.0291611091498756,47.12115379992639],[2.995460787573362,47.1238102788193],[2.9717335157222116,47.080271341493166],[3.002951051496492,47.06014863214102],[2.990602003384278,47.03369320772539],[2.989029898322325,47.009102623033705],[2.9644040765934134,46.9937954442846],[2.9262568270025042,46.979836973782135],[2.9465500328536183,46.96635357014053],[2.9727962104993764,46.97984690762676],[2.990050410096866,46.949923464695985],[2.9707471305754987,46.90899028588483],[2.982079129227139,46.889581096105054],[2.9985065899045584,46.88846462306162],[3.0304678466356054,46.863324560295936],[3.0379371673189617,46.846827680807564],[2.9910221128503127,46.82983672054849],[2.998038279794096,46.77282529379264],[2.96718930278238,46.77080382808364],[2.8934798743622454,46.74762200573227],[2.8553093851125446,46.71916973899371],[2.8126254336270917,46.706317940021506],[2.768929695842347,46.69926254652417],[2.7494728278481637,46.6811883102128],[2.7192227607898722,46.678485222755256],[2.704720844348058,46.71496638058417],[2.654721979203808,46.73210753247662],[2.5919420182229738,46.71739385098662],[2.552384562372743,46.71992305633238],[2.542429524355757,46.728369446939425],[2.4859054483846403,46.728152316346694],[2.509473536540305,46.70124934461503],[2.487749198346112,46.691480027428454],[2.45943365715533,46.69241052958599],[2.469763852858896,46.66450267437744],[2.4554446366649927,46.652631258658296],[2.4317408984179365,46.66066317475114],[2.394600532775469,46.63316572129098],[2.3596460058273525,46.62475764715228],[2.3512175833257665,46.63652737150282],[2.357914784854748,46.65834096398397],[2.336007017661167,46.66797573133939],[2.3371734115838803,46.68762386892474],[2.288371630481779,46.690463267034325],[2.2660342157134292,46.665425231097],[2.245304924550463,46.65808658379104],[2.2108582890298702,46.66250147710653],[2.1970205969785934,46.6915904720783],[2.1642741537740444,46.69189525383979],[2.107352576568616,46.6557974391047],[2.0881212323577234,46.65256512719781],[2.052201890735631,46.66679402009989],[2.01696264508965,46.702241895723866],[1.9687156743947576,46.713034847067846],[1.9319570960243917,46.73449675099537],[1.9139433998122568,46.77338650559812],[1.942514799547013,46.807762522807174],[1.9531309233450653,46.83513006836341],[1.951527814491546,46.86115891339573],[1.9326865433624074,46.89593589603533],[1.963058561626766,46.94316065179086],[1.945620157756735,46.97555897676904],[1.9590574441402366,47.010899506781946],[1.9452848223107555,47.038493352354834],[1.903637894735563,47.056634897456654],[1.9121183520762914,47.08826871641602],[1.9085238069496753,47.12697221005683],[1.8885550454335764,47.180691820632866],[1.8593756348953918,47.2250713680635],[1.861037695691833,47.26504752469406],[1.8130312275117488,47.294394067317576],[1.7812897865711355,47.31886037149179],[1.748678769276062,47.33009648025536],[1.745093022289807,47.35827480979138],[1.7932436967157932,47.42081347684413],[1.8054281399543506,47.45727676175773],[1.7753074196285428,47.49640436938064],[1.760239348170038,47.528754595907245],[1.7456647847701152,47.540316483905094],[1.7185386591202623,47.55830003689602]]]}},{"type":"Feature","properties":{"organisme":"CPAM OISE","feature_role":"zone","svg":"081_Oise.svg","source":"Canvas utilisateur + SVG exact","flat_map":true},"geometry":{"type":"Polygon","coordinates":[[[0.5355212137296983,49.71664191651129],[0.5627133840473169,49.73139680919893],[0.5670644472134365,49.75454961181201],[0.5941360640829975,49.76325168265206],[0.5900591087368007,49.777056461011114],[0.6344480718545222,49.78433688435953],[0.660913773297043,49.780259517438004],[0.6901609609938246,49.76536034924815],[0.6917206499516529,49.731835654847295],[0.7504082799562443,49.72213739365383],[0.79172264550003,49.74417997782975],[0.8503672932336336,49.73364705072405],[0.8901704615345947,49.735863570694036],[0.9250808007423775,49.718645667030785],[0.970951571395937,49.71872176491318],[0.9898187262779352,49.71176642424526],[1.0266638174963378,49.72680462972559],[1.090926381766438,49.72748730669276],[1.1620089132169427,49.71399681740945],[1.1942253022695768,49.71453781456782],[1.2173587735811748,49.692692859046986],[1.2523509089236098,49.67948240804021],[1.293197546250082,49.68459894627447],[1.3310519402797463,49.67630372433807],[1.3653260704019596,49.642407481204536],[1.3947316665000298,49.6575939134092],[1.4164323651290005,49.651774314098304],[1.463629194171494,49.617801129590944],[1.490445337012958,49.633381693780194],[1.5186077833053722,49.63198400504267],[1.5251793087091128,49.60037353067476],[1.5459291455343989,49.59141971947069],[1.5680843660634378,49.60173607626054],[1.568563701703496,49.61991039103627],[1.5856215424019577,49.64767952703559],[1.6403154012195702,49.65024944308462],[1.6734315990464108,49.63710478031561],[1.7019299864853485,49.64122225170151],[1.693100380449839,49.662325023051494],[1.7045276039930841,49.68709253292906],[1.7494009693978687,49.68422024258171],[1.7639364179105257,49.71089264916534],[1.8253564979237389,49.73129953748667],[1.8609648670259173,49.718762723507915],[1.9030495876673297,49.73734074524196],[1.941629241689624,49.7081974095852],[1.9802048844233853,49.742530979199024],[2.0385727474213935,49.73583435824617],[2.035810782016454,49.69245830761491],[2.017044765558875,49.683583094635125],[2.032912028921115,49.65683049814428],[2.0127530061185097,49.64743890334463],[2.042745463049698,49.627686604928336],[2.061567863506461,49.598675597489986],[2.0480827766854093,49.595228688133275],[2.052917398161559,49.563869346123134],[2.0421531351425894,49.540108928908616],[2.0160367310788394,49.536725115133024],[2.042377662655093,49.511220655098455],[2.027534036698377,49.48422878526571],[2.0838777411372797,49.46689370470863],[2.086087149221095,49.45532489509249],[2.0537644788962637,49.44578486586423],[2.0207287583185867,49.453594128954094],[2.012582269250263,49.38587170527269],[1.9960155646953603,49.38147250274039],[1.9939448470759011,49.35787268176234],[1.9605288622145076,49.34141839587345],[1.9169594757629245,49.34801810511401],[1.87819378422079,49.32868991740776],[1.8955287058048287,49.30336211133823],[1.9525489874013906,49.292281123492444],[1.9428561692164799,49.26340398058327],[1.9576327667395488,49.230121739647544],[1.940645790102269,49.21749810792213],[1.9186775959410385,49.237643760262856],[1.8722240278032378,49.22731253071085],[1.8849445644386607,49.2148343976128],[1.881991173482416,49.190860927212306],[1.9184672824911773,49.18697976347263],[1.9163426085692616,49.21429395350038],[1.9683966509144317,49.20938943750025],[1.9764823476781062,49.197324576030496],[2.0239311695406346,49.19749726321668],[2.038838310014694,49.18913408264619],[2.043681738425657,49.15982551691873],[2.06297653223994,49.15040639251962],[2.015317361406042,49.13903486681517],[2.0134307593934557,49.12500233308947],[1.9918082209593384,49.11299884774987],[1.9671745905740396,49.079833210373195],[1.9252380629851866,49.08511911730911],[1.8896278569375105,49.06730451630919],[1.8126962310286603,49.07807277530756],[1.805830832695506,49.06924057514696],[1.764963043755296,49.06160807112076],[1.753409540738185,49.077029869458535],[1.6973402007124223,49.082645041745],[1.6923430730870586,49.06679507207541],[1.657141998352273,49.05124841699157],[1.6078612032871853,49.056269260462116],[1.5724537642142533,49.08270400375514],[1.5304238318318597,49.10103250481361],[1.4855595697960386,49.070418325132195],[1.4514608415685457,49.0900755362185],[1.3796369103418744,49.09816134360039],[1.3936211355936952,49.11010520361887],[1.3602380598116783,49.12882177721297],[1.2986553986988716,49.146426937675585],[1.2757154095917518,49.1431336570682],[1.2282985636583557,49.15609859233699],[1.1910474388874728,49.18193421671031],[1.1653586854070583,49.15378264004317],[1.1296969480255885,49.146160360826],[1.093984402599445,49.175398268539446],[1.0554092505883372,49.167799208290646],[1.0035692395880538,49.18627821010473],[0.9658581943570385,49.18437322928368],[0.9426835536505654,49.204292210062974],[0.8646415275404721,49.16901280861044],[0.8363628491487645,49.17741463270594],[0.822686354792912,49.1664900099899],[0.7919228526662787,49.167032173456754],[0.7433235884474372,49.15458694086304],[0.7346589583721634,49.1638665232659],[0.7015330561807105,49.16206591737182],[0.6488057640493672,49.17806081091532],[0.6064470729710593,49.1665153093268],[0.5927119524836943,49.17239058302625],[0.5841155882411883,49.215858179074694],[0.5527873825235047,49.22726354674501],[0.5590994289760671,49.2614321565671],[0.5843564237955545,49.26635293507276],[0.6157738872265794,49.26024769882536],[0.642328972000729,49.244280127370104],[0.656062193834633,49.269826741387874],[0.6276496690335481,49.29885742458538],[0.6193456615058267,49.32030293916739],[0.6258157091694188,49.336069873844494],[0.6101177715333983,49.37148164217262],[0.5689702235841934,49.39941556152097],[0.562206533000126,49.41461645263944],[0.5716453821893803,49.44079182631134],[0.5972598423330058,49.46793225120888],[0.6271230325870902,49.480648104169575],[0.6252240340341723,49.496471240874186],[0.6421135139839325,49.51473286991543],[0.6227554431491529,49.52455849876435],[0.6006752748385821,49.50588684802111],[0.5674041666415173,49.51939313620935],[0.597451668112363,49.550769203170695],[0.5756495262559387,49.55478055035495],[0.5783644906844418,49.57560108304113],[0.5624732055841475,49.59151119548937],[0.5528630495626767,49.623002654172716],[0.569478348134564,49.63978008117848],[0.5559532497495754,49.66552503032943],[0.5730886009543608,49.69338340642728],[0.6014304638685354,49.70232773419399],[0.5821792839972619,49.72154949334643],[0.5512861668695256,49.702052984891594],[0.5355212137296983,49.71664191651129]]]}},{"type":"Feature","properties":{"organisme":"CPAM ORNE","feature_role":"zone","svg":"082_Orne.svg","source":"Canvas utilisateur + SVG exact","flat_map":true},"geometry":{"type":"Polygon","coordinates":[[[-2.009800404412413,48.47782250326341],[-1.9965183561912125,48.49869198599447],[-1.9525072954019895,48.52932704378065],[-1.919388370150284,48.54303725823011],[-1.9133606894733344,48.57232292461235],[-1.8959354876280463,48.58403215054753],[-1.8967224703488488,48.606054394171316],[-1.9188746510022685,48.6433358462825],[-1.8791578436280543,48.67155512740269],[-1.93841940726927,48.69368385675016],[-1.9659927501684642,48.72108212732891],[-1.9989260150120054,48.720476587431406],[-1.9903002853959324,48.7432224015402],[-1.9675176822294913,48.745359452112574],[-1.9269993112158437,48.77996031532368],[-1.8554546770854896,48.795165078124704],[-1.8235773526820425,48.817697142841055],[-1.8481715571383255,48.83338477909956],[-1.835701247225694,48.84450055174498],[-1.7649908324654484,48.82324002629424],[-1.6789067756328755,48.8459723314628],[-1.6258377757801739,48.8469513652859],[-1.5993004453014488,48.868922797041314],[-1.5598896585983006,48.87451336570852],[-1.5364550461936495,48.871013118245074],[-1.5124177512998491,48.84400012390533],[-1.470289163620859,48.81959542325688],[-1.4498150298044639,48.839035518735116],[-1.4517819442934379,48.857352276401826],[-1.416000762514056,48.85126786770688],[-1.3819978616786563,48.853459871983866],[-1.2920562754513578,48.833413859165304],[-1.2601016573406985,48.8337966494677],[-1.1956919329403084,48.84490720182155],[-1.1683251165199788,48.8543980938846],[-1.1385972653720116,48.87610888856866],[-1.0971944924938863,48.89449645586282],[-1.0471432077767548,48.906808328951136],[-1.031937231242906,48.938256041039786],[-1.006779443874815,48.94227054302737],[-0.9724251707099021,48.959811458046545],[-0.9419642647250325,48.9309391175525],[-0.9094329993420528,48.94785194104534],[-0.8518013515218581,48.952075467692154],[-0.8493572567450424,48.96735966205047],[-0.8200944478760739,48.97371265972377],[-0.8093728871480353,48.95720464363288],[-0.7800836237372258,48.96112137845829],[-0.7561427837671405,48.95088778357025],[-0.7300005628906292,48.959182941003355],[-0.7098874381673175,48.98261250950043],[-0.6795899997337197,48.97314582398114],[-0.6724713203928067,48.95959797499213],[-0.6955572179939741,48.9346225983934],[-0.7003187457871769,48.91691703841601],[-0.6630757652336615,48.90464677119641],[-0.6646129880307682,48.89357621603642],[-0.6293427548399791,48.88528891627535],[-0.6056740952588472,48.892459964449074],[-0.5782604266816709,48.883380361576776],[-0.525294946382155,48.88087019657545],[-0.49849893094982867,48.90016494602416],[-0.4637233109566766,48.85755610306588],[-0.46691414789223756,48.83561433181667],[-0.40281723624406157,48.81003725185305],[-0.38147806412504937,48.7959482172125],[-0.3362499461250543,48.78649635092568],[-0.30832313569998776,48.768130428424456],[-0.3163046192338851,48.75912041566188],[-0.29082076868593115,48.73600579269874],[-0.32394871080923693,48.71401874116715],[-0.3000475533646212,48.69286352792333],[-0.3020445972626442,48.670083542785996],[-0.28295075874252007,48.66092154410934],[-0.24866501828319457,48.66494743392881],[-0.2358943672105694,48.62315123204296],[-0.24537239551710968,48.60799084894295],[-0.21500805587903482,48.59592983728397],[-0.21180077221348284,48.57428872415058],[-0.1926992503452164,48.562924986256085],[-0.167906054640142,48.561666487767916],[-0.11786646599474765,48.539031690325224],[-0.13480610442014732,48.52536739905801],[-0.08837057554425813,48.51117499294276],[-0.10167041516691028,48.489687648359904],[-0.09918716869675666,48.46688657037039],[-0.12079907376138793,48.4596686770037],[-0.09679261290502192,48.42491460623319],[-0.11187214817800015,48.39610381495212],[-0.10694546219341597,48.38248692339993],[-0.1484640355037612,48.348124106605894],[-0.17504753635835904,48.33366708811727],[-0.24334926506270474,48.325483356897564],[-0.2783457966972534,48.3159301081023],[-0.295705417501376,48.29628869837446],[-0.2672315005664785,48.25890354725553],[-0.27578571703139704,48.23224180818271],[-0.2307648588054133,48.18272103057904],[-0.26495086583376287,48.16154786905173],[-0.30020197192112086,48.14777723452988],[-0.34280445028310863,48.16507589911072],[-0.3725769986810817,48.20533254830663],[-0.3936653362872404,48.22471068536744],[-0.4171802339926773,48.234068987474146],[-0.44818211991225204,48.214469046067656],[-0.4948909557628303,48.21323518134575],[-0.5403548976067885,48.21881265341407],[-0.5463888673086864,48.23534362794156],[-0.5840520432804662,48.25770308301455],[-0.5914880706961297,48.27987739986642],[-0.6506292089176569,48.27835774763744],[-0.6770608105577954,48.286680006859086],[-0.7019759177651703,48.30686819143068],[-0.7014778517429627,48.32933958307748],[-0.7136925633227671,48.38788367320558],[-0.7034082480406489,48.403499189041554],[-0.7306425139891938,48.43833740553649],[-0.7891404028008365,48.461699871536155],[-0.8756403567389687,48.454112810129494],[-0.9052060251285635,48.44137373158185],[-0.9237596301675786,48.444346746436985],[-0.9456017674549054,48.41507525053016],[-0.9824699915333139,48.41312881695204],[-1.0003433635007744,48.38637145812723],[-1.032380938719576,48.38232326097036],[-1.0387685106212317,48.35727834774121],[-1.082452388751901,48.35406853670381],[-1.1010356383483868,48.37068103911614],[-1.1514520912218698,48.35326136540512],[-1.1618768106506863,48.35558700553742],[-1.1650266105826927,48.40477004642572],[-1.1593712291393148,48.43099139272033],[-1.2166882683971996,48.424642596005185],[-1.255837309523507,48.432075167323234],[-1.2799647165393362,48.49634300626563],[-1.2571441591205106,48.509325312551],[-1.283235261996611,48.518963919558374],[-1.32283652661732,48.54623525629687],[-1.3516580058564658,48.545458275136575],[-1.3804642565426917,48.530028307629955],[-1.3590390946699278,48.518735645322835],[-1.3816232699560829,48.504323202989994],[-1.3905758113841338,48.48719962054455],[-1.441841339959067,48.50330776687463],[-1.4606465814323557,48.47950005659678],[-1.4915567634562499,48.471348138032276],[-1.5717594589044694,48.49296476785322],[-1.6078787827335514,48.4799089985904],[-1.636159553648331,48.48423928953895],[-1.6627897045161144,48.4728611983417],[-1.68359911474516,48.45060823876194],[-1.734412715339081,48.44696230194917],[-1.7894787482275405,48.418055623171426],[-1.8055813609528681,48.46234547617013],[-1.8431946329123468,48.44239524311416],[-1.8729602188183614,48.448074589734276],[-1.8787200764740235,48.43578667514416],[-1.8568469129466887,48.423013547701395],[-1.9011497573625136,48.4096844706633],[-1.9247024832797692,48.41959372583965],[-1.9229109633386168,48.440105679416774],[-1.9436057091244057,48.43986966165786],[-2.009800404412413,48.47782250326341]]]}},{"type":"Feature","properties":{"organisme":"CPAM PARIS","feature_role":"zone","svg":"083_Paris.svg","source":"Canvas utilisateur + SVG exact","flat_map":true},"geometry":{"type":"Polygon","coordinates":[[[1.1011073453040496,48.949359748592556],[1.108525425415932,48.97030050373009],[1.1351298053016272,48.98564396178525],[1.1541014010629396,48.98248472710871],[1.196269168322909,49.01291474911122],[1.261341161611781,49.0153145475843],[1.2901973185144568,48.973553556462186],[1.2926877551047338,48.944550350476625],[1.338510934644215,48.935767869979315],[1.3390523511631043,48.90421547683278],[1.3148787264916286,48.90299127934895],[1.277170241155841,48.91740247802172],[1.24060169826958,48.900047287245215],[1.208638594401426,48.90082899782068],[1.1558791152227228,48.92136920265011],[1.1011073453040496,48.949359748592556]]]}},{"type":"Feature","properties":{"organisme":"CPAM PAU","feature_role":"zone","svg":"084_Pau.svg","source":"Canvas utilisateur + SVG exact","flat_map":true},"geometry":{"type":"MultiPolygon","coordinates":[[[[-1.9903397220210615,42.901171956729065],[-1.9925085250759815,43.522663870441185],[-1.989034595623543,43.52386645753668],[-1.945848191720899,43.51500709032342],[-1.9322601071648968,43.52739165900015],[-1.8682721411641448,43.53893051192207],[-1.8541391820585695,43.555195155406714],[-1.8012364756133628,43.51436458022078],[-1.7833109166727783,43.53595372297657],[-1.7516127406765718,43.54219370857443],[-1.6779515505803824,43.512389008962856],[-1.6425248235511443,43.53373484999183],[-1.6320596414202257,43.517478231995305],[-1.5831668310190665,43.53930650349372],[-1.5801018793527288,43.5456922332787],[-1.5195049656006017,43.573998523884256],[-1.502151640620737,43.55782839580282],[-1.5336069134606072,43.54313232869224],[-1.521555506918702,43.52609633694785],[-1.4732692960119422,43.54515900295585],[-1.418110959284864,43.53860863786883],[-1.3995235750425963,43.52713547953786],[-1.365629269630376,43.53727195685374],[-1.337029616210788,43.563319710858934],[-1.3017531528324817,43.563717382446995],[-1.2678944170698956,43.57261674717143],[-1.261692445536471,43.56245036343339],[-1.2282790742785585,43.57324390809439],[-1.215116258972784,43.559475767330724],[-1.1742998525752113,43.5656826688488],[-1.1481842330516443,43.561751307395916],[-1.139844722358494,43.53512370481452],[-1.1140019106104297,43.52250050861006],[-1.0883766246527624,43.48820136604629],[-1.0979566887734347,43.46684467674172],[-1.0817379129599025,43.44832283499791],[-1.115126327133656,43.43609256495411],[-1.1190601362268437,43.403796286672346],[-1.090745580374729,43.38009717517842],[-1.0813280528891096,43.403453549019346],[-1.0633120024545837,43.415684883986124],[-1.0356923720294648,43.392813935833374],[-1.0498635117571327,43.36234444370973],[-1.0511887839578622,43.34149463881633],[-1.0145492268996252,43.312470681364516],[-1.0346426850006467,43.290325335262594],[-1.071654457991584,43.29456705431758],[-1.0938869098372335,43.26415387010872],[-1.092002618252553,43.24768308138212],[-1.0631700746888098,43.23213974939389],[-1.093369999619692,43.19146579503731],[-1.1213673508073536,43.18313100544991],[-1.1162968064315337,43.13314243640039],[-1.1686970299946893,43.13628008777171],[-1.1776036845395677,43.11225985192418],[-1.1983973354665085,43.081022147656626],[-1.2243463988003507,43.06522855889621],[-1.245485785005361,43.06277053789807],[-1.242000567494581,43.03330654856856],[-1.2538925664011025,43.01323516959025],[-1.2551606125341832,42.9902741036952],[-1.2803694774168282,42.98068132644433],[-1.3177155054970555,42.9852670847994],[-1.32275031752929,42.955293523744615],[-1.3462861356098497,42.95090241587625],[-1.3515382801904343,42.93520186496067],[-1.3400879401530903,42.87438141899176],[-1.3879480933981936,42.856099652743595],[-1.3666386528250571,42.80696943006749],[-1.3732655140387977,42.78515936154213],[-1.3816642719333139,42.772186598369046],[-1.4090614199950968,42.7707363461082],[-1.430468583623792,42.74728654410586],[-1.4562919444338505,42.73204748616689],[-1.4738142215905259,42.740625788934636],[-1.5106531503275846,42.728484126940415],[-1.5794478423871154,42.75877078654889],[-1.595353738011934,42.744211959073034],[-1.593264874455845,42.730840765397616],[-1.6152502703103093,42.724499806462205],[-1.622962328635795,42.70791260471929],[-1.6433660185390901,42.71351702791676],[-1.6416355037777683,42.73882651582218],[-1.666718569323701,42.73490400268058],[-1.6782783275907565,42.765929107419836],[-1.725913916342083,42.789594673577014],[-1.7573400956244563,42.82028230972088],[-1.778715659089987,42.81520904111754],[-1.8064117253057943,42.82740807131782],[-1.8166816078086865,42.84942136584657],[-1.8062854919982307,42.860957346063714],[-1.8343857823980338,42.9072666859633],[-1.8723991594759781,42.904206812437295],[-1.8956972757276382,42.89056412542363],[-1.9535356989066213,42.88959782669244],[-1.9900467385396914,42.90122475724256],[-1.9903397220210615,42.901171956729065]]],[[[-1.1669629210494779,43.29714748916134],[-1.161408991670751,43.27666039384585],[-1.1243112843248038,43.270653230776716],[-1.1112750330820824,43.312584180302224],[-1.13309991133993,43.33854045480099],[-1.15424825479213,43.324933285393854],[-1.140382884252105,43.32529550470018],[-1.1372711426493984,43.298842207282966],[-1.1669629210494779,43.29714748916134]]],[[[-1.1931244683048716,43.23308727417276],[-1.1733869709349753,43.202932400206876],[-1.1535476595271268,43.20246593431803],[-1.1291895956938311,43.22326473251251],[-1.1464538634030483,43.24763296359909],[-1.1421516422811855,43.263510723942154],[-1.1630307889269107,43.27391758138789],[-1.1897451901863993,43.24769719891899],[-1.1931244683048716,43.23308727417276]]]]}},{"type":"Feature","properties":{"organisme":"CPAM PUY-DE-DOME","feature_role":"zone","svg":"085_Puy-de-Dome.svg","source":"Canvas utilisateur + SVG exact","flat_map":true},"geometry":{"type":"Polygon","coordinates":[[[1.2610675997266232,45.810083470656615],[1.2750468636099475,45.82095284737874],[1.3015492331323322,45.8181067737665],[1.3477600294694294,45.85808178403357],[1.3705226114055362,45.84940728744037],[1.4079293727365254,45.88685349678047],[1.4327042487636057,45.93146020131833],[1.4515754191963077,45.9501174726304],[1.4947912178902103,45.96347269180276],[1.477515447281304,45.98265974831426],[1.485864364562531,46.029292583596],[1.453408916949345,46.044917008730586],[1.4327690580283434,46.08094439679113],[1.4308711152497697,46.11950759912159],[1.4464128936299927,46.145062646461334],[1.5257062701968795,46.11945966229607],[1.5410237631949217,46.127544409168486],[1.562217522373735,46.15915248541186],[1.564167594766514,46.1771033788685],[1.6045517014694606,46.18449298046571],[1.6199358095166196,46.2020694681903],[1.6097224709144116,46.218119440534544],[1.6217651585937987,46.23060682887933],[1.6790341744318251,46.20505844780938],[1.7037558556654544,46.20260219511916],[1.7170313386960299,46.22765594978488],[1.7124003711102738,46.24112538047558],[1.7329465669530038,46.26109063085022],[1.7887568365715047,46.26371634414793],[1.836994753244087,46.25269065739967],[1.836384919667417,46.23023599671397],[1.8121155769280428,46.21853719024392],[1.8192739170714503,46.19763420297807],[1.8098888958651693,46.18324766169253],[1.8431778055093224,46.17401093717161],[1.8738359615326845,46.12466409371322],[1.8969795660962976,46.12684375367788],[1.9209470303306977,46.10443725560124],[1.9541771170999929,46.102339286496644],[1.9988644044820134,46.1175944409091],[2.0085893540540694,46.09687760523911],[2.038441496351588,46.07214755749993],[2.07886983770021,46.06628966613288],[2.0962791186128693,46.075723315414095],[2.129300234706024,46.076346074493266],[2.1494691281530094,46.06438444089441],[2.199286662528118,46.06714466410371],[2.253735306779035,46.055823063195604],[2.290402867028109,46.055297216484114],[2.306463556192649,46.06648367879883],[2.344368236048332,46.07671342154374],[2.3592236441235865,46.06287608385256],[2.3807529739453015,46.065774100901955],[2.3959251520867904,46.02346962547823],[2.4101467493911906,46.01291194934725],[2.4661366736404524,46.02236097412584],[2.473196606497489,46.01479547667506],[2.5364199423945695,46.01498292480942],[2.5785235217924285,45.961784479913845],[2.615833214890988,45.95502257909254],[2.634082161718171,45.92619473430194],[2.665071081936303,45.91696618619528],[2.6977214952229205,45.87919793343028],[2.6737735521646955,45.862284936164336],[2.6674019351797496,45.81665466901208],[2.6530657536690003,45.7874519913203],[2.6311011431321556,45.779530488310776],[2.673620941517426,45.76139746429299],[2.6695292262183994,45.74095040033848],[2.702754698835057,45.73102876126019],[2.7282329524247557,45.68954268474052],[2.722179647970146,45.672736771213444],[2.771298174873278,45.61114497385355],[2.811589551336578,45.60109269227778],[2.8358055244319433,45.58006911688647],[2.855694777540725,45.576217211369645],[2.889386191395716,45.5528154630732],[2.9092227462725266,45.53091086497357],[2.900434490649055,45.51871575698841],[2.9204623398083025,45.47514778576398],[2.941061612605814,45.46561284085195],[2.922424076899962,45.442311683556575],[2.928926688509631,45.43096910905527],[2.915748154219069,45.411859246106985],[2.8517579923772653,45.37647134964008],[2.8413579232483483,45.35971635668117],[2.850091488018893,45.32013264876465],[2.8210030150817,45.31866124510638],[2.787257590223861,45.328959438736256],[2.7846840957545442,45.33989216441188],[2.7527291033288326,45.356725776440896],[2.732545467385765,45.334041938765964],[2.73713985099244,45.316193919211344],[2.7185064519322157,45.31114240478896],[2.648610553410803,45.322982691296346],[2.62121000472635,45.34770391648498],[2.6037339017002177,45.32369329340863],[2.5569838547835175,45.2981992491016],[2.5271803639294395,45.318705265452294],[2.5246982485622125,45.337749536353606],[2.4983689345348545,45.358455869838906],[2.4539884886579966,45.366166303555985],[2.4332959826309417,45.3927006305264],[2.4106737479275013,45.385736851641894],[2.393739686741833,45.36530881994915],[2.3030849895307974,45.3649467502922],[2.2804459869454505,45.386795963366325],[2.247249986712701,45.369408579366144],[2.2282655930808417,45.383196532880426],[2.211896490196334,45.36435710512345],[2.1386009897377516,45.33976481508698],[2.0831163664688988,45.3112729467444],[2.015219971458112,45.31318030077613],[1.9923716394794426,45.29383838772303],[1.969845967155346,45.28778464674069],[1.968139448936821,45.26234735177669],[1.929501009991399,45.250312937794604],[1.9258733381906312,45.24150918953167],[1.8722129644615084,45.262451044139915],[1.853503933592592,45.26421048169037],[1.8346891702959798,45.2871226886616],[1.822961183284297,45.32392970830643],[1.7867020564547342,45.34231696770254],[1.767203068709506,45.33493939307817],[1.7503216313609868,45.35202041202952],[1.697203940377693,45.35235321030509],[1.6575774735485993,45.34449795610771],[1.6357926687706967,45.35250235824481],[1.6064236994876273,45.3399509406213],[1.5771554662891751,45.365983623457545],[1.5658200310269446,45.40062349626942],[1.552106450590871,45.395361396017556],[1.5271337186587362,45.407452253202784],[1.4752607111946794,45.411800176674575],[1.4260727792886085,45.44069173201757],[1.3889514901874782,45.44148058842113],[1.3976147423593999,45.48949666878466],[1.397018730621397,45.52081472352218],[1.3702676311074198,45.52805742969805],[1.3417358037377387,45.564282235524715],[1.3569628524819435,45.57827801739647],[1.362051127492874,45.611536081498244],[1.3979751497343447,45.61200780894654],[1.4056834239481202,45.63072427689147],[1.3926435061762923,45.64391645273025],[1.4072250973669624,45.66052806499027],[1.401353308001391,45.6831662211658],[1.3708715919809988,45.71567795064714],[1.3314677673920934,45.74005432568088],[1.311182833877649,45.7463983065281],[1.3026043631570556,45.77526379391333],[1.2610675997266232,45.810083470656615]]]}},{"type":"Feature","properties":{"organisme":"CPAM PYRENEES-ORIENTALES","feature_role":"zone","svg":"086_Pyrenees-Orient.svg","source":"Canvas utilisateur + SVG exact","flat_map":true},"geometry":{"type":"MultiPolygon","coordinates":[[[[0.6269568658002611,42.49214827840923],[0.6369740876788731,42.52721772748067],[0.6567552212263961,42.542496401436274],[0.6896521369071533,42.5519128495177],[0.7053045770732979,42.55069071179694],[0.7407634506777827,42.5626409867901],[0.7825296395311414,42.56059484912416],[0.8169080249796741,42.58955187566833],[0.8472444408989634,42.58630082099356],[0.8640194737739623,42.600013429003766],[0.8851841389888617,42.59888766880867],[0.910964646145474,42.64440667292905],[0.9339923785490489,42.63748429606364],[0.9636252375473434,42.64838614691322],[1.0313732977936034,42.65130167835224],[1.04806500979515,42.658028672180905],[1.0887713765175697,42.64935013993831],[1.0994854327105394,42.637330446348315],[1.1733191938905922,42.66803760704562],[1.1823914663733253,42.685274472535454],[1.2263744461257442,42.68922948501181],[1.2525794484109738,42.69654701348405],[1.2896684824071603,42.72086328712834],[1.2844213481458675,42.75453420024141],[1.2743560738442627,42.768097313481505],[1.2752817615297154,42.79545016407885],[1.2644166548334599,42.79874662967821],[1.2574738845098714,42.83367057146851],[1.315326071750175,42.84561257583137],[1.3892763751843438,42.833779097816915],[1.4407706874235586,42.849059069346026],[1.4711241479065222,42.840923726781035],[1.4933829240769578,42.84460582786309],[1.5422846074287664,42.83470748806482],[1.6128754083492525,42.834564783825265],[1.6290180115361357,42.82833162809703],[1.6908162984354735,42.83537251017822],[1.70668448627225,42.85119538751532],[1.7147493097697661,42.87422473460774],[1.7429512695287668,42.89795909105174],[1.7716616377891499,42.90230970105243],[1.7909039037118626,42.915409970365324],[1.8230029783112873,42.92199040802576],[1.8390044962539884,42.904178380989265],[1.8668228790382813,42.89837983847836],[1.8782031786993807,42.88690041128167],[1.9398495774688311,42.871741636627696],[2.0106948669465843,42.83810754477963],[2.006376965415012,42.79752807573503],[2.00599004574315,42.7249460872933],[2.0027749028378565,42.66897931139352],[2.0047184561009868,42.613828736400734],[2.0133607077815223,42.58055049266143],[2.018167616104914,42.53357999991948],[2.0261150715811875,42.519945459586054],[2.057463414334053,42.506189636952755],[2.07715623352734,42.507912360215],[2.1113714129112777,42.49676678839646],[2.0954686711204027,42.486273534560105],[2.106228379627669,42.461171719882344],[2.1271582769384008,42.457595686151144],[2.13176118694063,42.438220892523056],[2.1495692727087463,42.4130856060461],[2.0934624096609626,42.41537094335176],[2.0563033477375163,42.40197755724849],[2.017922346006598,42.433551868392414],[2.009149947624306,42.452116693566644],[1.9795498418380508,42.4449740264394],[1.9546170592064993,42.45257810047169],[1.9337157206409266,42.443969710156125],[1.9105637065134247,42.46078788077149],[1.8869468912377745,42.43591455520544],[1.8228379370411893,42.44120094428805],[1.7996124789978105,42.43562974041099],[1.771750001489127,42.41462924188559],[1.7554148781084162,42.39316068605667],[1.7268024790267873,42.38645440173653],[1.7069802217440264,42.40010571349449],[1.6682081037742797,42.39516327026342],[1.623528465568575,42.377665978869985],[1.604543517701462,42.36055401471118],[1.6216761012459018,42.310670250894425],[1.558082456785511,42.31631300321513],[1.5228465801918456,42.32790316014302],[1.498444286444193,42.32351259517701],[1.4832176947156641,42.302147988599444],[1.441397678738152,42.31161755207539],[1.4231731029655177,42.30807870620532],[1.4068876687818916,42.32838009458122],[1.370985598308972,42.34741704263213],[1.3730740981628684,42.3598907441128],[1.282263848353067,42.37834378166665],[1.2377915873447773,42.401436354504526],[1.2224981822801093,42.395217134756784],[1.184930816980128,42.411384684138866],[1.1744155440279107,42.40187526433082],[1.1264954409238002,42.38767570403763],[1.0794595660324386,42.39499252254125],[1.050607338358389,42.38328552098531],[1.0362723962935134,42.35102008979891],[1.0094049274605141,42.342079981139506],[1.0031892212907974,42.33039642743464],[0.940024848048997,42.32218742886021],[0.9004810277071386,42.32920791591396],[0.8736999035175625,42.360678077594315],[0.8712060835942149,42.39462750827897],[0.8537843811213383,42.400483908687406],[0.846953132118137,42.42573956153349],[0.8273413241412054,42.41794784857151],[0.794540696710492,42.42094539090853],[0.7902701600673437,42.431946225588966],[0.7570097550143855,42.43982033701839],[0.7501846211834139,42.450178687137964],[0.7077721834456474,42.46310048680876],[0.6659341103750522,42.46002739570763],[0.6322232725732313,42.46609957671348],[0.6269568658002611,42.49214827840923]]],[[[0.8726957850365255,42.4255256780975],[0.8953691169627607,42.41957288933509],[0.9283252291652712,42.42059877686886],[0.9007155685947074,42.44945618227764],[0.8729075669407793,42.443707122638905],[0.8726957850365255,42.4255256780975]]]]}},{"type":"Feature","properties":{"organisme":"CPAM RHONE","feature_role":"zone","svg":"087_Rhone.svg","source":"Canvas utilisateur + SVG exact","flat_map":true},"geometry":{"type":"Polygon","coordinates":[[[3.147837221738436,45.990528872639594],[3.2018329470826576,45.98649000879455],[3.214327777819855,46.00165446617781],[3.1613092297477614,46.0329284078113],[3.152980525991109,46.05122530773095],[3.186022479447591,46.052231143245336],[3.2110606561998165,46.08007964046841],[3.207285382268866,46.103662772551424],[3.2233876424488312,46.13249058367313],[3.265406540498981,46.142462137538324],[3.284998323597677,46.154776741826026],[3.3171081216195755,46.14077469857964],[3.3462012418953644,46.17397917123255],[3.301361387410218,46.19624787086572],[3.3292887141456102,46.21057866240533],[3.2929376923316016,46.22863004022838],[3.296949300335004,46.27438841580475],[3.311288098986149,46.309407145653914],[3.3665070214806243,46.31064792064783],[3.3981681095485508,46.30129820506947],[3.4145612927289157,46.27931218493242],[3.4494991917672384,46.282422050846094],[3.470983756173022,46.30859844797571],[3.5012542886946965,46.281390089008305],[3.5349533075552766,46.277432279651485],[3.533270657278863,46.29416117295783],[3.5727241177843414,46.31854877409956],[3.6086069178176134,46.31645208741206],[3.6283706733476353,46.29890388853548],[3.599056860641352,46.271259333630084],[3.6582136812854746,46.245719435319856],[3.642353806105857,46.233099665809185],[3.657755985646105,46.22096478062119],[3.6427159844053927,46.202986535916345],[3.652911466304523,46.18658529843137],[3.681243714195769,46.18025658946412],[3.705118749787785,46.18504470566389],[3.7284892406180647,46.16422560292371],[3.7233653626561383,46.14707746271279],[3.6720332688914312,46.09542637868373],[3.6860538194122654,46.0708703455608],[3.663276518658356,46.04506381035769],[3.6695285171668997,46.03477062979165],[3.6788729970003278,45.96868410100795],[3.65225717640865,45.94403593182963],[3.660942891718971,45.932515037395035],[3.697110790626856,45.93381520451603],[3.7148225626752294,45.917757564597665],[3.7330129732040547,45.91531325033836],[3.7323886932012265,45.88860879271874],[3.7773636493311784,45.90643797033505],[3.811738385384006,45.88988723938714],[3.815092116159622,45.87173810627745],[3.841578094837143,45.86563217878583],[3.83343196254794,45.851029017164855],[3.849143408509062,45.83536553695555],[3.8516190047221306,45.7947237910029],[3.898621842067579,45.799122663744534],[3.95156213286895,45.793129643652826],[3.9844667698569705,45.8003607374537],[4.043595164611816,45.80238415196233],[4.031354361873186,45.771536035197464],[3.9998215686884104,45.77953013956929],[4.009417756712161,45.75153754540327],[4.035391419230196,45.752319971748506],[4.036990447526176,45.72414522861274],[4.0700888541018125,45.72268040263275],[4.105305719941516,45.692109140871324],[4.075499558884572,45.69075961795407],[4.0514796081573605,45.669816687883355],[4.00051117690387,45.64530883411453],[3.9989964328179353,45.632769039991686],[3.9749809711233386,45.61567968462974],[3.978153719085824,45.592282392319866],[3.9430901787334602,45.60061873949321],[3.9360381618937526,45.57974086717573],[3.9086966920294475,45.58941852396549],[3.862021955699484,45.581804874282895],[3.834628952564248,45.58226345892566],[3.795797471641063,45.56867745831808],[3.7835793278447767,45.55303821464502],[3.7576278752712624,45.56245337485198],[3.7372857290024726,45.545858151724985],[3.7704078284790095,45.51533076894538],[3.7959852165234076,45.509166252916266],[3.8002834856948438,45.49448105905584],[3.7717711267855822,45.4701831365514],[3.7098896302236737,45.43983595205747],[3.703281715026016,45.420766260615665],[3.6833248989870557,45.422249640700954],[3.664800114402073,45.454834984378216],[3.6462927836694248,45.46300116067648],[3.623656812654205,45.44581028459474],[3.58319868763858,45.454606069278],[3.5712233994346194,45.49844404760814],[3.607346358214332,45.526328788643944],[3.5939850304990872,45.5430185294132],[3.5569196846090136,45.516764434049485],[3.544475010044675,45.54148227192971],[3.50005739730891,45.54726577528109],[3.484972477301918,45.55643708873049],[3.4350668748518793,45.544899923968],[3.414131965351879,45.55824595680584],[3.3596801311037634,45.58105061011164],[3.3502098188992626,45.59810089710807],[3.31843467120585,45.60701139315534],[3.298772050031222,45.639553683524994],[3.2716834903519683,45.6481456439142],[3.2798558238580924,45.691220247385886],[3.305081720624855,45.73323730056565],[3.2793620388526494,45.73106239806611],[3.2539074470040052,45.75400907130227],[3.281728929820159,45.765546351626014],[3.2819345433062073,45.81056701584815],[3.3028074076056817,45.848124777959015],[3.261901576888191,45.85614516066606],[3.2459514284443407,45.86596745149834],[3.225959167081177,45.894170104239706],[3.249234305815227,45.90638614245339],[3.248948126132993,45.91986107002044],[3.194979681779235,45.94635089895891],[3.199334814469159,45.95934604170191],[3.147837221738436,45.990528872639594]]]}},{"type":"Feature","properties":{"organisme":"CPAM ROUBAIX-TOURCOING","feature_role":"zone","svg":"088_Roubaix-Tcg.svg","source":"Canvas utilisateur + SVG exact","flat_map":true},"geometry":{"type":"Polygon","coordinates":[[[1.8400781171632221,50.684558385957565],[1.8395991698010503,50.82180547808437],[1.865557402563775,50.83400712360041],[1.9119056787492752,50.8449363399727],[1.9441678513992384,50.83600039547068],[1.9702816089264692,50.862590129157766],[2.018772482586542,50.847807702822486],[2.0745741802343676,50.78737207499806],[2.0895874703898416,50.7600616551177],[2.1283888340454724,50.75997890755649],[2.1446027943262367,50.744258534044604],[2.149464538642743,50.716019792309375],[2.124403777221925,50.6895088511502],[2.125735554580267,50.68595745173114],[1.8400781171632221,50.684558385957565]]]}},{"type":"Feature","properties":{"organisme":"CPAM ROUEN-ELBEUF-DIEPPE","feature_role":"zone","svg":"089_Rouen-Elb-Dieppe.svg","source":"Canvas utilisateur + SVG exact","flat_map":true},"geometry":{"type":"Polygon","coordinates":[[[-0.5230071335712412,49.41167003607819],[-0.5245777516995639,49.86174615712931],[-0.48040354807291075,49.871275594043745],[-0.4130335209627752,49.88022692715708],[-0.40078309341965884,49.8775756447983],[-0.32383092039565203,49.884286264806015],[-0.2801361294181481,49.89915952268438],[-0.23588634174979084,49.90474880460867],[-0.17796726876212063,49.91778605361902],[-0.14289654135288882,49.931855914481254],[-0.08309204604695437,49.928180514538596],[0.007373392214469942,49.95046662559372],[0.11213658399738181,49.989873833352455],[0.15471101443300883,50.01313935349959],[0.2449255331000543,50.0684610320186],[0.29651129006844573,50.088442700261],[0.3256807705319393,50.07938359714029],[0.34071118322297855,50.094040071673255],[0.3781291308282987,50.08538527884544],[0.3708891296613208,50.06178306207211],[0.4142155192766572,50.03818543373209],[0.43872006776806216,50.031824487320144],[0.44966422511710036,50.01596181151075],[0.49911270102548416,49.9922205453298],[0.5203694402168103,49.966002168605286],[0.6092720335269288,49.93371192150538],[0.6249631510424026,49.909935885504424],[0.6427843429160854,49.903368583973624],[0.6716588029759212,49.81766294609131],[0.6933637320435371,49.78876048470282],[0.7206813234031316,49.76508444999635],[0.6763237364879748,49.75780564517298],[0.68040314370107,49.743988645057186],[0.6533341793103289,49.73528608676359],[0.6489729223111772,49.71212299591383],[0.6218014245188559,49.69736399967239],[0.6375602246106735,49.682772205093734],[0.6684451478662153,49.7022802411724],[0.687686830194624,49.683052434807806],[0.659344148740619,49.67410195638381],[0.6422315548882188,49.64623167719355],[0.6557514136741025,49.62047821685952],[0.6391366735133373,49.6036999611435],[0.6487351575424501,49.57219915766255],[0.6646242425496018,49.55628291798733],[0.6619183970408297,49.53544891390716],[0.6836980223812867,49.531440047914245],[0.6536683835011973,49.50004934335407],[0.6869324587494743,49.48653918030315],[0.7089979138015525,49.505223416666176],[0.7283444445392941,49.49538976914132],[0.7114616426303181,49.47711982918924],[0.7133559499676023,49.46129061254818],[0.6835104801816319,49.448572815624466],[0.6579101282882345,49.42142212480123],[0.6484770171893731,49.395245116953696],[0.5910519139878887,49.384124296318916],[0.5507935621604871,49.400215645453436],[0.5359626200167753,49.3964177739945],[0.5034513952325876,49.426827129491166],[0.4531527972721643,49.42896287581265],[0.42711954398669205,49.424693445913626],[0.3993474038869896,49.43858608472118],[0.2955529215399209,49.4445323019057],[0.2606059118659515,49.434449408365964],[0.25030682094090306,49.41921884672945],[0.2232403266615443,49.41380956285242],[0.2217120570137056,49.37847624884223],[0.20606763625892138,49.37801071378289],[0.19864946803721234,49.344304212292734],[0.18410728531958626,49.32634992176684],[0.10721405809374963,49.33075556613791],[0.06647063011042607,49.3212332093168],[0.04098594793571371,49.30323365951646],[0.038977908918544135,49.287064476857616],[-0.004216012888205768,49.2869918233932],[-0.05115208351581285,49.27268189371543],[-0.034075568616021984,49.25716177200357],[-0.04491511107198929,49.24247443099997],[-0.08771095524576303,49.22549849916311],[-0.14444726899833088,49.26106592750851],[-0.16862178749720208,49.29860266976192],[-0.21495172794380468,49.278646742956795],[-0.21601484964283313,49.29292854420275],[-0.24681994987525901,49.30427561402408],[-0.2427201317854188,49.320048071603594],[-0.22026609685571863,49.32397911807036],[-0.18468084368665125,49.31635569234074],[-0.18830880064446598,49.36599381903667],[-0.22279654311664307,49.36377061261538],[-0.24857279134564741,49.37616459867393],[-0.28463033372168645,49.375658812144934],[-0.30892880173703396,49.39841485271478],[-0.3403513065128614,49.39977632748394],[-0.4542383932446159,49.382192473204775],[-0.46008712275805386,49.3971717145496],[-0.48713984266630017,49.416394600184994],[-0.5164174927046767,49.41015221287241],[-0.5230071335712412,49.41167003607819]]]}},{"type":"Feature","properties":{"organisme":"CPAM SAONE-ET-LOIRE","feature_role":"zone","svg":"090_Saone-Loire.svg","source":"Canvas utilisateur + SVG exact","flat_map":true},"geometry":{"type":"Polygon","coordinates":[[[2.482948905869677,46.74788979923055],[2.4928895966404734,46.73944012923767],[2.5324494503021517,46.73691774030825],[2.5952249559517426,46.75162241201786],[2.645229789710752,46.73449012582887],[2.65972319175399,46.697998736335904],[2.689970053682205,46.700704715224056],[2.7094421429427364,46.71876883113582],[2.753134121632458,46.72583288574684],[2.795822332215444,46.7386936800332],[2.8339813675118015,46.76713483004354],[2.9076798517377958,46.790327479301176],[2.9385276047503397,46.79234903410165],[2.93151968278376,46.849362012713996],[2.978436890426472,46.86634550390208],[2.970973816590094,46.88285158623637],[2.9390098391316735,46.90799014446524],[2.9225770204032577,46.909113595217846],[2.9112475132870865,46.928508511923006],[2.930561979385492,46.96944521029879],[2.9132944558347194,46.99937983386015],[2.887057322562423,46.98588030674955],[2.8667629222349325,46.999364395063395],[2.9048966847846627,47.013323499633145],[2.9295255053651537,47.02863424236564],[2.9310975354716495,47.05322746505593],[2.943444100226678,47.079681441934895],[2.912229800740552,47.0998024206684],[2.9359521376448923,47.14334076410973],[2.969649128650516,47.14068412546349],[2.9933111480478596,47.14605316584274],[3.0331074086251424,47.1369568173928],[3.0521667120806635,47.14010512900965],[3.068112603216591,47.15731741381209],[3.0625541458771974,47.17514368200884],[3.0919240110774466,47.180476801195056],[3.118552990276025,47.170300881811144],[3.139058575983398,47.14031962940613],[3.158741500642083,47.131124771776356],[3.238926159369539,47.11932957171734],[3.233616315064612,47.09335441713017],[3.293898605320111,47.104472569018235],[3.298934838712829,47.069933085794],[3.3221521508085905,47.05924333098569],[3.348891325173315,47.06150998966864],[3.385122151997361,47.0513713769565],[3.4046865773524733,47.031541884288345],[3.4552619251031502,47.039009024622274],[3.4752762737505805,46.989723543375575],[3.49205944931177,46.971096860396514],[3.5275192662896893,46.955509691101454],[3.55580634684136,46.9561245296499],[3.5863143256222267,46.94460398327376],[3.57106427364823,46.927511750595706],[3.593153852331043,46.91355043741175],[3.6249294022135015,46.92011177036043],[3.637938521464208,46.93335626957622],[3.6930740402678888,46.93236821702588],[3.701354484810527,46.94690041420263],[3.8121818724835195,46.967865653552586],[3.814402514398529,46.983816502633786],[3.84744846944167,46.98535169749227],[3.917921974517626,46.97682912633456],[3.927284321975399,46.990615378741296],[3.975515848026274,47.00085105767551],[4.003944405903502,46.97750316770525],[4.029199435508578,46.97401228060339],[4.054509025362781,46.98232771096329],[4.098571476476606,46.98270320717777],[4.1149596319547,46.994378451471974],[4.157139428199973,47.0094363303343],[4.19211453732257,47.00011501935704],[4.197446128319334,46.96383287554368],[4.212837112141784,46.95254517568833],[4.248288495042541,46.95538217993013],[4.246619878610922,46.94188772667061],[4.26973298042314,46.90560657698444],[4.306222836478305,46.89841866255089],[4.334991253140801,46.91031284442872],[4.348314036139867,46.905706776617905],[4.346716159011257,46.882803378306214],[4.364140034171503,46.87438063839822],[4.4071982136059304,46.86926338835126],[4.410954335421649,46.853965302232396],[4.39637275549588,46.838546853817775],[4.355255106950554,46.84498307700494],[4.269882707562096,46.82382590323022],[4.274515419063029,46.806017318929385],[4.295487352600651,46.80304423918478],[4.3350934772127205,46.77640035272368],[4.309854326225212,46.75876207030205],[4.304395220149113,46.73725615359133],[4.338631671808609,46.73493959180986],[4.353581303251906,46.700343126335014],[4.34058612017713,46.68882197323265],[4.368745677363807,46.67624290523482],[4.361889763217544,46.65711024265581],[4.388892351511528,46.63877523128395],[4.363731489308379,46.61528152026879],[4.351842499983136,46.57947464914055],[4.313916986800993,46.577872508416284],[4.303157969113422,46.516683025640326],[4.330123747640032,46.50946790577245],[4.354304487383578,46.49310757816528],[4.362810678072991,46.4646741900154],[4.318219298398404,46.45065013105543],[4.265680725032995,46.452940930985655],[4.252280759469286,46.43621602353561],[4.194680728999547,46.44139952530537],[4.151752036930628,46.45857618868925],[4.136969688014143,46.50069007543567],[4.107003830394778,46.50607140913955],[4.069762911061211,46.50152319172389],[4.038414292489387,46.48295654956573],[3.9848547900511355,46.474237532988774],[3.954679075171601,46.484301655324664],[3.9299350614928477,46.50200063144351],[3.857647023060009,46.505684693964696],[3.836663506396132,46.478819042831866],[3.8369818270998945,46.45391708446077],[3.8118714877431668,46.426807653492205],[3.8082094198938155,46.38771255240964],[3.769737281357403,46.33808646542606],[3.771211474727085,46.3083924848581],[3.7493045868333037,46.275147155284735],[3.743215756390132,46.25172602414384],[3.7275342829560154,46.23592031817853],[3.7242056428827115,46.21161426826655],[3.710411464684792,46.19180191565492],[3.6954652802166743,46.14766084675243],[3.671551858601516,46.142872407007296],[3.643200644973006,46.14920174473966],[3.632980811555652,46.165609619438065],[3.648036210750667,46.18359933613272],[3.6326262773039146,46.19574372193625],[3.6485104086910964,46.20835798226868],[3.589277201616539,46.23391148890297],[3.6186270547770114,46.26155825052956],[3.598839144833151,46.27911347711823],[3.5629256171556762,46.281221863745756],[3.5234198133413375,46.256821945990104],[3.525118146563564,46.24007655936496],[3.4913766816767766,46.244043837804554],[3.461083248169344,46.27126239943115],[3.4395766492840245,46.245080164850485],[3.4046070535335957,46.241959464467136],[3.388197137788996,46.26396093440016],[3.3565016945489488,46.27331913751772],[3.301218354826451,46.27207495317747],[3.286858848674129,46.23703916406649],[3.2828529844305554,46.19127144699457],[3.255675005076635,46.165537732448236],[3.2069370408574005,46.14035385226936],[3.182311409673884,46.14070815136054],[3.1713398420891488,46.12384794372925],[3.1453427764473503,46.124449643464054],[3.1455107347088935,46.153497626619476],[3.1111542364795506,46.146194627262595],[3.0934464940693984,46.16392945358064],[3.06888558377109,46.15659944462174],[3.0730408560372333,46.14297382370865],[3.0151445556825482,46.14501620381773],[2.9842323976537863,46.1671674366867],[2.9294702058042357,46.149215147446036],[2.906933090288609,46.13649470588327],[2.855673913932354,46.14318814396004],[2.8458569778158247,46.17105688708395],[2.7838077106826296,46.17520212770796],[2.7591358270362814,46.183093631544686],[2.779241103983617,46.22894991912833],[2.768800102052078,46.248136728555494],[2.783476217974436,46.27019463388752],[2.8193747202708477,46.27753712379309],[2.82189687369611,46.29569874457035],[2.8602375089108745,46.29439653604077],[2.865296027140543,46.34779987754117],[2.8500488625452975,46.37904553349491],[2.8698068515996336,46.40893931782685],[2.8614081309756765,46.41743819854475],[2.871711057806471,46.44925196119395],[2.829427670269256,46.474741289281624],[2.7884275750188885,46.481221135441054],[2.7585157622085967,46.46539850104912],[2.7282978300930374,46.47669828873169],[2.7312211221979834,46.49539093852226],[2.7050439954094405,46.50357084625779],[2.698939156408966,46.517895115148775],[2.665060098887382,46.50583704082588],[2.62891037712215,46.52589218870791],[2.601970391033972,46.52628792034562],[2.5910965065115374,46.536889547239376],[2.6031851097652825,46.55379827301245],[2.5917779253243096,46.595452393536675],[2.5722874083907605,46.604964798963174],[2.5703835049215065,46.62573617778986],[2.554298254754391,46.65417549317546],[2.5248246458681476,46.667709050620424],[2.506222970651669,46.69864111241617],[2.492014486682524,46.703223401640244],[2.482948905869677,46.74788979923055]]]}},{"type":"Feature","properties":{"organisme":"CPAM SARTHE","feature_role":"zone","svg":"091_Sarthe.svg","source":"Canvas utilisateur + SVG exact","flat_map":true},"geometry":{"type":"Polygon","coordinates":[[[-1.5769635174534324,47.79655692908496],[-1.5366060910906805,47.82443338751738],[-1.4997901610699427,47.824555368510936],[-1.502631588652542,47.85512576874494],[-1.5322956173649727,47.86104290271098],[-1.5343943577955719,47.87999348341071],[-1.523008756185394,47.89605597893768],[-1.5008090413983084,47.903317389526045],[-1.4621399447787093,47.901701247726116],[-1.4169666322755583,47.915670922092836],[-1.4036726453437856,47.93074833306821],[-1.4389448238060532,47.98039991973709],[-1.4641271143532035,47.98699593966739],[-1.4403506171443772,48.022561919907034],[-1.392297500689073,48.04412198713858],[-1.349688069202428,48.037708541131536],[-1.3434563020744716,48.053629129579335],[-1.3577453736477323,48.065338156416054],[-1.3346110894638008,48.095735781993255],[-1.3740163141929544,48.119667466971734],[-1.3699972499994855,48.14146741793407],[-1.3164765140517147,48.16413619405053],[-1.2617735384208022,48.19269957123746],[-1.2600972201674219,48.21305890040428],[-1.2767467569229425,48.228404929114696],[-1.2783011430467681,48.250842851920254],[-1.2528927637609226,48.286348769983185],[-1.270366260670491,48.30802401254137],[-1.2721632754469763,48.33425514115831],[-1.2469626801657012,48.339561830841085],[-1.2530279530094226,48.35824159908058],[-1.2259399904480028,48.37201575371741],[-1.189791094358249,48.366651207144535],[-1.165352468031521,48.380529051234646],[-1.154933934736063,48.378195387530326],[-1.1045166378729119,48.39562542206601],[-1.0859297822412932,48.379005565453404],[-1.0422648110584063,48.38221243945936],[-1.0358654477484661,48.40726706098057],[-1.003816642408821,48.41132397485599],[-0.9859516626928239,48.4380861185741],[-0.9490842894662147,48.44004304941739],[-0.9272486559613845,48.46932460707836],[-0.9086934415789779,48.4663446924211],[-0.8791244861103004,48.47909767859592],[-0.7926304333788111,48.48668509482915],[-0.7341377776454207,48.46330938831903],[-0.7069080506874049,48.42845710424148],[-0.7171921137153487,48.41283472018355],[-0.7049875504495647,48.35426471634238],[-0.7054676315986781,48.33178766303694],[-0.6805669656412905,48.311579333147684],[-0.6541159775085506,48.303250661090104],[-0.594980155881144,48.304776385603404],[-0.587556249025277,48.282599151346275],[-0.5498878551131589,48.26022143916656],[-0.5438739483123891,48.24368583536315],[-0.4983890595256,48.23810590607647],[-0.45168125180948343,48.23933882047849],[-0.4206880799668991,48.258952857833556],[-0.3971856105964882,48.24957781403962],[-0.3760817788030659,48.23019948823743],[-0.3463277696952966,48.18992352831333],[-0.30372219012243795,48.17261020796105],[-0.26847191346767835,48.18639517292201],[-0.22723029552496898,48.15752949203836],[-0.20072241250502468,48.15747598891903],[-0.14844743920551196,48.13872254612422],[-0.14610482259216467,48.124195323447125],[-0.21049533476281682,48.12227720120613],[-0.22232463276410988,48.089887749034254],[-0.2203073342012583,48.05769250061656],[-0.2642937647254477,48.05628958381385],[-0.26799095433409537,48.019991401549966],[-0.22273775907658785,48.003067432335904],[-0.2312245422959485,47.977142876425006],[-0.24561892962028664,47.96930164666472],[-0.22556631723603152,47.94763903585251],[-0.2172451927672989,47.9187176742693],[-0.24702031206988437,47.91131221856015],[-0.2553379134965734,47.886064871172536],[-0.2854504832711797,47.88561739267567],[-0.30975247888693613,47.86516808267962],[-0.2914326963772995,47.81075991903652],[-0.3222287004784124,47.796378722426255],[-0.34357840861038214,47.7673217639601],[-0.4207867188500205,47.7207595105854],[-0.4529061689373845,47.71236758596363],[-0.4624011742696015,47.69184357596323],[-0.49503352933053413,47.674953418595095],[-0.4593098066168276,47.65595641481707],[-0.45886652706881403,47.643822635667874],[-0.49040385042613444,47.62866559631128],[-0.5165463770860105,47.63091252644609],[-0.532588862128391,47.61577443254249],[-0.5618104404477994,47.61379661598493],[-0.581133466510302,47.60301461921221],[-0.6250582270777414,47.59651484981127],[-0.6320313954714419,47.575840693178044],[-0.6593908240736271,47.57412338243569],[-0.6885601833111948,47.59833714102983],[-0.7217267279512379,47.582477686991524],[-0.6876271536750608,47.548749312719536],[-0.6816697326966409,47.532395374297344],[-0.706979187174154,47.52170072288585],[-0.7479164454501811,47.53308479290698],[-0.7653520012707311,47.54731726441943],[-0.8127656498029661,47.55171831827137],[-0.8325259956030575,47.56736716249624],[-0.863269677311321,47.56314303192173],[-0.9097786843580766,47.570676252747894],[-0.910650298461067,47.55350693365165],[-0.9580167554558296,47.54438478682878],[-0.9834749102597312,47.559725173031985],[-1.0508240388336976,47.56022586143192],[-1.0872787768898098,47.575494334301496],[-1.1100305092218543,47.603524196578654],[-1.1628003507076412,47.604037957461564],[-1.1808091292515737,47.61448156058635],[-1.2184731761624783,47.611034636463465],[-1.2483807394962767,47.58842317813357],[-1.2705461665459716,47.60048806812166],[-1.308431750385948,47.60279276047948],[-1.3104721628956548,47.61703257820445],[-1.337009902425918,47.64679109679261],[-1.3161224402650138,47.65226138179607],[-1.2972722133630328,47.671632615690086],[-1.3184114896702053,47.684591408564835],[-1.3568111961681237,47.662170299594614],[-1.4070729011268663,47.677891976445245],[-1.4568827646921603,47.67959799658785],[-1.499936857013476,47.69854104306405],[-1.5071325539107365,47.72105689055134],[-1.5005568321469187,47.72815566946626],[-1.5141296309955634,47.76839560393056],[-1.5623866325736548,47.77210781414465],[-1.5769635174534324,47.79655692908496]]]}},{"type":"Feature","properties":{"organisme":"CPAM SAVOIE","feature_role":"zone","svg":"092_Savoie.svg","source":"Canvas utilisateur + SVG exact","flat_map":true},"geometry":{"type":"Polygon","coordinates":[[[4.473648062303437,45.61224360810877],[4.474371317662999,45.62174891725256],[4.511928510096145,45.6488142840777],[4.5431047510391265,45.65935979383135],[4.5407809070979654,45.68014376330175],[4.563116938378033,45.69601032468086],[4.558579400130854,45.7254594008004],[4.6138814670183175,45.72341241136343],[4.641972896812315,45.76119064885596],[4.637570074123392,45.780060196528645],[4.645183407313163,45.83005323874316],[4.662787645164706,45.87898903347278],[4.688758483135016,45.93592835813396],[4.691474904624333,45.96679117621662],[4.723991080785561,45.96054374726496],[4.7315197437638075,45.912406967834734],[4.741986017209643,45.883794704005595],[4.736412525869707,45.86580482027446],[4.778249680798643,45.825133808166186],[4.830374494375181,45.83448697941513],[4.849559707904507,45.816430985997194],[4.842243385630637,45.7945685700586],[4.8811037811659785,45.768468732073224],[4.915001327417507,45.75700390120403],[4.925234725394573,45.76709985666766],[4.957003947748412,45.75813814261666],[5.004353201271104,45.770779524890955],[5.020087910606675,45.781229975566625],[5.057464586530507,45.766227696438186],[5.075589395548493,45.75063424851153],[5.069292946633949,45.71905021614447],[5.113678895786383,45.71952992413299],[5.122187201507255,45.70122455235349],[5.164508433555346,45.70027845965451],[5.190710194254242,45.709918270501674],[5.215860441575684,45.70974998374528],[5.2735528661783135,45.79997455375019],[5.3166642055393,45.82712402826528],[5.337437344804845,45.87162841652028],[5.364397834462917,45.91320820621975],[5.388741103983847,45.918947159795344],[5.410831422362336,45.93430592339799],[5.457084257304311,45.92255462265466],[5.472106202699389,45.90619510784057],[5.46746114846858,45.890959260092515],[5.437038168233118,45.89047160246795],[5.450542900109091,45.85248487556551],[5.4768658112879605,45.841706057753846],[5.502735757960032,45.81946210991098],[5.565097297637313,45.82365929324749],[5.594472322239814,45.7944456740385],[5.591707360827308,45.77749244986011],[5.60497616184005,45.764791258978725],[5.5978899081319,45.7473477501419],[5.6189820176305725,45.74334278109905],[5.648418316019221,45.767489807947165],[5.664653530948769,45.78950832829542],[5.714073391430986,45.80245964461034],[5.720478784886274,45.74620352660354],[5.761992024286609,45.70856077862806],[5.823878979551995,45.69318999234903],[5.819320561430691,45.68172418603442],[5.853550300116291,45.66428733263739],[5.887267774942748,45.67182376560707],[5.923098970524282,45.65702071870035],[5.909650916004583,45.6410186450731],[5.899250037046191,45.60399325693939],[5.9177498944520135,45.58902066254342],[5.913840199706837,45.542074222302006],[5.928414066770952,45.52714763226145],[5.923219869798824,45.51370923981927],[5.969752765479625,45.506349332430254],[5.9712195829536805,45.48636894059344],[6.028009387795791,45.47722026163966],[6.042579162115949,45.44001737957266],[6.08336026483372,45.42858626233032],[6.117127566678196,45.41212147071656],[6.09709269116491,45.386547895830155],[6.093507685022483,45.36437620336256],[6.068365505110219,45.3519379639979],[6.0652683645608505,45.33123015094545],[6.043066429016114,45.328410785681235],[6.051796192082771,45.29411477231824],[6.067244848990047,45.277869769718315],[6.06873025519142,45.25256259466412],[6.035922204910845,45.23378283334886],[5.994814372794694,45.20272226996594],[5.97775574924842,45.218772016912695],[5.944967546211606,45.20860306877674],[5.887928554044538,45.199937837277794],[5.875876634090219,45.169912019981375],[5.850725421711914,45.16063405234732],[5.814001694662244,45.1578185118414],[5.80221781551718,45.145351318268325],[5.813098617498739,45.12492015450847],[5.764214813061331,45.11392150489221],[5.726665339171768,45.136117965367774],[5.679985172770463,45.147932405864566],[5.6495637616519705,45.123545994102784],[5.62040960997804,45.13178907703612],[5.587587602433103,45.12673170848878],[5.579644390064566,45.11007234660159],[5.5350018868716315,45.09388973318211],[5.519760898847734,45.10667425616504],[5.478703079277626,45.108180320642916],[5.457186122827284,45.08808736106855],[5.429526985426696,45.081996288359385],[5.4097927396774175,45.09266719460712],[5.377660581639893,45.07351600258848],[5.383949799079701,45.03682496082709],[5.347725910352096,45.03204239611117],[5.333788971636226,45.04346480724012],[5.286776441175868,45.04242677865262],[5.256189722874181,45.051112534526425],[5.265255006871217,45.06593977304185],[5.254027321739149,45.087401857581014],[5.220694848839644,45.10165503095757],[5.186971002165699,45.091369078008185],[5.146228822612066,45.1105200509788],[5.151241076165443,45.12405054360698],[5.133906285923272,45.13459302077765],[5.11160675613885,45.12714026812543],[5.071018188109205,45.14917055967604],[5.0417087563377585,45.135566868324624],[5.02326436768636,45.13921977960635],[5.042211381810983,45.175123939082354],[5.039580949298987,45.18996745570715],[5.003895141736886,45.234027385217026],[5.019796472674952,45.252779859602256],[5.010302876253575,45.28061964667389],[5.039947132499261,45.30637075086301],[5.065439471641804,45.31226384072216],[5.076154118980408,45.34859680074151],[5.057801286284496,45.39178533846781],[5.023212260304968,45.4132357128573],[5.010358055634666,45.43409857312401],[4.973466187050074,45.432567432029806],[4.966622496572121,45.4451307637796],[4.923260017394411,45.43847422947873],[4.879816262178887,45.45510814571741],[4.882273507398424,45.4755949197857],[4.861501874659096,45.47755703795378],[4.8351217918551646,45.495568077518634],[4.781724478467667,45.47853619845769],[4.792442366107709,45.467614331222435],[4.787307006868564,45.44646627736401],[4.767468478858197,45.41667296985583],[4.77599678918734,45.38748771498992],[4.756393200637349,45.389313985062245],[4.744494240588924,45.40467699457159],[4.717666388552211,45.41488151228802],[4.6818864092752355,45.419583457546075],[4.6416148788782605,45.43998448443418],[4.597453776298905,45.4362692255743],[4.58883861587805,45.452594886232504],[4.593398105609631,45.47347641300563],[4.575137191746849,45.48574926644437],[4.567881367092408,45.50774711383853],[4.544567238466838,45.53195362057791],[4.525118523567809,45.54087297003699],[4.528708278521871,45.557680337400996],[4.473648062303437,45.61224360810877]]]}},{"type":"Feature","properties":{"organisme":"CPAM SEINE ST DENIS","feature_role":"zone","svg":"052_Seine-Saint-Denis.svg","source":"Canvas utilisateur + SVG exact","flat_map":true},"geometry":{"type":"Polygon","coordinates":[[[1.1341173049591442,48.97867742194821],[1.1420281557284018,48.99410589276577],[1.1763366811712512,48.98331645155507],[1.187054213747634,48.996270548845175],[1.2273818968668928,48.99923805451398],[1.2502228398833473,48.984419886588654],[1.3022024196893989,48.98359571119256],[1.309990672418769,48.99295409709376],[1.3572517245951181,49.0111766893726],[1.3745987361915153,49.03430672374985],[1.3953510298927496,49.03901843085358],[1.422600297758164,49.02085782076094],[1.414186286599829,48.99781895542932],[1.4316999888519288,48.982940450028735],[1.434833220627617,48.95411388999088],[1.4296468361231423,48.922905985295046],[1.4108607929627077,48.89470573059363],[1.4353545019311722,48.854611407463544],[1.4351807028664314,48.83610705846111],[1.3765953854236186,48.873622686554846],[1.3245208445495298,48.88973206683446],[1.259530326319264,48.87719839811238],[1.2570634574573052,48.8988536380547],[1.2282345724224615,48.93000295332415],[1.1631311783083362,48.92812984446005],[1.1630145385221868,48.94366388686646],[1.179446148818048,48.96021548020124],[1.1700436332504094,48.97323172925319],[1.1341173049591442,48.97867742194821]]]}},{"type":"Feature","properties":{"organisme":"CPAM SEINE-ET-MARNE","feature_role":"zone","svg":"093_Seine-et-Marne.svg","source":"Canvas utilisateur + SVG exact","flat_map":true},"geometry":{"type":"Polygon","coordinates":[[[1.2522326101104622,48.34183691489787],[1.2750573353749446,48.35855152893206],[1.2792069635766639,48.383439851289495],[1.3184752486198688,48.398126538413],[1.3706913672427714,48.42698884401302],[1.3764883610711574,48.437841555904534],[1.3566649201550138,48.451639235149216],[1.3507161802456826,48.50706398442795],[1.3640852697942496,48.52860020060308],[1.3482146934938788,48.547693667494606],[1.3683665556503646,48.585225483439025],[1.3667390645365756,48.60604780527259],[1.392117540843886,48.62685216639867],[1.3741850008954075,48.63606002264835],[1.3817888859615477,48.680506757969525],[1.392928876814282,48.694465311483405],[1.4333817184690323,48.702919386466036],[1.4196511069708677,48.715516091541],[1.4167438682081643,48.730775028780194],[1.4330531099337036,48.750956462044655],[1.433197457219086,48.76548974755917],[1.4546418103437901,48.79842090293833],[1.439828342870592,48.83152237454994],[1.4400042212302473,48.85004476219594],[1.4154850379218498,48.890166001190686],[1.434286940807895,48.918375754061415],[1.439473082992751,48.94960640089249],[1.4363461072585073,48.978448032294224],[1.4188198547718294,48.99333623178832],[1.4272350681326376,49.01639658757049],[1.3999593368670271,49.034564454554044],[1.3945142842226996,49.04822170863746],[1.4345699170873798,49.07498583598253],[1.418725640028882,49.0865429956359],[1.4371245437692484,49.1048739451939],[1.4797042181239717,49.13393020974664],[1.5195806467727222,49.11653302781072],[1.5531869419003026,49.091448781757336],[1.5999487944248159,49.086680751114855],[1.6333592425857206,49.101437582468016],[1.638094351764883,49.1164743452117],[1.6913160878203448,49.11114758364016],[1.7022793468093826,49.096517154150945],[1.7410546877840314,49.10376382512078],[1.7475761794918558,49.112142641821414],[1.8205884177038902,49.10191443410883],[1.854383380089237,49.11882246277288],[1.894180609337144,49.11380947520119],[1.9175522543735402,49.14528995952911],[1.9495515763998719,49.13569108981715],[1.9817249521603624,49.135368990266876],[2.0108046125811345,49.12776544934036],[1.9992359809368574,49.11127595912677],[2.027514958345113,49.08890398725999],[2.0141576339639475,49.044459382442085],[2.0750435260771467,49.01638031240044],[2.0977173171392263,49.000369529696535],[2.1138239504124465,48.96627287188907],[2.1506216042301793,48.97692951952792],[2.1590394316679813,48.94931298926527],[2.176280780046411,48.936833630716826],[2.2122132926468123,48.95119298197689],[2.228768961049005,48.91703922289996],[2.2264810313786327,48.90298433851977],[2.250646072961531,48.89216767754282],[2.2981878031283274,48.88479424403002],[2.3067177753855113,48.86791429107535],[2.3311115714859776,48.880547490279554],[2.330974776888917,48.853538732046275],[2.278313391464565,48.84047717292804],[2.289133098385371,48.81434174124364],[2.2557140084966645,48.81182976417739],[2.2422293015335977,48.787064398369694],[2.2765511801527296,48.78485388741321],[2.290779925077051,48.76464280086757],[2.3160749110989283,48.765956651825384],[2.3107598294321297,48.73531442522865],[2.3159104686400105,48.71430905478606],[2.2872709860801326,48.69128933215355],[2.3070832294697925,48.68070041460232],[2.3640935856505307,48.67129520216299],[2.365705785835291,48.661366968190556],[2.4022282876954804,48.64830206384618],[2.3506123657504308,48.63250594149458],[2.344322105617283,48.61756171405477],[2.312461033274168,48.59785494837346],[2.326616549426367,48.57203631041963],[2.306280733558539,48.55791279965938],[2.270576709430567,48.56056722515833],[2.252582446190562,48.55490089317632],[2.28210934227437,48.52442008777383],[2.235735433086437,48.507020851885976],[2.2539285722584936,48.47903314126967],[2.2395358627908375,48.45071583999136],[2.269640146627911,48.43983734021902],[2.262445058164393,48.41663273228728],[2.2309883349311943,48.42595488819198],[2.2149384328356065,48.42045884939074],[2.212957074929394,48.39832873692046],[2.15305444198438,48.39862572104459],[2.1303164632817473,48.40318196624385],[2.1023889978870702,48.39049060870786],[2.080868283769009,48.39572225258849],[2.049951585808092,48.38922435927344],[1.9880400065844153,48.397547382296914],[1.9471726877445183,48.382503649458165],[1.897876856548682,48.38457097959277],[1.8852169800436667,48.364398195317584],[1.8901574251424669,48.35369822420517],[1.864507563710571,48.33197139931184],[1.892303470523651,48.296073909438654],[1.8541304878838822,48.23126652379211],[1.8234963948947778,48.22898825760326],[1.8200270351564667,48.21755657624518],[1.7839379144655332,48.201945876078966],[1.785556245707276,48.18646187315549],[1.7174041929390969,48.17914116655024],[1.6704316264369343,48.152033481660844],[1.6473607447239997,48.162984644844634],[1.6483927538648615,48.19069753360331],[1.5910426049230757,48.18188001151433],[1.6048012440546267,48.16776403284162],[1.5701508925317889,48.15881916782429],[1.5563004306853634,48.14660658771468],[1.513248611353431,48.14376674329913],[1.4895481508458968,48.160382634047245],[1.4525901729541784,48.152795649865226],[1.4204785847149304,48.16200390414744],[1.3874790767640246,48.16136260705836],[1.3715714825396197,48.14819114354702],[1.3404154000692647,48.14733880422657],[1.3102341292670125,48.157485553971405],[1.3332149189821674,48.18537578419982],[1.3562982069742933,48.17738180058981],[1.3592463844136011,48.203575438782224],[1.3729348670356392,48.21607582138527],[1.3566188457479513,48.24722224159537],[1.3187729969777042,48.276443348277404],[1.3022509847834187,48.27110444970524],[1.2735089574744611,48.28126879075275],[1.270704251504326,48.3197872083414],[1.2522326101104622,48.34183691489787]]]}},{"type":"Feature","properties":{"organisme":"CPAM SOMME","feature_role":"zone","svg":"095_Somme.svg","source":"Canvas utilisateur + SVG exact","flat_map":true},"geometry":{"type":"Polygon","coordinates":[[[0.21972737826866615,50.06833184731902],[0.29566647111225747,50.115840109024276],[0.3258497634005837,50.18161207604604],[0.35694605762197473,50.21279623625204],[0.3947503732983566,50.22728136463974],[0.44512549443482174,50.19608674451629],[0.4779559052521522,50.20101142002309],[0.5263320641001179,50.18504254779517],[0.5373134704799936,50.19392311606143],[0.5149666687794549,50.22614893250219],[0.47268828193193935,50.22757979685338],[0.44218838596481364,50.25825267741249],[0.44068858303366404,50.27112530259019],[0.39550957948456417,50.27508214233272],[0.3834892150586064,50.29856645196976],[0.396895971240574,50.370198612086476],[0.4183255957972723,50.37890409601369],[0.46212216395520056,50.3810660713505],[0.49222323792211314,50.37260464110282],[0.522996964928266,50.35039065766302],[0.5952357358554174,50.37566739266041],[0.6365774428356993,50.3835834185891],[0.6642761054306638,50.38128716674569],[0.6919063764886149,50.36656312242376],[0.735363740001874,50.35269252982816],[0.7389347236132848,50.34164426592459],[0.7832478403690827,50.33132301439353],[0.8043544592858315,50.350808113981586],[0.8261613454325867,50.33204261649748],[0.8026460762618138,50.3205105085285],[0.8730669134200402,50.28797740622949],[0.8975132240446952,50.2872032151544],[0.9288088383558049,50.272136222461235],[0.9601194914348913,50.21501472055838],[0.9988619258139523,50.225459585850295],[1.0385499909505318,50.20912335177888],[1.0531373593938669,50.22381125207634],[1.0985355064854125,50.23311856578323],[1.128514131499788,50.22714813486096],[1.153706399169882,50.24537343733019],[1.186801906356046,50.22866205972362],[1.2280897930794648,50.24628187159317],[1.2594044776380415,50.22575011133269],[1.2711326253661177,50.242539438063446],[1.2964327519035332,50.25158868869251],[1.3458370683794523,50.24352301283561],[1.3804163746191978,50.224244018746695],[1.3914953654425573,50.210307847632976],[1.3447290622780348,50.19330527203983],[1.3065183094737762,50.187200752835906],[1.2802123507937773,50.1684258694719],[1.2829898787529328,50.15770824612519],[1.265309555755438,50.11945368715253],[1.306426582479701,50.110545113824664],[1.3224141335773416,50.09744362062745],[1.3438338776676675,50.13585946615895],[1.3767637923192664,50.15058723204253],[1.4119619855954624,50.15355104617515],[1.4304933461687435,50.12636330902439],[1.456253702421955,50.155081095203805],[1.479651074868764,50.14092070000595],[1.4763242908238308,50.124883216334105],[1.5227244910291469,50.12269521602887],[1.5367602541393455,50.11187310328524],[1.5982590572782722,50.10254660098618],[1.6378369643018589,50.138937337863034],[1.6734272030496793,50.12220347677841],[1.6929527848397543,50.10234965802874],[1.6517623661172423,50.056799428839035],[1.673464987556391,50.04675193523577],[1.700621617665019,50.05394747851714],[1.720108241341895,50.0721365079622],[1.772980624305447,50.08823342512171],[1.792774102401241,50.051088249427885],[1.835525675488534,50.04445302404335],[1.8642100006353233,50.06338113984509],[1.9003322650615877,50.05603606426293],[1.9377999972089939,50.06975054924997],[2.0010346421580723,50.05540215586934],[2.0175876374966935,50.0644168940976],[2.046415805498539,50.036978374859714],[2.1047682409424175,50.01996317037108],[2.092658868317835,50.0037577452023],[2.108943815797135,49.99236226768804],[2.0824663528855907,49.94724361027379],[2.04726744654913,49.917033220147914],[2.049569389568681,49.885328312456636],[2.011214486549778,49.86620153257684],[2.0133772887220496,49.84234274530726],[1.9822534236722043,49.82935336943891],[2.006277805725836,49.81966704265393],[2.0140594633600983,49.78754478819885],[1.9896508621275046,49.777512980922005],[2.0223668490730295,49.750602927501774],[2.0484893664310415,49.696699952670826],[1.990117075444113,49.70339192782826],[1.9515318054863022,49.66907012378057],[1.912952621815403,49.698200146483025],[1.8708557837442004,49.679632479934526],[1.8352442946350351,49.69216175030887],[1.7738113142069873,49.67176011998524],[1.759263742835037,49.64509608226025],[1.7143918766550659,49.6479675616182],[1.702974939764869,49.6232066421647],[1.711793803554874,49.602113578842],[1.6833032690150733,49.59799581061111],[1.6501823215139915,49.611131376076514],[1.5954685387029304,49.60857307631309],[1.5784141889390537,49.58080850839762],[1.5779287758226377,49.56263758508786],[1.5557703374384846,49.5523239140997],[1.535017518306716,49.561273926049395],[1.528447059426905,49.59288297162754],[1.500276571503492,49.59427466225955],[1.4734525380529682,49.57869814814559],[1.4262409657565291,49.6126580438492],[1.404537133185255,49.61847744757155],[1.37514122417474,49.60329782002186],[1.340850232473363,49.63717941301265],[1.3030063284126083,49.64547660611596],[1.2621457907213232,49.64036268905315],[1.2271545974281215,49.653570991177205],[1.204013835913307,49.675405935389364],[1.1717907975133486,49.67486361900581],[1.1006820284319063,49.68835448154911],[1.0364221755287129,49.6876635867734],[0.9995637434618775,49.67263202429191],[0.9806878837018578,49.67958545710179],[0.9348244460825474,49.67951074389373],[0.899913075628249,49.696724040444245],[0.8600822018340658,49.694506531724414],[0.8014330625104505,49.70504212553008],[0.7601226853783141,49.683001176792786],[0.7014165914027616,49.69270086901929],[0.6998467512287884,49.72621525111213],[0.6705913746665333,49.74110762198487],[0.6441318360161675,49.745182517610374],[0.6167916909073223,49.76884303750619],[0.5950812085080852,49.79772809184511],[0.5661836149830116,49.88337807557967],[0.5483469130499583,49.88993544349122],[0.5326614136565031,49.91370301518875],[0.443693259091778,49.945970380443946],[0.42244518533928105,49.97216760540258],[0.3729662587913764,49.995894593844724],[0.3620123037279273,50.01174553616672],[0.33749063185391337,50.01810220569668],[0.2941510530645448,50.04168436509097],[0.30137907392605684,50.06527127609986],[0.2639470470198154,50.07392305813119],[0.24890449209276283,50.05928151117592],[0.21972737826866615,50.06833184731902]]]}},{"type":"Feature","properties":{"organisme":"CPAM TARN","feature_role":"zone","svg":"097_Tarn.svg","source":"Canvas utilisateur + SVG exact","flat_map":true},"geometry":{"type":"Polygon","coordinates":[[[0.42324175043947204,43.936840708043874],[0.45219961588279217,43.95731990670246],[0.5005283148237745,43.95093529802258],[0.5090447096023845,43.97240289072483],[0.5398842374886512,44.00470525215307],[0.5620358462666536,44.005816173347974],[0.5830113724696651,44.02041386427539],[0.5964176481484578,44.04165410467817],[0.5844169500172834,44.059486328955686],[0.5537361600455251,44.065722731262525],[0.5594975663580344,44.089552393568866],[0.5425001004758522,44.09651391721647],[0.5485640733471496,44.117666826165035],[0.5783432716293297,44.11256588948219],[0.5984818444294155,44.11892206825973],[0.6587904299804855,44.109243132954866],[0.6653614890506722,44.09883589109267],[0.7032858690097538,44.12897649368853],[0.7237476380295513,44.10959598432881],[0.7394944035636121,44.11635411717162],[0.7289761907089302,44.13464344577923],[0.7599879332230576,44.14674811968233],[0.8222361184660106,44.145436888288216],[0.7959734652729432,44.160303046734654],[0.8225813954210139,44.168247313678094],[0.8514048973326491,44.151205569603],[0.8750588946435812,44.14707012062091],[0.8967362049474711,44.1543404648205],[0.9382757198449603,44.1625647347558],[0.9358125930847556,44.17389178316735],[0.9694344348868513,44.17885339586715],[1.0152463264382547,44.20032176970875],[1.064125093235768,44.208936028671225],[1.0715868274631866,44.187374529778275],[1.091286230916853,44.18868031329469],[1.1080351083755913,44.168927575749876],[1.1246076715293822,44.178549869535445],[1.1569146322046997,44.16532108850946],[1.1180548260811927,44.150584434636976],[1.159146211441491,44.139749248544476],[1.206665583855377,44.151502977667555],[1.2128057395515752,44.129675374144895],[1.24750151058346,44.129845303785714],[1.2834416182883228,44.10554372944202],[1.328747892658966,44.086700034537046],[1.338789715096512,44.05744968388408],[1.3912249592357397,44.05295398237157],[1.3948679405754476,44.03563341006675],[1.4151921512461876,44.026519489607736],[1.4357064859113955,43.98350162497147],[1.4595645566600746,43.9757614850107],[1.4552481502696695,43.95912945473697],[1.4329152127296632,43.94653136232868],[1.4733979855137054,43.92889972470751],[1.492923878995892,43.91304812506212],[1.486897815993008,43.88960592023496],[1.5144973056576467,43.874063213450114],[1.5025825683089213,43.85925998650474],[1.5014754897121048,43.831251803062464],[1.5362396047056794,43.807835825727516],[1.5701088801510947,43.767043729436246],[1.6254680499735885,43.7283520237724],[1.6574063232337304,43.72760181886328],[1.6843107928201921,43.71344689092131],[1.730474717967631,43.72206451426348],[1.7368204164612513,43.737938694873925],[1.7641539844283054,43.74829678865203],[1.8303649411377692,43.726053918690425],[1.877220235887755,43.721754421605034],[1.8813940967546634,43.6912063282941],[1.8924671423498305,43.67797629186896],[1.8752712214415248,43.67035580337418],[1.8760249021740205,43.643584084315606],[1.8630590353536076,43.635041585679566],[1.7669669052455748,43.61958450007221],[1.7448695265428753,43.602933415742484],[1.702488319429397,43.591826857738944],[1.6662809248337977,43.62470053024986],[1.5868580915732253,43.634016498843316],[1.570121026397943,43.58693559298618],[1.5551112654547457,43.575332755903766],[1.5723692273847774,43.5571722366132],[1.5565820449264671,43.54084639984047],[1.5988259312714155,43.498702748668336],[1.5981718030444514,43.46722299174633],[1.6090645187552537,43.43421700497748],[1.583082570909242,43.4240904528131],[1.5494109010032948,43.39968258115881],[1.5047238233992537,43.388564729682535],[1.455769685603935,43.388973352389655],[1.4321829408596323,43.402989028092364],[1.3853043350314425,43.397391852797156],[1.365161602972296,43.40080170169143],[1.3252720812351968,43.3827597634333],[1.2371163563141476,43.40692500402211],[1.2062556005822578,43.4064281440513],[1.1881042499500918,43.41937221153646],[1.1663723831685835,43.41115887243832],[1.143226831251488,43.39191883083659],[1.151325280088213,43.372530529014796],[1.1360180152649348,43.34500538285522],[1.1072460037542862,43.35586619545206],[1.0902510106090357,43.37869582377213],[1.0247847845352034,43.35615375095609],[0.9842746173767614,43.36848848538827],[0.9656121093629729,43.39358137898443],[0.9403464715008818,43.40054544815433],[0.9241772820320912,43.41423369047149],[0.9286676550356248,43.43588843740703],[0.9603126208757082,43.45230999019839],[0.9489286506943386,43.47461312564445],[0.9252826979278618,43.47187045053429],[0.9203013152989091,43.44801684043293],[0.8990420669300193,43.44327127754089],[0.863315583598182,43.46065963610474],[0.8221450861514525,43.46844271826702],[0.7973087550634417,43.4787105196034],[0.7835762981830368,43.50921318613976],[0.7522982385272925,43.51854975068188],[0.7509103111359514,43.53786817660957],[0.7340575566089237,43.54909003872274],[0.6772322233324647,43.5580682280491],[0.6608722934596377,43.575541719430596],[0.6409935290629101,43.57533189822404],[0.5806630463070368,43.60386111500546],[0.5993324672097244,43.627088950465264],[0.6258886718016571,43.63270738396539],[0.6108836487466549,43.666047273405894],[0.554982737833771,43.67077730259809],[0.5605541577747316,43.68159944668148],[0.6008150167376182,43.69040474988995],[0.5931894177202646,43.704048755016096],[0.540409438744981,43.73187909673738],[0.5464434919592563,43.74502908676875],[0.5325143256944039,43.75987790025417],[0.5348430574275493,43.783061802400724],[0.5156043313095339,43.784072748004405],[0.4774089005861605,43.797879422479795],[0.4804010159951265,43.82816965895325],[0.458737645099128,43.834053141790164],[0.44494417260796676,43.85231671030103],[0.4458412408557241,43.86905417339727],[0.43128862778047916,43.890503192521656],[0.4406264134794119,43.90752357840932],[0.4603836956381144,43.909391949842274],[0.45440966434734426,43.933916651511105],[0.42324175043947204,43.936840708043874]]]}},{"type":"Feature","properties":{"organisme":"CPAM TARN et GARONNE","feature_role":"zone","svg":"098_Tarn-et-Garonne.svg","source":"Canvas utilisateur + SVG exact","flat_map":true},"geometry":{"type":"Polygon","coordinates":[[[-0.3718479568149811,44.05010574721798],[-0.355527011524562,44.081672019672375],[-0.3111858581806201,44.092670546684985],[-0.3125093137110997,44.124899878497615],[-0.2858034954197033,44.12252964512725],[-0.2349503638553,44.1048898168659],[-0.21431111878090023,44.128724321856765],[-0.23145683297591121,44.14884567640951],[-0.2511118213470587,44.15625250382693],[-0.24475153838091906,44.17508579739816],[-0.19691435593729575,44.180158376478],[-0.17173335652725213,44.2151240317332],[-0.18244019904611464,44.22355455555377],[-0.1495843890909389,44.26254667983844],[-0.17750516196192598,44.276916464681875],[-0.1854791397223716,44.291159100110555],[-0.20786702103752544,44.28532983543572],[-0.2347302977035928,44.29851951649943],[-0.20700812657928636,44.33763084134447],[-0.21631136084654584,44.35889538981237],[-0.20492736042854243,44.37480673539014],[-0.18210884265836808,44.37786088267198],[-0.15031828397145736,44.35222349113327],[-0.11816389378910794,44.35095835655668],[-0.10194238238340696,44.361852471930085],[-0.04542979803542958,44.3557781351543],[-0.030466032226378944,44.372639695136755],[0.01432250659657551,44.38749744105145],[0.04275687377278212,44.388314008804535],[0.03619536394240294,44.36711610311232],[0.0005426898705225489,44.35951750649687],[-0.012354162539608419,44.34721289327906],[0.021562327824832746,44.33094465377894],[0.030623403603826916,44.30761091953039],[0.0699834134224504,44.301327661772554],[0.10841317640376907,44.270622183661274],[0.15282633201948256,44.26498962632453],[0.18438853081402917,44.27106090863808],[0.21565865914270502,44.28536389777588],[0.22234594463087726,44.251653556056525],[0.20158746011767362,44.23969211669424],[0.20163461272794636,44.22217819396255],[0.2370301669053135,44.21998931228266],[0.26427398664222596,44.21094720996144],[0.2780285019171832,44.18957954981628],[0.3027534260764684,44.21174219162773],[0.37962049754270644,44.24307065219756],[0.3791646631591582,44.25706836165409],[0.400191591643555,44.275000556693335],[0.42329221147648494,44.261245607042596],[0.4385951528190927,44.26380909563871],[0.4591146163800065,44.223636339527246],[0.4724791181829631,44.215699052215506],[0.5076425831102754,44.22742153691371],[0.5202429902238399,44.23834927020178],[0.5026707691770156,44.29379247000375],[0.551251706212031,44.28983056127967],[0.5500455263467412,44.269587402425195],[0.578035581775196,44.26166206622619],[0.587809776102479,44.27866337161695],[0.638067868010911,44.307479839740424],[0.696764323583813,44.320469555098114],[0.716983451819746,44.306332694137424],[0.735100131826871,44.32869336532456],[0.7715631237407103,44.318473658881224],[0.8299957078688263,44.33618794709763],[0.8062780011600327,44.31524744356763],[0.8288918585894276,44.297483186873656],[0.8161780666970962,44.285316874243094],[0.8505198192174991,44.271815452800915],[0.8922669890411236,44.27550775931653],[0.9231616615130472,44.26934126363661],[0.9116928416527678,44.23200002861621],[0.8944763201348074,44.23868181377485],[0.8544868505556524,44.19895107584585],[0.8532189300423938,44.18153619414127],[0.8863876414670302,44.168595298565414],[0.9300734951835801,44.16728254774431],[0.9305325142544946,44.14894205438964],[0.9443783966635655,44.13512234689771],[0.9226937927118226,44.1278558664323],[0.8990341928777096,44.13199812511738],[0.8702103608472985,44.14902829210347],[0.8435904081241042,44.14108531768528],[0.869855006892596,44.126228589230976],[0.8075914124295868,44.12753640276065],[0.7765769329460585,44.115438681566886],[0.7871066880508184,44.097154451299936],[0.7713595283080014,44.090395882842095],[0.7508847358227994,44.10976394740313],[0.712968499715476,44.07963943761309],[0.7063904680888367,44.09004576142662],[0.64607278153505,44.099714215878414],[0.6259251258864789,44.09336990175191],[0.5961533923137627,44.09846903563455],[0.5900924676669117,44.0773193829977],[0.6070745187793405,44.07036719312767],[0.6013241867101909,44.046540377428805],[0.6319956516549908,44.04030616841784],[0.6440121124106455,44.022477517530675],[0.6306037672533621,44.001244690141604],[0.609617041259043,43.98665618960067],[0.5874640627280054,43.98554700103691],[0.5566118378007926,43.953251684916836],[0.5481040797161237,43.931794421601055],[0.49976407097101244,43.938178041583356],[0.4708077842902163,43.91770042862989],[0.5019664237589136,43.91478573278753],[0.5079492879905106,43.89027245807348],[0.4881950119240874,43.88839917075627],[0.4641719839295204,43.891493158323875],[0.45428445369628767,43.87266757188456],[0.4201081487813391,43.85705264460472],[0.4031161997270634,43.870843064398244],[0.3803893845711635,43.84208232493808],[0.3446206346100069,43.838018190279264],[0.3337042030511677,43.84991054625298],[0.2982707491559677,43.85152603163953],[0.27131522914197825,43.837981159328486],[0.28541727642492054,43.82278866634753],[0.21603377818593064,43.811983934925486],[0.23408643939674456,43.79609184868652],[0.24913874867943725,43.80244451737443],[0.2798942202554219,43.797863731691756],[0.282865791086767,43.780436303700625],[0.23145207240338267,43.76262592740011],[0.1857818153338002,43.75517535216222],[0.1847795155872761,43.74396854650803],[0.1349303141646611,43.73061411411379],[0.13160327184157722,43.752145266405684],[0.09339571512196998,43.756335634553935],[0.07015454135839184,43.78063947042712],[0.03683855127037995,43.77118279090008],[0.022508790844293834,43.75787046990523],[-0.010778955286491452,43.774622008887405],[-0.03354035424772467,43.75920178037628],[-0.05767871666676458,43.76504605912639],[-0.10513917608971295,43.7572119777945],[-0.11902713756685693,43.74592957070058],[-0.14408379177640393,43.7467936612312],[-0.17719850611655724,43.75169321683336],[-0.19922580491677747,43.76373517919776],[-0.17381702282515302,43.79345561510391],[-0.20586496251040737,43.80251998960125],[-0.2017294440650164,43.82830002639349],[-0.21854038352210292,43.83938627799907],[-0.21195679483259455,43.86912138345328],[-0.23967816984234505,43.890381776303435],[-0.26437551887050653,43.88261338062732],[-0.29677941217311204,43.89934981758941],[-0.33734465036565375,43.88854743756483],[-0.34852800023978103,43.91289783782502],[-0.32290689133470213,43.9240794876098],[-0.3101182550111483,43.945098316114105],[-0.27767620349872574,43.97059506247858],[-0.2925546730013846,43.99732291384916],[-0.2695273265894357,43.99713312858407],[-0.24607812857938124,44.008119547723496],[-0.27825080881333447,44.029489991728816],[-0.3447314239266858,44.00207498037239],[-0.34943903006078086,44.02303448791453],[-0.3681782477965997,44.03957414575498],[-0.3718479568149811,44.05010574721798]]]}},{"type":"Feature","properties":{"organisme":"CPAM VAL-D'OISE","feature_role":"zone","svg":"099_Val-dOise.svg","source":"Canvas utilisateur + SVG exact","flat_map":true},"geometry":{"type":"Polygon","coordinates":[[[0.4548981200493862,49.098366615282785],[0.4809764961011729,49.135063385812906],[0.5016172106596398,49.15109672191284],[0.5101108904611474,49.174448947062736],[0.5196149842103265,49.23162886483151],[0.5497598340477651,49.25382862870296],[0.5794935668714222,49.243003541842384],[0.5876428481876862,49.2017329513787],[0.6006679978189804,49.196161817069424],[0.6408700088025729,49.20712121560253],[0.6909123251284826,49.19193746504136],[0.722346136667959,49.19364510886122],[0.7305601066794688,49.18483892375389],[0.7766778896966634,49.19664960535795],[0.8058644220480253,49.19613628624559],[0.8188528711259467,49.20650775859086],[0.845674091136158,49.19853199404702],[0.9197346424801286,49.232019028827004],[0.941733657847615,49.21311614062234],[0.977518161028998,49.21491625423258],[1.0267072027591715,49.19737736319055],[1.063315368938127,49.20459241191453],[1.0971941327012453,49.17683408452549],[1.1310378699511947,49.18407117458666],[1.1554166989587547,49.21079570918621],[1.1907723949997833,49.18626796266759],[1.2357682398785599,49.17396393483157],[1.257533245019495,49.17708566774323],[1.3159723980976172,49.160376174080795],[1.3476502643186221,49.142606560090286],[1.3343811821174278,49.13126776334194],[1.4025284226823977,49.12359060109662],[1.434894793686175,49.10493352405221],[1.416494415880065,49.0865997331704],[1.432342693393612,49.07503719528637],[1.3922943113856328,49.048267543126784],[1.3977419475768382,49.0346035637706],[1.3769727521461952,49.02988689462596],[1.3596191882329542,49.006736387825796],[1.3123177443521044,48.9884982526818],[1.3045307281655159,48.979130065594994],[1.252508809542263,48.979953240839706],[1.2296511376330772,48.994787817690856],[1.1892943901131874,48.991817503754014],[1.1785700281924427,48.97885050497163],[1.1442411212321282,48.989650450419305],[1.1363181512688696,48.97420784126906],[1.1141263163246147,48.96969241740475],[1.0462459085558358,48.931289934712964],[1.0513560532512338,48.97255957575613],[1.0227753100996813,48.97635587468665],[1.021013154918169,48.995176020177425],[1.0003970128565165,49.00845338924828],[0.9662066736721081,49.01589756791708],[0.9725488147267616,49.032381406197786],[0.9304021533189257,49.037195815524086],[0.8690629446037498,49.02008812871272],[0.8375144670937309,49.043100598622146],[0.7835226373829186,49.04360575981165],[0.758158926621171,49.063633386538534],[0.7369698463699096,49.06095857410695],[0.7149651485899877,49.039711916102505],[0.6971637567796329,49.05482427538706],[0.7110643961783406,49.0788816510164],[0.6757593762612052,49.09702620571384],[0.6423435109333856,49.09359702766984],[0.6401491082752205,49.07947919396695],[0.6055167121837819,49.08446745750688],[0.5694784463440967,49.06586147116843],[0.5397523855809255,49.07774347398896],[0.519674734056868,49.098939525883154],[0.4915374935488778,49.10206459938451],[0.4548981200493862,49.098366615282785]]]}},{"type":"Feature","properties":{"organisme":"CPAM VAL-DE-MARNE","feature_role":"zone","svg":"100_Val-de-Marne.svg","source":"Canvas utilisateur + SVG exact","flat_map":true},"geometry":{"type":"Polygon","coordinates":[[[1.151361066240274,48.78163114397283],[1.1683267551688932,48.80830709095892],[1.1612101816676634,48.81438078232146],[1.1742668243592667,48.84356766530814],[1.2062272297620957,48.84302351949719],[1.2428006453694795,48.85603085579945],[1.28049100211758,48.845314107230415],[1.3046607752816721,48.84625696616573],[1.3041455962942208,48.86982199932803],[1.2583404223788357,48.87632259164621],[1.32329133164537,48.888856477431034],[1.3753349537335047,48.87274552533419],[1.4338850621031671,48.835227260339686],[1.4486790543010084,48.802139978127514],[1.4272657703003668,48.76922965378211],[1.4271198422533646,48.75470303211424],[1.4108309684042546,48.734532748562145],[1.413733304615209,48.71928218307648],[1.3960071408136028,48.715491779527675],[1.3732462957467744,48.72688354701984],[1.3578647156004193,48.756068122721274],[1.3456675652212555,48.76230395411084],[1.2972900366815308,48.74908997643421],[1.2566032605036406,48.744590488261615],[1.2132981152763171,48.7465647199074],[1.1972622837678129,48.76494484339228],[1.1633629500225022,48.77500713919323],[1.151361066240274,48.78163114397283]]]}},{"type":"Feature","properties":{"organisme":"CPAM VAR","feature_role":"zone","svg":"101_Var.svg","source":"Canvas utilisateur + SVG exact","flat_map":true},"geometry":{"type":"Polygon","coordinates":[[[4.54696289418374,43.580449783172504],[4.5844165956373635,43.58806379921092],[4.573252733945297,43.617728661158566],[4.593276257679573,43.648715062426135],[4.640092641050957,43.664877137659865],[4.6971491306077935,43.669115487089975],[4.701702779475088,43.689400102192195],[4.679240619030351,43.718079591449836],[4.649154754519981,43.7366884478168],[4.65300734857209,43.74176838348017],[4.678160867499229,43.769660815849136],[4.727129673298682,43.761867629879475],[4.749607978374201,43.732563568004515],[4.804656613112333,43.746199337990284],[4.806670933218461,43.76582049033872],[4.8426368096379395,43.76472929170953],[4.843004638775579,43.74393435633049],[4.862451020895898,43.73221118901259],[4.892962326368757,43.7266068882641],[4.895665483160066,43.70662155667728],[4.913645106392942,43.69902223544376],[4.931308842854235,43.6784674791761],[4.949463713705034,43.689823724726224],[4.946357160203182,43.70592313520466],[4.989604415106932,43.72095723800964],[5.017151544156328,43.751823630694645],[5.056269322017142,43.7525093869108],[5.100443490762713,43.778625186083495],[5.1063185524859,43.79355953781418],[5.13135160855772,43.81709686386222],[5.1753154010910585,43.81945959923063],[5.184506900222235,43.79988361287168],[5.251801945831695,43.76291455772799],[5.283607809103772,43.75222360390404],[5.311566609437415,43.750303351622875],[5.342969548929113,43.777896020470585],[5.34384776547964,43.810936067372324],[5.369466485482679,43.81757179901143],[5.414992560293183,43.810733431967066],[5.459833054290107,43.82713291432396],[5.495820502425265,43.8038528052402],[5.5235363407660785,43.82124698134022],[5.559964132975745,43.82670994719784],[5.577291745642208,43.80928929617364],[5.599560590412192,43.76683182008434],[5.626119598859066,43.776714793301664],[5.64579437157074,43.772720380023216],[5.664801448884273,43.75596730908147],[5.700681026346003,43.7561666346093],[5.714480732490504,43.73723925769131],[5.72273710238458,43.70893577753799],[5.708592365746678,43.68038238377864],[5.731240977942164,43.66744780649796],[5.748631329147736,43.64005246933345],[5.763471353941279,43.64258627904709],[5.790787114385812,43.62484392035241],[5.842505809930442,43.618546709205795],[5.863661408835714,43.60982746500423],[5.862872024660643,43.582202889263016],[5.833944044413243,43.54227644843138],[5.8516857195114085,43.53368901212963],[5.838996794738561,43.507578890093804],[5.891138660847588,43.48406557473439],[5.879847895553777,43.45405198089797],[5.861206496270066,43.447196397095176],[5.847237715201159,43.42939203850883],[5.810638873297586,43.4312116735935],[5.81263187197044,43.4146376264282],[5.7788793236978,43.41719718589262],[5.732627121601204,43.40858366625473],[5.715239948398734,43.423634513495585],[5.68105320159244,43.404265283986696],[5.6793252638927045,43.387188560686184],[5.6608196455978534,43.3642911984114],[5.6562952976193435,43.33961195515578],[5.624840420211682,43.334906269814724],[5.610125181294989,43.311477778212556],[5.523949551417589,43.26778123452937],[5.526227324294454,43.25421246267046],[5.562726429651924,43.25410388473337],[5.582834659753279,43.264818671388895],[5.60629211958344,43.25506545052954],[5.622204656137474,43.26983519315877],[5.6431058962229566,43.25682681636687],[5.635948143714949,43.24415019773924],[5.607921437742235,43.22665455483112],[5.614557554743906,43.19272127395702],[5.585905003562869,43.17048354169704],[5.562611715656522,43.14462547977736],[5.5327552153780974,43.17068408386465],[5.495387686588454,43.17324953617469],[5.431571045539831,43.13386848825511],[5.393497403357591,43.138686168884824],[5.336478420776186,43.13113179674189],[5.2981833543797885,43.11822077796871],[5.2888260839206565,43.10011835066589],[5.295322294318987,43.067401761306584],[5.2602825458780655,43.06950943157324],[5.243562870564747,43.08537004275782],[5.199619586011173,43.10056983709506],[5.164222022754914,43.09316161561023],[5.129328493006602,43.09567394343837],[5.1001070235437975,43.085539174516555],[5.079330864424236,43.06670619704501],[5.068453988652394,43.03700001558741],[5.076006706626816,43.002239743150454],[5.033515441084994,43.013537717590054],[5.049153617254497,43.02288969228248],[5.043037752145621,43.05409232302883],[4.991009913062287,43.063795842073645],[4.9436881294647455,43.05354049651635],[4.935253188250819,43.07184451071224],[4.917116908285935,43.08145860747037],[4.848407946756596,43.08511292150158],[4.826982119413471,43.102094289991484],[4.8052106702753665,43.0906301040427],[4.8228101668984475,43.06161447304913],[4.776014976332307,43.042809530909814],[4.760842673822805,43.02001178112327],[4.730690458227155,43.02276110019714],[4.705091862449462,43.05323532990381],[4.714794698034874,43.08379222813057],[4.671901910039183,43.094669025342725],[4.680115908927536,43.10880694964591],[4.622083325327492,43.11444025685519],[4.614867730832271,43.12577080151333],[4.58949726100704,43.12174455356039],[4.565162459271461,43.15937792885302],[4.577612954560538,43.21951096657146],[4.634452551347076,43.247598843323914],[4.658501545709409,43.25299146468111],[4.646755953356684,43.27613489008082],[4.6222098155852445,43.305725880902834],[4.584826181646228,43.30090093079687],[4.573793832635273,43.30888685890353],[4.579901839038001,43.329673255681655],[4.599370598565341,43.34641071702525],[4.588344978970307,43.35532671504971],[4.575827850375151,43.39203796072139],[4.619585713910299,43.40253126438568],[4.646503201863387,43.39487022144451],[4.6848623918278385,43.408843462147225],[4.6467711801688125,43.43012965147735],[4.6247152889165735,43.46187192379739],[4.5923590106339285,43.479935236125385],[4.610527380206438,43.50343061227691],[4.617379799216341,43.54986468897197],[4.588933680151002,43.56451573216049],[4.560984466439176,43.56711898390736],[4.54696289418374,43.580449783172504]]]}},{"type":"Feature","properties":{"organisme":"CPAM VAUCLUSE","feature_role":"zone","svg":"102_Vaucluse.svg","source":"Canvas utilisateur + SVG exact","flat_map":true},"geometry":{"type":"MultiPolygon","coordinates":[[[[3.5346438641303575,44.26671307889846],[3.5389889015624516,44.30031620970315],[3.5358924830296536,44.32962216858934],[3.5657940666157097,44.31991161099081],[3.6089930391104503,44.32670655664503],[3.6533030344675748,44.32551721507069],[3.6978749733416256,44.30299776087901],[3.696425301492567,44.27769563792296],[3.706574954382642,44.25418432523131],[3.7081728073621236,44.22730612396788],[3.7213906849552396,44.22315317299943],[3.776364856722354,44.25850919926733],[3.8330089216044523,44.25949049874889],[3.8839784475788584,44.283741249655684],[3.9092945370170886,44.28589633909556],[3.9670848537316763,44.30881162176616],[3.9839434383668673,44.283436734879594],[4.0134065125427485,44.2787733159941],[4.084999082163518,44.31070941441368],[4.0792943367778705,44.292332170328066],[4.060943657757299,44.28169668523627],[4.073511579229574,44.24314931568016],[4.066586092504988,44.22761351822775],[4.087715854228891,44.216993692892906],[4.154190492694666,44.20930177113551],[4.1734374119624755,44.22719973464289],[4.211075807973927,44.210888167391026],[4.257998465577292,44.19954918676248],[4.276070152818778,44.21010556002977],[4.30816330515482,44.1971612537334],[4.30697982686194,44.148739506346075],[4.362183576313767,44.145173975251275],[4.382288599354789,44.110953400584506],[4.428645271879955,44.10746532215961],[4.432883632823252,44.052168836321506],[4.476989372202018,44.05920840082166],[4.476138235923338,44.01272636303303],[4.44937558221836,43.974661082985925],[4.439593476068465,43.942579289573295],[4.443257040188424,43.9279547185541],[4.47789335720086,43.920774639597944],[4.492445908806283,43.92457491652414],[4.514672703482327,43.907121645100744],[4.542593500666087,43.89683356707555],[4.50781285160008,43.842481615888346],[4.482609346650699,43.828071070055735],[4.477836930762125,43.79289566655561],[4.509420811217887,43.805847804088124],[4.565259109221997,43.80679461432373],[4.593412356355072,43.800776730499216],[4.61454630453444,43.78209778143762],[4.625209986204998,43.762194429471194],[4.65557517578163,43.75282072538222],[4.660957239599341,43.72704810542736],[4.693335760562453,43.71178394111405],[4.701966206864539,43.70004500498891],[4.698114086964261,43.694962968932465],[4.68057429899163,43.685751697300454],[4.660053657007773,43.66186942914326],[4.614547665382309,43.66166737889634],[4.586924274455536,43.64274963078588],[4.544068693232677,43.62443894051135],[4.5068489351347285,43.627678835264824],[4.465991630104322,43.62436891204379],[4.367637275864294,43.647292733344855],[4.2641893384183875,43.687632956439494],[4.240453276983334,43.7037210679514],[4.174382911933717,43.715604891734124],[4.147332169472296,43.71665108106024],[4.103189164152278,43.70314180568499],[4.08775817088201,43.70698543064302],[3.957535002132111,43.759165920644506],[3.9362285948899136,43.80039852241225],[3.9009799786688486,43.81955533645555],[3.86957414183042,43.8464708040428],[3.826985562540071,43.86197095453156],[3.802215587226284,43.86337539208323],[3.7842138673067245,43.87621239858197],[3.750365596647468,43.88793333687154],[3.717381292451905,43.88929893137685],[3.6303952417963967,43.900759616511635],[3.6723772523954454,43.915600804522605],[3.7101634722590076,43.94724499314074],[3.7110527119024797,43.96966084972058],[3.7385288298823074,43.967331167951485],[3.733773980012416,43.99743144797679],[3.6825711763949838,44.03659898048917],[3.6813248621505434,44.05019832231211],[3.6495934740934555,44.06293893042376],[3.6204417885868483,44.06468564508409],[3.596497739513537,44.09064362776701],[3.6115579475349047,44.17933326698696],[3.5944093226466767,44.184930245905775],[3.595133307970416,44.20782842527937],[3.563699139479889,44.20570723359206],[3.561692233488763,44.233192899878624],[3.5397955501895075,44.249795365254975],[3.5346438641303575,44.26671307889846]]],[[[3.7681340873739395,44.3517828099266],[3.7905347514942753,44.36796221934785],[3.804918448750298,44.37784941216108],[3.817291128380611,44.41354239504764],[3.86431268455065,44.428738683236546],[3.89091579680292,44.43020869735255],[3.9169392118207127,44.41144818383438],[3.9195628375479847,44.398156851121335],[3.95429586158853,44.38612926447193],[3.9577780224657664,44.36861195358362],[3.9314981168947223,44.36655487865661],[3.927654759569385,44.34867265988226],[3.8808397293350736,44.29715917250269],[3.8214764815922893,44.3088426095499],[3.7871367298952814,44.30363485535965],[3.778823496537126,44.32565023337781],[3.7931748089040758,44.33967304547149],[3.7681340873739395,44.3517828099266]]]]}},{"type":"Feature","properties":{"organisme":"CPAM VENDEE","feature_role":"zone","svg":"103_Vendee.svg","source":"Canvas utilisateur + SVG exact","flat_map":true},"geometry":{"type":"Polygon","coordinates":[[[-3.295580855842217,46.87365210711135],[-3.2610876831071702,46.87552721426246],[-3.2414308984195244,46.90706893215498],[-3.1939777405279366,46.938991121982674],[-3.1638096995254608,47.000170887451304],[-3.112426159540028,47.02187114369259],[-3.100258818172704,47.02062438442751],[-3.0731738906269963,46.985882594982],[-3.045179328743667,46.98264345924814],[-3.045986561835109,46.96525017886813],[-2.998748802614061,46.94225874618076],[-2.9558503633519626,46.94318657974665],[-2.954886111747488,46.92015870450705],[-2.8965636849190255,46.91343225651696],[-2.871078469073444,46.91800644428061],[-2.855157437673917,46.8988514866253],[-2.8560232218505988,46.88337093978254],[-2.8382346554292597,46.87050838702947],[-2.803282779751491,46.87701558308789],[-2.7795613875577314,46.86044350724674],[-2.748341708300073,46.86440579352012],[-2.657486227073252,46.84548734636671],[-2.607356786035277,46.87092975852838],[-2.6360833860178605,46.91298657147978],[-2.639292123818902,46.93539678489569],[-2.6640793914606267,46.97038444329846],[-2.651873633879323,46.99700855114441],[-2.6651862821534205,47.0097014459408],[-2.623623993518453,47.0230184961663],[-2.6069659731336916,47.036811912081866],[-2.5817829234347545,47.025058699195384],[-2.5745705762258333,46.99602805355757],[-2.582675321741694,46.973751233206166],[-2.5618080447745073,46.946007744661024],[-2.5767816579597143,46.92294484648168],[-2.562807009492724,46.91551808218833],[-2.520681933594966,46.933943903783344],[-2.4732037788084864,46.94383732912205],[-2.458663827699642,46.97453213720395],[-2.4781093861836747,46.98480580182606],[-2.4629207698337776,47.00000249173708],[-2.479413980386915,47.02703162612816],[-2.462762377304247,47.03751817871079],[-2.409781061127334,47.03017694990622],[-2.391108051413753,47.036596087334914],[-2.3866962825648543,47.069102945307236],[-2.3635796771047866,47.08461472762228],[-2.3424433798788544,47.06725950724555],[-2.323905043727461,47.06367141734322],[-2.2922913943467518,47.03764230685959],[-2.2374264335970757,47.02683132762489],[-2.2331233909770867,47.0224557877802],[-2.159046029476751,47.004719869904086],[-2.097773895606722,47.000640006948096],[-2.081538539597963,47.018342077157214],[-2.046386755895132,47.001869020013814],[-2.011085788753698,47.00611089958177],[-1.9787596696144616,46.99032507374331],[-1.967312464265349,46.97131201911985],[-1.9472422269489014,46.938119876816216],[-1.9251193343394941,46.94050497225862],[-1.901084446314463,46.9267220550269],[-1.8882505471859001,46.89570180239476],[-1.9041025291528384,46.87505850167977],[-1.8863061123814024,46.86966620671602],[-1.8507882434084537,46.83119243254651],[-1.7993867831264492,46.80887803873885],[-1.774123832973122,46.80853392607197],[-1.7933539265234821,46.75191818351911],[-1.7646750043176982,46.718378103355015],[-1.7317055037053506,46.698899884307814],[-1.7182908373456847,46.681558211230225],[-1.7440632144046566,46.666648420274626],[-1.6985178523038935,46.64092215890341],[-1.6949223832332547,46.61460866823847],[-1.6737483604416425,46.59673442392694],[-1.6872693171739201,46.581069729032336],[-1.6712995205478964,46.56280627221372],[-1.6845792318169635,46.55119508562067],[-1.6657427371981497,46.53535152113619],[-1.6608210454890757,46.50463958148996],[-1.6843693034838436,46.50075790358809],[-1.7060310018919107,46.478277247686805],[-1.6847770285611607,46.466651946752464],[-1.6751013544387525,46.42870131015241],[-1.6779783886474597,46.40465785177925],[-1.696954552857754,46.397631948854816],[-1.7008936272473614,46.380613430297856],[-1.6800103844990812,46.353440594218796],[-1.6688354007955464,46.37812997423273],[-1.6223526403421897,46.356510608022695],[-1.5926095944560557,46.34965390447422],[-1.6177722298683086,46.32125183833851],[-1.6613619099114094,46.322865297229846],[-1.663094791195305,46.30771785043291],[-1.6963495108290816,46.2974359619528],[-1.708540562394197,46.275745797074144],[-1.7337984645946491,46.27464336903921],[-1.7601799139172858,46.283897400134705],[-1.7841466141827134,46.27299463751929],[-1.7859539452306463,46.259741799031225],[-1.8160186877409388,46.26158531358339],[-1.8707884541975062,46.28342508509548],[-1.8777947918901825,46.297446888097525],[-1.910190120426948,46.29933174195304],[-1.9217226095443516,46.27474473037557],[-1.9604234608503914,46.28422301768399],[-1.9783760419626302,46.27090082233878],[-2.0100284619251774,46.269732369380016],[-2.038340421288653,46.28044849948678],[-2.019862679949708,46.29422445094547],[-2.007009643644569,46.325759223000304],[-2.041371618598,46.32516750933164],[-2.0549261893695694,46.309987152044734],[-2.093184970214013,46.314569828264865],[-2.133878800441614,46.3005295840039],[-2.1634496501199214,46.2780532274308],[-2.2146134728108886,46.26600383258831],[-2.254384787017586,46.27577257615999],[-2.291184668234295,46.27167051076146],[-2.2841182679772074,46.25530284495253],[-2.2955058293985875,46.24293044204686],[-2.2964970302469423,46.21936406306516],[-2.3748913044006197,46.26488982181935],[-2.4409270324154386,46.298402424339415],[-2.464409268484566,46.30533282750108],[-2.5003928232382227,46.29657854100002],[-2.5292839205213253,46.30344080539974],[-2.568733532264737,46.29820960251694],[-2.591858436950333,46.339392871108736],[-2.6070070877706177,46.35619712512906],[-2.6405791025051055,46.36822855081212],[-2.6564025288703115,46.36455962743366],[-2.7218905840646763,46.37263507408178],[-2.8240458302217943,46.41176952989595],[-2.874214091383072,46.436902575402314],[-2.8966324272633988,46.45571474126028],[-2.9350537277670834,46.458269764001564],[-2.9432051504396592,46.488248155700944],[-2.9800247143289393,46.577836787966916],[-3.016575529793892,46.60527856528425],[-3.069552916276415,46.664667015212224],[-3.0953962834922115,46.665526105612635],[-3.1136512267939156,46.69539531813324],[-3.2078003551020626,46.76105557071845],[-3.2805827734347974,46.79765038216248],[-3.295580855842217,46.87365210711135]]]}},{"type":"Feature","properties":{"organisme":"CPAM VIENNE","feature_role":"zone","svg":"104_Vienne.svg","source":"Canvas utilisateur + SVG exact","flat_map":true},"geometry":{"type":"Polygon","coordinates":[[[-1.2101757575758973,47.065025783224456],[-1.2059918118659545,47.09314937820587],[-1.1932493037401508,47.10344043921666],[-1.1493070006523203,47.095429408795546],[-1.1407907558770891,47.12917734600482],[-1.114388304129207,47.16360860704141],[-1.0831527004521833,47.183076050873396],[-1.0645450844896889,47.16686882977173],[-1.046487661223006,47.1705218840895],[-1.022624013642505,47.12852715385638],[-0.9597479225267803,47.12634389933795],[-0.9611758410711402,47.11182710613733],[-0.9378834343420189,47.10716013079321],[-0.9120365748366507,47.118970657769474],[-0.8914369957730298,47.09459415930504],[-0.9194876007164969,47.07330515655765],[-0.8838938373409908,47.054391369995706],[-0.844466587997607,47.07368508499832],[-0.8166912386772238,47.04748435515156],[-0.7889677432274397,47.05558393233399],[-0.7772588089229864,47.04528070737399],[-0.788384077021173,47.01926993853655],[-0.7783105900015467,46.99845510283875],[-0.7860321222929455,46.97083908411682],[-0.7748629673280693,46.93281198560268],[-0.7605257983278417,46.92527667579287],[-0.7167498566376692,46.945497076466395],[-0.640727196610045,46.92473029151204],[-0.6343608721692688,46.93700641528605],[-0.5734769032580811,46.955045749744514],[-0.5350271138466672,46.95767805506851],[-0.508571413411969,46.95283494159935],[-0.46951774842158256,46.956818564704335],[-0.46997044497798723,46.97161220508231],[-0.4940172233229272,46.97860005312717],[-0.5060902280566013,47.00231566522197],[-0.4514767633183712,47.008066847531666],[-0.4331740004793904,46.98487193350482],[-0.37383113739453744,46.97337032745731],[-0.3592994909986938,46.93412103906287],[-0.36120572821098845,46.89828364837571],[-0.3107802629868225,46.853629251487405],[-0.2504727062211056,46.81899084360765],[-0.24762789736245494,46.783712733498746],[-0.23065400577859282,46.7650771280056],[-0.18901127293455727,46.735021435458606],[-0.15364287973915725,46.722366491214046],[-0.12517458932291908,46.679427826361575],[-0.14565574904323947,46.665867520639935],[-0.1475580320971805,46.62889702686366],[-0.1603228219756983,46.605549953137874],[-0.13753220396087631,46.57485203083729],[-0.11120326384436006,46.558874257504705],[-0.06234057340139898,46.542350025619356],[-0.0333802375625608,46.544816432182444],[-0.027121318038909437,46.51239340403976],[0.043340368177039706,46.51388273607054],[0.06513423500763764,46.50693106736601],[0.1082182346035361,46.47613118463905],[0.09333862189087314,46.46871384218665],[0.11235883852267695,46.44520027976988],[0.11100977135520905,46.42009556550201],[0.17354949376427742,46.39937105827661],[0.13825789483521844,46.351137710223746],[0.11747659297582418,46.356114151136445],[0.08955386876491754,46.33020024664862],[0.08202613903546212,46.31394834016915],[0.053783704377910094,46.32761716972867],[0.004603930364830464,46.32807894873117],[-0.01969035688504007,46.30707218310601],[-0.02508209551889346,46.272827144165376],[-0.0600023585379378,46.2405482015314],[-0.08110412847747207,46.246442346250646],[-0.11870364474226318,46.24202564928086],[-0.1525645285344336,46.24696163698149],[-0.16844264345018195,46.224910182263336],[-0.19353964868581777,46.220078418652776],[-0.2102662050424835,46.19928646223765],[-0.20756321369417552,46.18520649015185],[-0.2474270435990445,46.1840933641507],[-0.26247777088263263,46.166243791613624],[-0.24131793874133267,46.151144699946116],[-0.22263985948941697,46.119319897168445],[-0.23303906960814685,46.079088942546115],[-0.2477184504827543,46.08919848580665],[-0.2785839956902155,46.08262073371165],[-0.3135842356542228,46.08927026569176],[-0.3517786821838702,46.08093888292321],[-0.3796250430198586,46.068593660665975],[-0.37597976484969237,46.04523114310584],[-0.4588484956074055,46.0368128787792],[-0.4615777169823286,46.023529759182445],[-0.49424043238163107,46.025337476209664],[-0.5051801233260894,46.03649153327712],[-0.5330224661628313,46.04243598248841],[-0.5812164177702751,46.08518083274517],[-0.632876674808193,46.0485401434859],[-0.6314993117713391,46.03751838628946],[-0.5984111912615078,46.028737661969934],[-0.6055023783883295,46.00632376293497],[-0.6307696725275018,45.99482573909131],[-0.664219331852536,45.99284974978726],[-0.687670535405253,46.011000937789156],[-0.8046817402856108,46.00472891205304],[-0.8337742922556687,46.02471184658231],[-0.8680154884623172,46.03970937656915],[-0.891545208801688,46.04090639073203],[-0.8982095957335271,46.05857878889871],[-0.873236168445358,46.08681531366542],[-0.8675882329950644,46.10711142578056],[-0.9025715377573593,46.09690028965815],[-0.9362111202883783,46.1058921621704],[-0.9543684393570522,46.13086523552677],[-0.9861997317028536,46.13629024107568],[-0.9802740892397803,46.163919682146926],[-0.9487618386993091,46.18301910521118],[-0.9642591118963424,46.222228948489196],[-0.9319460060349019,46.22168456152682],[-0.9185637470810886,46.23448245656775],[-0.9398310244836069,46.260358183000676],[-0.9215676376258182,46.26788791368136],[-0.9156934049128279,46.29080825707274],[-0.955349984402481,46.30921334723917],[-0.9971497002080189,46.289335896846865],[-1.017652142334591,46.26186140968041],[-1.0658205149800217,46.28584043317801],[-1.0688984496160263,46.30844337129666],[-1.0855727137907296,46.31669487706553],[-1.0641934134405586,46.334194960338586],[-1.0784757787587023,46.3494693761146],[-1.0999845137610562,46.35362157367267],[-1.1183191917296333,46.373954364010444],[-1.1114679158219523,46.41365553725895],[-1.1185274160717922,46.4416282496605],[-1.145058115216877,46.4359423996599],[-1.1337399327197983,46.49415645370406],[-1.108275020272355,46.49248150824916],[-1.0925351348340717,46.51869262281851],[-1.1093503614691302,46.53932030148546],[-1.079866172223133,46.558064022719826],[-1.0770336247332033,46.5891971043111],[-1.0977954059354422,46.58514893147023],[-1.1290673300973308,46.60410749184222],[-1.1698735154340971,46.60772220307035],[-1.1363421112623198,46.63030170287254],[-1.143798007615895,46.640924313505415],[-1.1086430067887996,46.661401046905276],[-1.1007128546485123,46.696706934243025],[-1.0612616555646368,46.713140187796654],[-1.0955766247683352,46.737270379001],[-1.1173685637466688,46.73909523348901],[-1.1252133342046289,46.774240542086616],[-1.1231853439820774,46.798632048201725],[-1.1499588919673613,46.81908042268815],[-1.110120673098906,46.83553778983776],[-1.084422311821507,46.8224300045381],[-1.0750125587147148,46.8414322851405],[-1.1307407333998898,46.86978596193176],[-1.1116691716293297,46.899030888057666],[-1.1256533295837865,46.93177434692248],[-1.1488368714687371,46.95270410677231],[-1.1426102420856572,46.985570158823066],[-1.1727126421195475,46.990167676439015],[-1.1879087689852603,47.009981215746144],[-1.2101757575758973,47.065025783224456]]]}},{"type":"Feature","properties":{"organisme":"CPAM VOSGES","feature_role":"zone","svg":"105_Vosges.svg","source":"Canvas utilisateur + SVG exact","flat_map":true},"geometry":{"type":"Polygon","coordinates":[[[4.2652181103022855,48.40801899560425],[4.302010415721004,48.4396061879991],[4.329617413859851,48.44834390684166],[4.372685317652397,48.44568086202661],[4.382404719314567,48.46072422225675],[4.429044247136379,48.470154654054184],[4.482157642706209,48.469718149779176],[4.549256218314737,48.50278737716063],[4.585294956864655,48.491279238886335],[4.611933079161524,48.49746296144558],[4.639779073836593,48.529777912609916],[4.662834781745375,48.51552371465993],[4.691321318195726,48.53183023076186],[4.735400859596927,48.54119677867294],[4.769187365746987,48.527780589412636],[4.785467160928323,48.51330863760425],[4.768054406530097,48.48532869276506],[4.780731996929367,48.477819355693164],[4.738991845455899,48.44538500922293],[4.760049621702303,48.4324032839895],[4.819866957823135,48.4316512946346],[4.8398429597577985,48.4153018132637],[4.8290780683368,48.40307596539445],[4.84538171080929,48.37662389956252],[4.891638543906036,48.38821592047092],[4.913926438545594,48.383554081090594],[4.943528899192861,48.39287054041179],[4.95682612162452,48.38620936270278],[4.990046862757445,48.39939586818127],[5.010181913769732,48.38092810955238],[5.0475670802062815,48.40959843198716],[5.041927842208388,48.43418489282964],[5.074917255595975,48.427314862134],[5.1313888445633005,48.43036966895833],[5.16118807873212,48.43705041432102],[5.171489734143987,48.457934785769496],[5.204045215228807,48.46276254015115],[5.208740602547404,48.44446201450198],[5.235750016705021,48.4357406124748],[5.331570524937074,48.43881883622326],[5.3609687902456775,48.44717954058462],[5.413971036116377,48.446571801743445],[5.448586819113592,48.46484837678002],[5.5014107021203165,48.45016406864305],[5.484783169596265,48.472791365496356],[5.502400329489812,48.49594857899273],[5.543112977926951,48.509463199892615],[5.569126760857501,48.468114279819126],[5.6230687717464605,48.44638025351495],[5.6874253649890445,48.445192546816756],[5.696072492159683,48.43241648110895],[5.744819992554961,48.431914186765304],[5.758517059548586,48.45077106885924],[5.798505568409028,48.46708118467155],[5.827808525459031,48.45414816824952],[5.921065605464864,48.51761873539882],[5.992079255609914,48.53469695313745],[6.037762293506525,48.554035220745654],[6.068428049945337,48.55485984696548],[6.041714990380756,48.52726315903503],[6.061927058361746,48.52446596948387],[6.040017035819355,48.46315998358885],[6.053004518158552,48.41030685878657],[6.02205489979461,48.38275048134673],[6.066269701200469,48.36422164168613],[6.133943116609669,48.367515879187245],[6.1481956611913855,48.340416801860925],[6.121057523973797,48.326555122827514],[6.107532616961992,48.29610464068064],[6.095274534907465,48.29090308270522],[6.063587541893134,48.23162247340097],[6.029836767640672,48.20277705735645],[6.00126555954747,48.15698235582858],[6.028804209304568,48.14813726285665],[5.990521261281713,48.095968357346564],[5.971818074032616,48.087245104513265],[5.9426317206834955,48.03474190248434],[5.900144431725057,48.01112150206447],[5.8811562030598585,48.008598596671064],[5.857581533887052,47.95026945452656],[5.865146692218758,47.91359562654391],[5.8361596982451305,47.895456249936984],[5.85717112293523,47.85229821530663],[5.83360788265701,47.83872742690819],[5.779571107395953,47.823000737634274],[5.755773930896521,47.81242212653406],[5.722762243778366,47.830249525558635],[5.7149157717360834,47.850897913977],[5.6653744893004365,47.8632877370245],[5.629417021757916,47.884100970160716],[5.566277530932877,47.908774946622316],[5.56345211642213,47.92015571940315],[5.5278241641351675,47.94890002765052],[5.481684824865494,47.93623309523679],[5.459424005848701,47.9056884813438],[5.390181448214321,47.893442670353856],[5.36871934746187,47.9096377743906],[5.343090695387608,47.94869883430014],[5.274040990859214,47.967534846996074],[5.230257621848533,47.953924698557586],[5.180631974261302,47.95846791067298],[5.1393077054140015,47.9360910571747],[5.108087875854467,47.94307938505257],[5.092221734989732,47.95738267262989],[5.065585542975554,47.956364072360714],[5.049029175315933,48.00148535396494],[5.05280871381829,48.01346883087281],[5.026838489870053,48.03204261988286],[4.932003352966479,48.01078030925754],[4.913498543659862,47.982950441067516],[4.883148987997087,47.96127818154722],[4.85809244378114,47.96048241531756],[4.8402237996328,47.93905585105504],[4.823342801810033,47.95368860991267],[4.84621758307672,47.969551323763746],[4.822222040946932,47.983222237315],[4.802841365734902,47.969072436640324],[4.8026651700310055,47.949800235170244],[4.783809803462382,47.94694492647127],[4.767687733213574,47.927083943978324],[4.73102718293309,47.96581620333763],[4.665075364395097,47.95466199637142],[4.655736636053641,47.98149510557195],[4.6715615888974416,47.99500579052201],[4.654749526116808,48.03791794916699],[4.615577684205232,48.05748591480485],[4.5303311620300475,48.09389168814018],[4.4980823095535865,48.09326052852349],[4.52726269346134,48.13146319412187],[4.556033988942927,48.15766142170376],[4.5537377724048245,48.190086862087895],[4.56893838618673,48.20409823342224],[4.604969270413356,48.20513370389244],[4.592627777097248,48.229552729732504],[4.559356664114532,48.25195835100811],[4.548476688860699,48.246406897241194],[4.510000898609695,48.26036353616484],[4.523477399983335,48.2881021663825],[4.4790544739477305,48.31251949205038],[4.454214371360882,48.298305484134794],[4.408500084614666,48.33652712533162],[4.38492561418711,48.36391498836792],[4.342565347307131,48.37994806717876],[4.300203167405923,48.358216973372286],[4.275375032346408,48.36230295501306],[4.277156615384408,48.38585860024082],[4.299795935003652,48.405150617326704],[4.2652181103022855,48.40801899560425]]]}},{"type":"Feature","properties":{"organisme":"CPAM YONNE","feature_role":"zone","svg":"106_Yonne.svg","source":"Canvas utilisateur + SVG exact","flat_map":true},"geometry":{"type":"Polygon","coordinates":[[[1.6848742069952594,47.71653363829059],[1.6930274722063903,47.753660646429225],[1.7538236990400111,47.76290935970854],[1.7908394425024665,47.75937416690633],[1.7961060302575014,47.769649460041805],[1.8312807107058033,47.78091147088545],[1.8686905037741541,47.78164744376081],[1.873186777096739,47.796577069741254],[1.8566703927561863,47.83219304340526],[1.8747213250757497,47.833028637236666],[1.8739656496579575,47.856354351237414],[1.849016220674016,47.86355957587202],[1.8508617609202664,47.8966419979606],[1.9110903266587327,47.934219879303654],[1.925657495510619,47.93524673383963],[1.9780741499912586,47.977363908748075],[1.9738352623393889,48.014442723170355],[1.9523028629271924,48.02228687521256],[1.935558401661575,48.06495138719429],[1.8956948527903528,48.08423158411803],[1.8950234844859926,48.10169133114679],[1.8733709218417747,48.1485427099545],[1.8327200997903368,48.16876206050236],[1.8120956300547522,48.167959693337494],[1.7753015358670148,48.180008055591394],[1.7735967724194022,48.19633501870788],[1.8116259975822133,48.21278714611734],[1.8152705595951015,48.22482663063948],[1.8475276995707006,48.22722756249261],[1.8877578674888285,48.295537934859034],[1.8584663957183338,48.33336761752828],[1.8854912007134592,48.356265530794474],[1.8802770578462114,48.3675477740046],[1.8936285655722858,48.38880240766906],[1.9455574602411805,48.38661797039309],[1.988589981494983,48.402473799484525],[2.0538278854387486,48.393706259702256],[2.086382725326468,48.400548710323],[2.1090540211174997,48.39504613317271],[2.138464092764763,48.40840758442924],[2.1624176349753306,48.4036126419458],[2.2255234059325786,48.40330091239195],[2.2276064639830166,48.42662941910297],[2.244526959109641,48.432417567339364],[2.2776586312856852,48.422594213531056],[2.2911500747192557,48.39060074678594],[2.317464988495027,48.40598305045204],[2.365969532900911,48.40011257665064],[2.401649750017611,48.37054989267047],[2.4342046438690295,48.35050893555325],[2.437581831451228,48.335697034256],[2.460114353011182,48.32880217879342],[2.4593607184122956,48.30695372228168],[2.4905451472274067,48.297765244392146],[2.4985268686780606,48.28000798427552],[2.473087092067712,48.26137457036029],[2.4957785121774396,48.24953351275131],[2.4848338327147177,48.234858401506806],[2.4470868210071495,48.210135838448664],[2.46710584652391,48.199788563019816],[2.4937272278552247,48.21252666367783],[2.516843093646688,48.20539301040988],[2.5447409107838648,48.15819307088278],[2.583793537870709,48.16377851986297],[2.6207962534303415,48.1908445450601],[2.6361468312063834,48.170316568194615],[2.620322309998609,48.151730246960966],[2.655640769342841,48.148658940500695],[2.6890572699200557,48.12009762001083],[2.691039350384295,48.100333294327314],[2.7098684869641936,48.07653223747822],[2.70960725698762,48.05706663180453],[2.758426561032042,48.02845436698703],[2.7260633536274588,48.015860358363874],[2.7368819266753173,47.99464355099988],[2.7666395652772264,47.99015341064464],[2.789582022444176,48.00984537441391],[2.804924804577125,47.98640639056193],[2.791291130643085,47.94711236784627],[2.8402118874578512,47.93916208985867],[2.880038323265569,47.939091883170406],[2.8988178144781336,47.95124021463128],[2.9138952010136174,47.93696892715972],[2.9423891725270943,47.93445027883327],[2.9591793953856445,47.95527455394856],[2.9925371319497964,47.95269917528934],[3.012375241319073,47.93588605205441],[3.0696164693138197,47.970884149921396],[3.1133188976128063,47.957122485836095],[3.112079270805653,47.984217867408546],[3.134927777502505,47.98109798619156],[3.1283487516437924,47.960473715171254],[3.1500605597702616,47.941805970984106],[3.17415157965449,47.93362992270263],[3.2034005504068443,47.93541892840332],[3.2221308801442436,47.91249234485442],[3.186586896237523,47.90758932542908],[3.170723109955555,47.89110826451526],[3.1696164707324654,47.84865353080773],[3.21144858141256,47.85407065732742],[3.2309244418805485,47.842166630943034],[3.23211671531361,47.81492102478027],[3.25316542401554,47.80219696442899],[3.2394761284361855,47.78741674867955],[3.2450896231548745,47.756591583512744],[3.2001576992698375,47.73166300589406],[3.169459256931446,47.74107190889808],[3.161273079497466,47.71337622294285],[3.1767606270992745,47.69818754482031],[3.1673844781065084,47.67935643043153],[3.1330639713835313,47.66570566450399],[3.1577955115153156,47.653482951279805],[3.1192793866855997,47.61992233098284],[3.1212530739442292,47.59341662708164],[3.1033911115383166,47.58816411918363],[3.0803721268789106,47.540667584283284],[3.060818521198841,47.538835790252975],[3.04158941209017,47.50689872397914],[3.0145976410876707,47.48768273696172],[3.0329465491905703,47.457437976320065],[3.0221920573611225,47.424277200292565],[2.966202566792268,47.3855812474719],[2.989645957531843,47.374342454641905],[2.9769728690380033,47.36047550490548],[3.008553362518723,47.31382135401776],[2.945808255254073,47.31425151095946],[2.9273280485537216,47.288369205664154],[2.89632621443866,47.28524945736899],[2.8687254324536022,47.30621185662601],[2.8604483147908972,47.34059046846964],[2.838198076594559,47.35634460677957],[2.8009072410551967,47.35810631667227],[2.777803414070868,47.33949545411646],[2.762140989415231,47.34191445551383],[2.7532648143101794,47.372459765046514],[2.7846146106088177,47.387912559173245],[2.7686712880206796,47.40794321267543],[2.7404605841200578,47.41446583047089],[2.733053329437789,47.38822388856818],[2.709336106509438,47.37960675530295],[2.705920610517301,47.355662030287505],[2.6713751559923042,47.366456189787904],[2.659693266684172,47.382963443352374],[2.623919227893334,47.37252762316263],[2.5967768044714177,47.38333443056635],[2.559002735193157,47.424102977833414],[2.4549368283149153,47.44409229164004],[2.4553477051617194,47.478984265032544],[2.4264376036289645,47.483559107991795],[2.3846512846937227,47.510180917282646],[2.3751915822986644,47.54216079860092],[2.3623066124448813,47.54442118934833],[2.3582525084604606,47.47424087451344],[2.3044465343497955,47.48896689374137],[2.2625152219745432,47.489682314875466],[2.2451358376983412,47.4667622009819],[2.201876971571094,47.45688691534604],[2.144702644951451,47.48389305846873],[2.1309758484046797,47.47071258083699],[2.0924298207634986,47.46801558305912],[2.05986653347415,47.50360990539194],[2.01838353595349,47.49761951683345],[1.9866228758095037,47.52330158829196],[1.9516783197664862,47.571860002430896],[1.929131483062919,47.569137202391026],[1.9067307467034813,47.55141585116036],[1.864266726883428,47.53900291602596],[1.8198002879302682,47.551610894428734],[1.8047617404020835,47.5593257482044],[1.7815725720969107,47.58746496000925],[1.7772149916006714,47.62254190205509],[1.79605270974484,47.63229619129872],[1.7580196830532748,47.65752117451262],[1.7511171916550399,47.68042652452422],[1.695626465497656,47.7011717754529],[1.6848742069952594,47.71653363829059]]]}},{"type":"Feature","properties":{"organisme":"CPAM YVELINES","feature_role":"zone","svg":"107_Yvelines.svg","source":"Canvas utilisateur + SVG exact","flat_map":true},"geometry":{"type":"Polygon","coordinates":[[[0.2894592978046146,49.063256905181106],[0.3027333189415741,49.08095495201582],[0.3268163188871828,49.06982456158792],[0.37979980591653406,49.09097402507715],[0.39880658926327706,49.08833477198305],[0.4433040809270894,49.103498213560826],[0.45039537148250564,49.0968951839381],[0.4870317377287032,49.10059120768916],[0.5151603938763429,49.09747204212374],[0.5352352086455614,49.07627179737559],[0.5649428661269874,49.06439129822804],[0.6009839234585594,49.08299827884551],[0.6356043138703953,49.07801289847231],[0.6377944073168437,49.092128207295566],[0.6712042444816748,49.0955553605393],[0.7065028070247661,49.07740849752863],[0.6926130448066162,49.0533543757169],[0.7104102238017547,49.03824296711964],[0.7324059078715007,49.05948713911097],[0.7536013162234944,49.06216248709366],[0.7789514380444661,49.04214006550562],[0.8329285706169424,49.0416346813027],[0.8644790606787347,49.018618992859906],[0.9258055888936451,49.0357299159421],[0.9679460568745845,49.030911854834756],[0.9616110960213625,49.01443273128435],[0.9957895380812473,49.00699095477276],[1.0164045874113272,48.99371359101435],[1.0181568839841126,48.97489102020947],[1.0467403006688338,48.97109923413835],[1.0416276077247872,48.9298320309779],[1.0095298870128662,48.91601047616508],[0.9941239687989255,48.89410000599488],[0.9872718191446362,48.85658471462315],[0.9930303971811443,48.837528697481126],[1.0180867677986978,48.83442084601017],[1.0243971473823041,48.81780331016583],[1.0440509096564456,48.8190779159954],[1.0680100312998217,48.796796113592684],[1.044232779764845,48.79191354712975],[1.0236105118847514,48.77796762119028],[0.992349383064478,48.77393545669091],[0.9767474137422681,48.757215872880714],[0.9398435057046544,48.75424479099886],[0.9522231342601214,48.73423660942814],[0.92412775625454,48.70503705560842],[0.8877745512989946,48.70698899667818],[0.8602117602756859,48.66132418359806],[0.9025781947222086,48.63677583976632],[0.8769426927453434,48.622494297834145],[0.8782224900927159,48.60780021944804],[0.8598137867097265,48.58822514722382],[0.8601979832028614,48.57631174763889],[0.8214942251554723,48.57215877536581],[0.7806448800779341,48.5812774062911],[0.7768882960485831,48.566371496379915],[0.8102373093221888,48.55142720235849],[0.7889361293183752,48.534039127323105],[0.7764342576676528,48.50011688183421],[0.7580339650539868,48.49169265605892],[0.765306704535365,48.475404076842565],[0.7496529362932718,48.45779718355205],[0.7150044767379361,48.45726501855496],[0.6882051658854487,48.466750344430544],[0.6754360916253955,48.48498777929054],[0.6465460376692498,48.48985887445414],[0.6201095871406113,48.52663381689825],[0.618949120477028,48.545103409547785],[0.6303345676894968,48.57131347809715],[0.6084072125443877,48.586902885780134],[0.5524035234639645,48.5953198976502],[0.5451330160654876,48.60228978884401],[0.5579150322088993,48.631875664069796],[0.5093321209495758,48.6309444186593],[0.4946275723403488,48.65540285362243],[0.4461823516394872,48.67956554859068],[0.4547267753648806,48.70677924657708],[0.42252108583030695,48.71901525042356],[0.4691175280458823,48.76573283390585],[0.43030297579421295,48.79115926835048],[0.418346782989599,48.808079986252686],[0.43375864083499266,48.83262792774941],[0.4197442819362964,48.86217878077558],[0.4240304054762622,48.87288398421967],[0.3886740939101214,48.890221274271305],[0.401881264463999,48.899953944500254],[0.3808555659851269,48.92458835608561],[0.38089535045196854,48.93976735393132],[0.3496703884060316,48.945441575774325],[0.343813882923642,48.95892830097933],[0.3395807588696689,48.99758610032887],[0.31928768294352344,48.99671037226634],[0.31914689982964,49.03488339691403],[0.29983621379498127,49.04432763419945],[0.2894592978046146,49.063256905181106]]]}},{"type":"Feature","properties":{"organisme":"CSS MAYOTTE","feature_role":"zone","svg":"075_Mayotte.svg","source":"Canvas utilisateur + SVG exact","flat_map":true},"geometry":{"type":"Polygon","coordinates":[[[-8.691953579287594,47.90080872027393],[-8.75421339071501,47.855867784226625],[-8.779023857865951,47.81111026400876],[-8.853642174158827,47.730399994953075],[-8.85342410684543,47.66791065475555],[-8.828395572381094,47.65017883477588],[-8.82833326743441,47.63232473757659],[-8.765606168906858,47.5433599446292],[-8.765543863960174,47.52550584742991],[-8.702972527799334,47.48117629748075],[-8.602951847362018,47.43703016336103],[-8.440671355497281,47.43782496528863],[-8.390863506355347,47.47377771412646],[-8.291497027858217,47.61709960059931],[-8.279200827939444,47.670723030807004],[-8.30435397229715,47.72416304518524],[-8.3670810708247,47.81312783813263],[-8.367143375771384,47.83098193533193],[-8.417200444700057,47.86644557529125],[-8.429652406985541,47.85745738808179],[-8.529673087422859,47.90160352220151],[-8.691953579287594,47.90080872027393]]]}}]}