{"type":"FeatureCollection","name":"Carte France CPAM fidèle au modèle Canvas + points de libellés","description":"Polygones CPAM et points de libellés dans une même collection.","features":[{"type":"Feature","properties":{"id":"CCSS LOZERE","name":"CCSS LOZERE","title":"CCSS LOZERE","label":"CCSS LOZERE","nom_court":"LOZERE","organisme":"CCSS LOZERE","type_zone":"zone_cpam","svg":"069_Lozere.svg","source_svg":"https://raw.githubusercontent.com/brenda-ramirez-santillan/carte-fr/refs/heads/main/069_Lozere.svg","canvas_element":"svg_069_lozere","canvas_left":738,"canvas_top":552,"canvas_width":64.57500457763672,"canvas_height":78.75,"label_longitude":3.525014,"label_latitude":44.510449,"centroid_longitude":3.498596,"centroid_latitude":44.489294,"fill":"#D9D9D9","stroke":"#A6A6A6","stroke_width":1,"modele":"Canvas utilisateur - geometrie issue des SVG et placement Canvas; conversion affine approximative vers WGS84"},"geometry":{"type":"Polygon","coordinates":[[[2.953941,44.62149],[2.989801,44.694691],[3.002975,44.712017],[3.005513,44.732575],[3.023243,44.749649],[3.023207,44.790686],[3.047685,44.822415],[3.07714,44.821997],[3.070929,44.843265],[3.083274,44.878309],[3.120664,44.895998],[3.146972,44.865463],[3.16415,44.854321],[3.199507,44.866455],[3.221214,44.880255],[3.213191,44.902731],[3.234827,44.910224],[3.228573,44.928497],[3.272999,44.921146],[3.286541,44.934154],[3.327499,44.952659],[3.352052,44.969187],[3.378442,44.94956],[3.397554,44.953519],[3.409513,44.924093],[3.403823,44.912686],[3.430603,44.873096],[3.437102,44.845603],[3.455086,44.830564],[3.475596,44.798648],[3.504377,44.81378],[3.540218,44.818539],[3.591948,44.816913],[3.601415,44.851997],[3.597454,44.868821],[3.631219,44.874087],[3.661133,44.867845],[3.679058,44.835308],[3.676183,44.819949],[3.732826,44.822459],[3.755466,44.829774],[3.76421,44.812021],[3.81679,44.771215],[3.859257,44.756058],[3.85269,44.735063],[3.88001,44.730986],[3.888042,44.662292],[3.914243,44.633027],[3.913296,44.597783],[3.928667,44.585989],[3.944843,44.549314],[3.971354,44.550506],[4.006226,44.48953],[4.012616,44.444767],[4.023718,44.431091],[4.000705,44.411204],[3.984952,44.382404],[3.967354,44.367082],[3.929015,44.370124],[3.905924,44.354538],[3.93424,44.334049],[3.967972,44.281952],[3.945091,44.267129],[3.959213,44.254794],[3.958566,44.234952],[3.9809,44.23194],[3.998152,44.211687],[3.969837,44.20075],[3.974108,44.18085],[3.962159,44.149184],[3.984448,44.146726],[3.976868,44.125035],[3.916251,44.100409],[3.89232,44.080263],[3.840057,44.087756],[3.813361,44.078306],[3.776954,44.100779],[3.738163,44.116932],[3.717785,44.117314],[3.693843,44.133921],[3.66679,44.126194],[3.645473,44.12872],[3.640737,44.070936],[3.614006,44.065305],[3.572929,44.072019],[3.549944,44.062659],[3.507156,44.075626],[3.481464,44.073105],[3.4376,44.078272],[3.428166,44.098226],[3.367944,44.122017],[3.351178,44.150665],[3.308575,44.152925],[3.285096,44.159898],[3.227649,44.142573],[3.19219,44.141447],[3.211543,44.165528],[3.210696,44.183972],[3.163867,44.200286],[3.143651,44.199907],[3.136255,44.229926],[3.105215,44.215508],[3.106249,44.241059],[3.136694,44.26651],[3.115039,44.289644],[3.099755,44.325299],[3.102122,44.351383],[3.121971,44.355581],[3.107343,44.378097],[3.123079,44.393519],[3.116151,44.420983],[3.095674,44.443216],[3.079333,44.447819],[3.045295,44.471874],[3.061444,44.531367],[3.053311,44.5461],[3.008278,44.571199],[2.986238,44.597554],[2.953941,44.62149]]]}},{"type":"Feature","properties":{"id":"CPAM AIN","name":"CPAM AIN","title":"CPAM AIN","label":"CPAM AIN","nom_court":"AIN","organisme":"CPAM AIN","type_zone":"zone_cpam","svg":"001_Ain.svg","source_svg":"https://raw.githubusercontent.com/brenda-ramirez-santillan/carte-fr/refs/heads/main/001_Ain.svg","canvas_element":"svg_001_ain","canvas_left":843,"canvas_top":416,"canvas_width":91.5,"canvas_height":82.75,"label_longitude":5.267169,"label_latitude":46.061174,"centroid_longitude":5.338262,"centroid_latitude":46.10808,"fill":"#D9D9D9","stroke":"#A6A6A6","stroke_width":1,"modele":"Canvas utilisateur - geometrie issue des SVG et placement Canvas; conversion affine approximative vers WGS84"},"geometry":{"type":"Polygon","coordinates":[[[4.687717,45.944811],[4.714355,45.969478],[4.705003,46.035602],[4.698756,46.045899],[4.721541,46.071718],[4.707503,46.096291],[4.758875,46.147961],[4.764011,46.165122],[4.740624,46.185947],[4.755573,46.230096],[4.769366,46.249903],[4.77269,46.274216],[4.788358,46.290027],[4.794457,46.313448],[4.816352,46.346694],[4.81487,46.3764],[4.853342,46.426023],[4.857009,46.465138],[4.882122,46.492248],[4.881792,46.517144],[4.902771,46.544015],[4.975027,46.540335],[4.999768,46.522633],[5.029949,46.512569],[5.083485,46.521279],[5.114823,46.539856],[5.152058,46.544406],[5.182012,46.539021],[5.196807,46.496907],[5.239709,46.479724],[5.297292,46.474541],[5.306758,46.457701],[5.285056,46.438407],[5.329906,46.427108],[5.365887,46.404455],[5.363795,46.374816],[5.393823,46.361003],[5.418893,46.361011],[5.431571,46.33586],[5.462171,46.34464],[5.470852,46.335909],[5.451746,46.292943],[5.468838,46.283071],[5.51847,46.282351],[5.541351,46.288861],[5.566835,46.314229],[5.599469,46.317687],[5.620635,46.351586],[5.653937,46.362754],[5.691081,46.332698],[5.722781,46.330564],[5.723183,46.302025],[5.73397,46.279773],[5.776496,46.287992],[5.865047,46.281836],[5.895,46.289574],[5.912038,46.308033],[5.927106,46.305303],[5.936541,46.332068],[5.961157,46.332457],[6.005346,46.388678],[6.05352,46.414794],[6.089676,46.446106],[6.125651,46.438405],[6.201031,46.395539],[6.15027,46.337893],[6.148341,46.317982],[6.130774,46.307473],[6.153623,46.271549],[6.130026,46.25712],[6.115722,46.266919],[6.057857,46.2573],[6.025774,46.239064],[6.00043,46.234752],[5.984976,46.213517],[6.014979,46.202717],[5.977218,46.144811],[5.941681,46.143989],[5.910341,46.130084],[5.900755,46.094516],[5.871814,46.096329],[5.847172,46.116558],[5.825324,46.087262],[5.8208,46.050631],[5.826556,46.029651],[5.823772,45.993459],[5.849486,45.974779],[5.84667,45.939234],[5.843945,45.908354],[5.817997,45.851374],[5.800398,45.802416],[5.792786,45.752391],[5.797184,45.733503],[5.769124,45.695708],[5.713855,45.697755],[5.71838,45.668292],[5.696062,45.652411],[5.698377,45.631614],[5.66722,45.621067],[5.629701,45.593983],[5.607382,45.634363],[5.590237,45.650738],[5.554787,45.664124],[5.578937,45.676839],[5.547089,45.699761],[5.526187,45.702976],[5.516208,45.719358],[5.480677,45.742824],[5.454161,45.770643],[5.417329,45.798318],[5.430359,45.823556],[5.407346,45.845805],[5.341924,45.878813],[5.319154,45.857389],[5.290522,45.840389],[5.276886,45.801663],[5.253804,45.778531],[5.205709,45.756153],[5.174628,45.759424],[5.159155,45.782426],[5.141748,45.791685],[5.079356,45.80309],[5.020175,45.801054],[4.987252,45.793828],[4.934271,45.799834],[4.887234,45.795426],[4.884759,45.836085],[4.869025,45.85176],[4.877185,45.866372],[4.850668,45.872478],[4.847317,45.890638],[4.812917,45.907194],[4.767912,45.889362],[4.768546,45.916075],[4.750329,45.918522],[4.732609,45.934589],[4.696408,45.933287],[4.687717,45.944811]]]}},{"type":"Feature","properties":{"id":"CPAM AISNE","name":"CPAM AISNE","title":"CPAM AISNE","label":"CPAM AISNE","nom_court":"AISNE","organisme":"CPAM AISNE","type_zone":"zone_cpam","svg":"002_Aisne.svg","source_svg":"https://raw.githubusercontent.com/brenda-ramirez-santillan/carte-fr/refs/heads/main/002_Aisne.svg","canvas_element":"svg_002_aisne","canvas_left":735,"canvas_top":107,"canvas_width":82.375,"canvas_height":112.95000457763672,"label_longitude":3.551039,"label_latitude":49.453058,"centroid_longitude":3.518961,"centroid_latitude":49.560457,"fill":"#D9D9D9","stroke":"#A6A6A6","stroke_width":1,"modele":"Canvas utilisateur - geometrie issue des SVG et placement Canvas; conversion affine approximative vers WGS84"},"geometry":{"type":"Polygon","coordinates":[[[2.888286,49.202649],[2.934714,49.21299],[2.956674,49.192832],[2.973664,49.205462],[2.958873,49.23875],[2.968578,49.267641],[2.911588,49.278725],[2.89426,49.30406],[2.932993,49.323398],[2.976548,49.31679],[3.009933,49.333249],[3.012018,49.356844],[3.028561,49.361247],[3.03671,49.428997],[3.069729,49.42118],[3.102045,49.430722],[3.099837,49.442296],[3.043519,49.459632],[3.058359,49.486634],[3.032028,49.512134],[3.058134,49.515528],[3.068894,49.539284],[3.064052,49.570655],[3.077542,49.574106],[3.058716,49.60313],[3.02875,49.622884],[3.048889,49.632277],[3.033043,49.659026],[3.051793,49.667916],[3.054546,49.7113],[3.028431,49.76524],[2.995743,49.792154],[3.020134,49.802205],[3.012356,49.834329],[2.988347,49.844025],[3.019452,49.857024],[3.017281,49.880899],[3.05562,49.900024],[3.053314,49.93176],[3.088489,49.961987],[3.114954,50.007126],[3.098671,50.018526],[3.110779,50.034739],[3.141933,50.041373],[3.171364,50.056915],[3.223481,50.039391],[3.283346,50.041702],[3.299956,50.061659],[3.348252,50.06071],[3.379134,50.047429],[3.444784,50.044405],[3.462041,50.062348],[3.484618,50.06501],[3.499424,50.081729],[3.525121,50.081166],[3.560357,50.067228],[3.57406,50.051936],[3.625179,50.066687],[3.628737,50.083235],[3.680656,50.098874],[3.713513,50.082453],[3.767306,50.077197],[3.786584,50.0674],[3.807417,50.077316],[3.8562,50.061376],[3.878717,50.045594],[3.969229,50.070728],[3.974741,50.054017],[3.958759,50.03008],[3.994132,50.011914],[4.040037,50.011891],[4.072091,49.994867],[4.128586,50.00527],[4.161718,50.003649],[4.187733,49.993883],[4.186537,49.981149],[4.225684,49.983514],[4.209026,49.937967],[4.249574,49.925905],[4.242449,49.876708],[4.216074,49.852603],[4.206372,49.822931],[4.219458,49.809145],[4.199414,49.796409],[4.231677,49.782106],[4.240847,49.768809],[4.221033,49.75688],[4.217644,49.739462],[4.182497,49.727705],[4.175592,49.709228],[4.133107,49.698138],[4.115118,49.686804],[4.112576,49.656816],[4.082403,49.634969],[4.049343,49.643137],[4.025886,49.635448],[4.0148,49.618967],[4.06246,49.573527],[4.043313,49.553766],[4.06199,49.540347],[4.063407,49.524917],[4.024996,49.507092],[4.02689,49.464942],[4.04291,49.446485],[4.022051,49.432703],[4.033,49.398239],[4.024561,49.389463],[4.020049,49.349768],[3.996122,49.347945],[3.977352,49.368601],[3.94199,49.367843],[3.903952,49.39965],[3.875543,49.384348],[3.840475,49.39697],[3.811941,49.386586],[3.831633,49.371337],[3.822968,49.353046],[3.796085,49.34556],[3.748848,49.344105],[3.711797,49.323501],[3.666305,49.318449],[3.608551,49.29781],[3.622691,49.274918],[3.620628,49.245088],[3.637038,49.220556],[3.62849,49.188117],[3.664834,49.184585],[3.672589,49.159112],[3.694753,49.150903],[3.721768,49.15546],[3.719333,49.133634],[3.669825,49.118579],[3.651072,49.130554],[3.619139,49.124265],[3.586333,49.126656],[3.573939,49.110078],[3.575475,49.091654],[3.604264,49.052878],[3.550352,49.029419],[3.550351,49.002345],[3.613535,49.010686],[3.630598,49.006435],[3.645565,48.984915],[3.631997,48.972913],[3.604243,48.969237],[3.585351,48.930681],[3.55477,48.924635],[3.565776,48.908484],[3.53686,48.901951],[3.536296,48.883388],[3.488735,48.873263],[3.467514,48.85016],[3.443339,48.8093],[3.417651,48.795976],[3.408669,48.813765],[3.35859,48.82155],[3.333155,48.832944],[3.335558,48.847755],[3.318127,48.883752],[3.280279,48.86861],[3.262122,48.881758],[3.253264,48.910872],[3.214502,48.899643],[3.197548,48.935577],[3.173663,48.952458],[3.109543,48.982042],[3.123604,49.028877],[3.093832,49.052461],[3.106018,49.069845],[3.075386,49.077856],[3.041507,49.078198],[3.007801,49.088314],[3.029415,49.100317],[3.031317,49.114345],[3.07893,49.125733],[3.059653,49.135154],[3.054819,49.164468],[3.039923,49.172829],[2.992504,49.172662],[2.984416,49.184728],[2.932397,49.189627],[2.93451,49.162318],[2.898041,49.166186],[2.901012,49.190177],[2.888286,49.202649]]]}},{"type":"Feature","properties":{"id":"CPAM ALLIER","name":"CPAM ALLIER","title":"CPAM ALLIER","label":"CPAM ALLIER","nom_court":"ALLIER","organisme":"CPAM ALLIER","type_zone":"zone_cpam","svg":"003_Allier.svg","source_svg":"https://raw.githubusercontent.com/brenda-ramirez-santillan/carte-fr/refs/heads/main/003_Allier.svg","canvas_element":"svg_003_allier","canvas_left":694,"canvas_top":392,"canvas_width":109.0999984741211,"canvas_height":80.1500015258789,"label_longitude":3.135327,"label_latitude":46.350966,"centroid_longitude":3.173203,"centroid_latitude":46.377928,"fill":"#D9D9D9","stroke":"#A6A6A6","stroke_width":1,"modele":"Canvas utilisateur - geometrie issue des SVG et placement Canvas; conversion affine approximative vers WGS84"},"geometry":{"type":"Polygon","coordinates":[[[2.219258,46.401803],[2.224085,46.43685],[2.24474,46.460134],[2.293572,46.499277],[2.310689,46.505946],[2.391893,46.508052],[2.431221,46.521619],[2.448296,46.50964],[2.479281,46.518455],[2.487787,46.508153],[2.564694,46.540727],[2.555351,46.583029],[2.530917,46.597309],[2.550464,46.632771],[2.524643,46.656151],[2.551536,46.661797],[2.579074,46.653443],[2.604171,46.687713],[2.660636,46.729081],[2.674049,46.746843],[2.698023,46.745558],[2.720659,46.718745],[2.75481,46.735574],[2.793077,46.737702],[2.879361,46.78473],[2.877578,46.793764],[2.931996,46.810933],[3.007926,46.801819],[3.025945,46.762949],[3.062706,46.741497],[3.110969,46.730705],[3.146207,46.695262],[3.182148,46.68104],[3.201373,46.684274],[3.258307,46.720353],[3.291057,46.720051],[3.304885,46.690978],[3.339346,46.686557],[3.360075,46.6939],[3.382405,46.718928],[3.431219,46.716091],[3.43006,46.69645],[3.451968,46.686823],[3.44527,46.665011],[3.453691,46.653248],[3.488668,46.661657],[3.525799,46.689141],[3.549507,46.681112],[3.563827,46.692977],[3.553487,46.720875],[3.581813,46.719942],[3.603544,46.72971],[3.579987,46.756601],[3.636506,46.756822],[3.645583,46.712173],[3.659797,46.707597],[3.6784,46.676681],[3.707872,46.663156],[3.723957,46.634722],[3.725853,46.613958],[3.74534,46.604448],[3.756775,46.562812],[3.744678,46.545915],[3.755552,46.535319],[3.782486,46.534915],[3.818646,46.514883],[3.852524,46.526927],[3.858626,46.512604],[3.884827,46.504429],[3.881893,46.485748],[3.912116,46.474452],[3.942046,46.490273],[3.983053,46.483796],[4.025336,46.458307],[4.015024,46.42652],[4.023435,46.418018],[4.00367,46.388134],[4.018915,46.356908],[4.013863,46.303524],[3.975512,46.304824],[3.973011,46.286671],[3.937091,46.279328],[3.922412,46.257283],[3.899544,46.257208],[3.89043,46.244242],[3.822911,46.234536],[3.820676,46.217226],[3.784428,46.216328],[3.80772,46.187967],[3.808304,46.160075],[3.826398,46.135891],[3.807366,46.128667],[3.821006,46.081638],[3.841407,46.058103],[3.825846,46.029772],[3.82567,46.01321],[3.84858,45.964519],[3.843784,45.951665],[3.795689,45.934971],[3.757055,45.928658],[3.722978,45.936721],[3.707229,45.910939],[3.707477,45.891101],[3.689224,45.919921],[3.651902,45.926666],[3.609774,45.979854],[3.546537,45.979665],[3.539485,45.987222],[3.483468,45.977776],[3.469252,45.988328],[3.454076,46.030611],[3.43252,46.027717],[3.417677,46.041544],[3.379746,46.031319],[3.363691,46.020138],[3.327003,46.020661],[3.272542,46.031986],[3.222698,46.029229],[3.202516,46.041174],[3.1695,46.040559],[3.152084,46.031128],[3.11162,46.036989],[3.081768,46.061698],[3.07205,46.082413],[3.027343,46.067157],[2.994082,46.069248],[2.970126,46.091649],[2.946977,46.089467],[2.916296,46.138795],[2.882992,46.148025],[2.89237,46.162406],[2.885218,46.1833],[2.909489,46.194993],[2.910115,46.21743],[2.861867,46.228452],[2.806046,46.225833],[2.785468,46.205874],[2.790103,46.192412],[2.776825,46.167373],[2.752107,46.169828],[2.694812,46.195363],[2.682771,46.182882],[2.692978,46.166841],[2.677579,46.149263],[2.637199,46.141879],[2.635238,46.123943],[2.614033,46.092352],[2.598708,46.084269],[2.519396,46.109853],[2.513414,46.14192],[2.479969,46.155464],[2.466939,46.20896],[2.441593,46.220363],[2.426053,46.243036],[2.429876,46.255377],[2.390123,46.269978],[2.367348,46.258893],[2.366332,46.285868],[2.336168,46.306724],[2.313744,46.288252],[2.297295,46.301979],[2.263757,46.305621],[2.242334,46.332108],[2.263945,46.345024],[2.223321,46.365755],[2.219258,46.401803]]]}},{"type":"Feature","properties":{"id":"CPAM ALPES-DE-HAUTE-PROVENCE","name":"CPAM ALPES-DE-HAUTE-PROVENCE","title":"CPAM ALPES-DE-HAUTE-PROVENCE","label":"CPAM ALPES-DE-HAUTE-PROVENCE","nom_court":"ALPES-DE-HAUTE-PROVENCE","organisme":"CPAM ALPES-DE-HAUTE-PROVENCE","type_zone":"zone_cpam","svg":"004_Alpes-de-Haute-Provence.svg","source_svg":"https://raw.githubusercontent.com/brenda-ramirez-santillan/carte-fr/refs/heads/main/004_Alpes-de-Haute-Provence.svg","canvas_element":"svg_004_alpesdehauteprovence","canvas_left":888,"canvas_top":578,"canvas_width":93,"canvas_height":91.0250015258789,"label_longitude":6.144118,"label_latitude":44.161511,"centroid_longitude":6.224323,"centroid_latitude":44.098231,"fill":"#D9D9D9","stroke":"#A6A6A6","stroke_width":1,"modele":"Canvas utilisateur - geometrie issue des SVG et placement Canvas; conversion affine approximative vers WGS84"},"geometry":{"type":"Polygon","coordinates":[[[5.439166,44.104337],[5.482925,44.122004],[5.494314,44.140669],[5.527574,44.149119],[5.507955,44.163069],[5.520317,44.181275],[5.555453,44.181584],[5.587109,44.159953],[5.578838,44.142751],[5.628221,44.137402],[5.632484,44.155548],[5.594874,44.158616],[5.599653,44.18329],[5.625358,44.185378],[5.642268,44.180216],[5.665176,44.193859],[5.70888,44.205654],[5.731007,44.20081],[5.750839,44.2093],[5.785792,44.195928],[5.870759,44.185551],[5.876438,44.1993],[5.841753,44.207143],[5.818715,44.243104],[5.783547,44.261362],[5.780607,44.278697],[5.806361,44.301921],[5.836539,44.289451],[5.839775,44.270637],[5.87464,44.247207],[5.874366,44.267953],[5.887459,44.310595],[5.856397,44.3211],[5.899652,44.364424],[5.916687,44.40229],[5.942016,44.415432],[5.986775,44.429089],[5.992957,44.444549],[6.041422,44.463237],[6.048972,44.488092],[6.087173,44.488216],[6.128886,44.474123],[6.129638,44.453117],[6.147862,44.450489],[6.205566,44.389566],[6.219721,44.392971],[6.241513,44.42207],[6.213603,44.473993],[6.241672,44.47842],[6.273872,44.494911],[6.305082,44.476969],[6.321385,44.486584],[6.331439,44.51335],[6.314689,44.525865],[6.340849,44.539378],[6.384619,44.509446],[6.397714,44.484975],[6.421052,44.486725],[6.45122,44.476247],[6.458944,44.464474],[6.526242,44.465506],[6.541074,44.460062],[6.630436,44.460656],[6.642218,44.503941],[6.668316,44.517338],[6.681238,44.560504],[6.702523,44.558457],[6.74038,44.572972],[6.771556,44.609543],[6.806211,44.628006],[6.862941,44.639414],[6.867358,44.653513],[6.890476,44.655672],[6.926519,44.687075],[6.962135,44.682288],[6.976974,44.652487],[6.962319,44.642754],[6.945952,44.616492],[6.945255,44.595342],[6.925551,44.580529],[6.886461,44.57117],[6.863381,44.548797],[6.875763,44.512753],[6.89298,44.494062],[6.918656,44.483162],[6.923712,44.467862],[6.951153,44.45372],[6.951125,44.444007],[6.90466,44.434349],[6.908649,44.385173],[6.899154,44.371102],[6.866301,44.351798],[6.848983,44.355112],[6.819765,44.34021],[6.803226,44.323073],[6.793074,44.293809],[6.768475,44.283683],[6.764503,44.265704],[6.727827,44.252193],[6.721828,44.21115],[6.688507,44.167109],[6.708553,44.140973],[6.710828,44.119827],[6.741443,44.096469],[6.761177,44.071538],[6.751332,44.033486],[6.80412,43.996004],[6.849284,43.97789],[6.860357,43.941807],[6.888082,43.939048],[6.897152,43.920557],[6.927743,43.912944],[6.958019,43.880293],[6.897923,43.87169],[6.889481,43.881677],[6.841108,43.902356],[6.813345,43.894206],[6.789596,43.865265],[6.75469,43.852527],[6.700947,43.854362],[6.702492,43.834849],[6.680613,43.830241],[6.670203,43.808992],[6.707847,43.800606],[6.710395,43.785366],[6.642541,43.771335],[6.637162,43.764406],[6.619826,43.781839],[6.583383,43.776373],[6.555667,43.758971],[6.519665,43.782261],[6.474807,43.765856],[6.42927,43.772693],[6.403642,43.766063],[6.402771,43.733007],[6.371365,43.705412],[6.343397,43.70732],[6.311566,43.718022],[6.244258,43.755002],[6.235059,43.774594],[6.191092,43.772218],[6.166031,43.748672],[6.160155,43.733738],[6.11598,43.707613],[6.076857,43.706917],[6.049281,43.676048],[6.006022,43.661003],[6.009127,43.644897],[5.990982,43.633542],[5.973312,43.654099],[5.955316,43.66171],[5.952614,43.6817],[5.922091,43.687299],[5.90265,43.699025],[5.902286,43.719834],[5.866298,43.720929],[5.864273,43.701292],[5.809213,43.687659],[5.786739,43.716972],[5.737749,43.724768],[5.712595,43.696868],[5.703948,43.708615],[5.671559,43.723877],[5.666173,43.749654],[5.635807,43.759029],[5.625146,43.778928],[5.604,43.797611],[5.575835,43.803632],[5.519976,43.802686],[5.488379,43.789734],[5.493153,43.824909],[5.518354,43.839318],[5.553147,43.893688],[5.525228,43.903967],[5.502993,43.921429],[5.488426,43.917623],[5.453789,43.924806],[5.45012,43.939431],[5.459908,43.971514],[5.486674,44.009586],[5.487527,44.056079],[5.443408,44.049035],[5.439166,44.104337]]]}},{"type":"Feature","properties":{"id":"CPAM ALPES-MARITIMES","name":"CPAM ALPES-MARITIMES","title":"CPAM ALPES-MARITIMES","label":"CPAM ALPES-MARITIMES","nom_court":"ALPES-MARITIMES","organisme":"CPAM ALPES-MARITIMES","type_zone":"zone_cpam","svg":"005_Alpes-Maritimes.svg","source_svg":"https://raw.githubusercontent.com/brenda-ramirez-santillan/carte-fr/refs/heads/main/005_Alpes-Maritimes.svg","canvas_element":"svg_005_alpesmaritimes","canvas_left":957,"canvas_top":605,"canvas_width":68.57500457763672,"canvas_height":80.9000015258789,"label_longitude":7.217462,"label_latitude":43.912083,"centroid_longitude":7.087334,"centroid_latitude":43.930058,"fill":"#D9D9D9","stroke":"#A6A6A6","stroke_width":1,"modele":"Canvas utilisateur - geometrie issue des SVG et placement Canvas; conversion affine approximative vers WGS84"},"geometry":{"type":"Polygon","coordinates":[[[6.58271,43.768841],[6.588079,43.775776],[6.655923,43.789794],[6.653384,43.805043],[6.615729,43.813426],[6.626156,43.834676],[6.648018,43.839286],[6.646486,43.858792],[6.700204,43.856966],[6.735118,43.869694],[6.758859,43.898637],[6.786623,43.90679],[6.834982,43.886107],[6.843429,43.876126],[6.903504,43.884728],[6.873235,43.917376],[6.842656,43.924992],[6.833577,43.943482],[6.805854,43.946246],[6.794796,43.982326],[6.749624,44.000433],[6.696849,44.037913],[6.706707,44.07597],[6.686968,44.100905],[6.656356,44.124257],[6.654079,44.145409],[6.634041,44.171545],[6.667345,44.215572],[6.673345,44.256621],[6.710026,44.270132],[6.713994,44.288107],[6.738595,44.29824],[6.748744,44.327508],[6.765284,44.34463],[6.794489,44.359541],[6.811814,44.356222],[6.844649,44.375533],[6.881654,44.364797],[6.885812,44.347906],[6.921719,44.32279],[6.916866,44.308175],[6.956456,44.291252],[6.960446,44.260703],[6.971992,44.244286],[7.004418,44.231002],[7.0374,44.240953],[7.081634,44.224612],[7.112018,44.207476],[7.131662,44.213082],[7.177641,44.190644],[7.193981,44.173961],[7.21308,44.17976],[7.225264,44.163077],[7.258717,44.144894],[7.321927,44.14993],[7.341022,44.120926],[7.373036,44.128113],[7.41289,44.120653],[7.416145,44.131513],[7.447748,44.129429],[7.49583,44.148665],[7.549519,44.152396],[7.570908,44.158813],[7.610259,44.155602],[7.642251,44.185629],[7.683829,44.181721],[7.669462,44.160199],[7.665644,44.138682],[7.673455,44.122368],[7.716943,44.085328],[7.715259,44.066963],[7.700567,44.040815],[7.663753,44.029932],[7.669355,43.995886],[7.651028,43.970793],[7.60639,43.949718],[7.592354,43.951122],[7.567231,43.931171],[7.553669,43.906398],[7.552984,43.888243],[7.502619,43.872092],[7.485777,43.850876],[7.510291,43.788571],[7.522824,43.772495],[7.480882,43.750222],[7.465912,43.732789],[7.448849,43.742495],[7.399023,43.715104],[7.400068,43.704928],[7.359952,43.697078],[7.344846,43.702029],[7.320555,43.690722],[7.308906,43.674201],[7.278177,43.663451],[7.265477,43.672049],[7.222,43.666606],[7.203231,43.63781],[7.182856,43.620127],[7.170279,43.633061],[7.131703,43.628565],[7.112231,43.609685],[7.095298,43.559016],[7.094087,43.528534],[7.072497,43.540259],[7.037074,43.530521],[7.024909,43.515993],[6.981643,43.518839],[6.939041,43.513577],[6.915798,43.501437],[6.901344,43.481975],[6.918622,43.469715],[6.910625,43.448131],[6.896596,43.443514],[6.844448,43.467032],[6.857141,43.49315],[6.8394,43.501743],[6.868325,43.541683],[6.869114,43.569319],[6.847955,43.578036],[6.796229,43.584346],[6.768909,43.602083],[6.754066,43.59955],[6.736679,43.626957],[6.714019,43.639898],[6.728168,43.668458],[6.719916,43.696777],[6.706114,43.715709],[6.670225,43.715505],[6.651207,43.732268],[6.631541,43.736264],[6.604974,43.726373],[6.58271,43.768841]]]}},{"type":"Feature","properties":{"id":"CPAM ARDECHE","name":"CPAM ARDECHE","title":"CPAM ARDECHE","label":"CPAM ARDECHE","nom_court":"ARDECHE","organisme":"CPAM ARDECHE","type_zone":"zone_cpam","svg":"006_Ardeche.svg","source_svg":"https://raw.githubusercontent.com/brenda-ramirez-santillan/carte-fr/refs/heads/main/006_Ardeche.svg","canvas_element":"svg_006_ardeche","canvas_left":791,"canvas_top":517,"canvas_width":65,"canvas_height":101.0999984741211,"label_longitude":4.39888,"label_latitude":44.796146,"centroid_longitude":4.42388,"centroid_latitude":44.729667,"fill":"#D9D9D9","stroke":"#A6A6A6","stroke_width":1,"modele":"Canvas utilisateur - geometrie issue des SVG et placement Canvas; conversion affine approximative vers WGS84"},"geometry":{"type":"Polygon","coordinates":[[[3.831084,44.716808],[3.859453,44.725522],[3.891233,44.749643],[3.909235,44.77175],[3.917053,44.801217],[3.963288,44.791075],[4.005202,44.813137],[3.996528,44.82542],[4.010855,44.852287],[4.04709,44.848679],[4.084322,44.859217],[4.139465,44.85534],[4.164446,44.870247],[4.174848,44.898749],[4.202799,44.91939],[4.208089,44.94881],[4.23951,44.946413],[4.302684,44.960319],[4.279627,44.987223],[4.287344,45.008128],[4.30563,45.022792],[4.330633,45.018592],[4.373352,45.02882],[4.372178,45.047967],[4.352813,45.049364],[4.338642,45.064068],[4.366266,45.101416],[4.395312,45.113406],[4.363698,45.128385],[4.370307,45.143295],[4.44353,45.130244],[4.444852,45.161463],[4.471139,45.180885],[4.475999,45.213053],[4.488921,45.228995],[4.482077,45.241299],[4.542475,45.239801],[4.568695,45.253899],[4.607497,45.258062],[4.595021,45.280567],[4.603334,45.298025],[4.626937,45.29997],[4.619981,45.319637],[4.688891,45.358515],[4.710222,45.358083],[4.736895,45.375212],[4.768616,45.379457],[4.786076,45.368101],[4.774378,45.35298],[4.783455,45.326974],[4.815674,45.308456],[4.825134,45.299485],[4.825393,45.268298],[4.818135,45.232868],[4.82872,45.208977],[4.820602,45.198068],[4.830066,45.165714],[4.846287,45.158676],[4.82046,45.133686],[4.820535,45.12178],[4.844649,45.100951],[4.849285,45.067233],[4.879946,45.051678],[4.85856,45.030777],[4.855865,44.997967],[4.870205,44.987331],[4.879674,44.956888],[4.896037,44.945691],[4.906509,44.923991],[4.877516,44.890516],[4.879268,44.857285],[4.860329,44.826343],[4.839627,44.822081],[4.81246,44.774438],[4.776016,44.750911],[4.77821,44.696294],[4.797556,44.656963],[4.790317,44.616116],[4.755033,44.571624],[4.755891,44.557217],[4.723407,44.549415],[4.70467,44.522166],[4.720185,44.495724],[4.704497,44.479138],[4.702401,44.453743],[4.711885,44.443676],[4.71167,44.412579],[4.678854,44.389515],[4.675817,44.355923],[4.659687,44.327824],[4.661598,44.282687],[4.664703,44.253379],[4.660355,44.219768],[4.648558,44.233062],[4.627632,44.228275],[4.615664,44.240835],[4.563153,44.255047],[4.549973,44.272575],[4.506612,44.291924],[4.458544,44.294218],[4.451757,44.286728],[4.449024,44.246519],[4.432617,44.236257],[4.397054,44.238156],[4.388383,44.253039],[4.401333,44.285746],[4.383733,44.299117],[4.363001,44.291478],[4.330695,44.291354],[4.315656,44.274841],[4.280673,44.264791],[4.281784,44.242101],[4.269283,44.222491],[4.249735,44.211862],[4.231281,44.217398],[4.203785,44.239028],[4.173718,44.248434],[4.164224,44.267634],[4.127566,44.262654],[4.110516,44.288376],[4.052572,44.27706],[4.031388,44.266389],[4.015992,44.280551],[4.033374,44.289607],[4.032765,44.331347],[4.048937,44.359388],[4.027173,44.372994],[4.016344,44.402207],[3.974807,44.416892],[3.963706,44.430574],[3.957307,44.47534],[3.922432,44.536323],[3.895921,44.535132],[3.879747,44.571811],[3.864372,44.583607],[3.865314,44.618844],[3.839114,44.648121],[3.831084,44.716808]]]}},{"type":"Feature","properties":{"id":"CPAM ARDENNES","name":"CPAM ARDENNES","title":"CPAM ARDENNES","label":"CPAM ARDENNES","nom_court":"ARDENNES","organisme":"CPAM ARDENNES","type_zone":"zone_cpam","svg":"007_Ardennes.svg","source_svg":"https://raw.githubusercontent.com/brenda-ramirez-santillan/carte-fr/refs/heads/main/007_Ardennes.svg","canvas_element":"svg_007_ardennes","canvas_left":800,"canvas_top":99,"canvas_width":86.5250015258789,"canvas_height":85.2750015258789,"label_longitude":4.64003,"label_latitude":49.704808,"centroid_longitude":4.603238,"centroid_latitude":49.619532,"fill":"#D9D9D9","stroke":"#A6A6A6","stroke_width":1,"modele":"Canvas utilisateur - geometrie issue des SVG et placement Canvas; conversion affine approximative vers WGS84"},"geometry":{"type":"Polygon","coordinates":[[[3.962999,49.614174],[3.974086,49.63065],[3.997553,49.638341],[4.030629,49.63017],[4.060807,49.652015],[4.063339,49.68201],[4.081336,49.69333],[4.123828,49.704426],[4.130725,49.722904],[4.165882,49.734662],[4.169272,49.752072],[4.1891,49.763991],[4.179929,49.777292],[4.147647,49.791599],[4.167715,49.804325],[4.154617,49.818106],[4.164312,49.847783],[4.1907,49.871879],[4.197822,49.921078],[4.157281,49.933144],[4.173925,49.978674],[4.252698,49.99152],[4.296511,49.973379],[4.327248,49.974472],[4.398817,49.958353],[4.435234,49.969479],[4.465536,49.968389],[4.497146,49.991068],[4.531966,50.004298],[4.638083,50.022092],[4.663757,50.082713],[4.646311,50.098498],[4.666553,50.126888],[4.718293,50.1443],[4.729575,50.170445],[4.794836,50.196521],[4.802954,50.189388],[4.852984,50.187599],[4.869178,50.169232],[4.843848,50.158172],[4.841583,50.129967],[4.82339,50.133838],[4.800467,50.07729],[4.812223,50.066292],[4.787694,50.042941],[4.789818,50.021264],[4.759599,49.994525],[4.760488,49.982235],[4.822859,49.969922],[4.831261,49.955597],[4.864064,49.93124],[4.824822,49.879505],[4.841544,49.857418],[4.841125,49.830029],[4.828886,49.806864],[4.908353,49.801417],[4.934815,49.816759],[4.97973,49.814954],[4.990395,49.79662],[5.047525,49.775723],[5.075906,49.779184],[5.10218,49.754303],[5.113408,49.72586],[5.15571,49.718275],[5.156134,49.703222],[5.200936,49.705191],[5.237556,49.695985],[5.262411,49.707565],[5.330624,49.663728],[5.306011,49.643628],[5.309475,49.619983],[5.342287,49.634107],[5.395483,49.624148],[5.38067,49.599999],[5.339134,49.59784],[5.309703,49.562565],[5.258185,49.543828],[5.226582,49.572947],[5.205839,49.577082],[5.153216,49.566289],[5.134052,49.594095],[5.106093,49.597318],[5.075957,49.542632],[5.087696,49.536635],[5.065761,49.509062],[5.04768,49.497642],[5.069938,49.481841],[5.09309,49.419652],[5.075154,49.399616],[5.09199,49.382108],[5.077106,49.361449],[5.045845,49.362563],[5.038749,49.347129],[5.010464,49.324714],[5.014122,49.298641],[5.034416,49.271284],[4.945498,49.230774],[4.931483,49.219512],[4.887867,49.247483],[4.838684,49.224001],[4.801031,49.217704],[4.78886,49.232552],[4.761002,49.223404],[4.714029,49.223321],[4.695682,49.234709],[4.652818,49.239197],[4.636359,49.222981],[4.599737,49.212876],[4.568441,49.252483],[4.556962,49.253507],[4.536769,49.280845],[4.500363,49.269632],[4.414476,49.260062],[4.371601,49.267821],[4.344899,49.280368],[4.327407,49.301341],[4.30353,49.300349],[4.279036,49.311864],[4.25365,49.312418],[4.236934,49.332657],[4.202649,49.349962],[4.191995,49.369741],[4.14254,49.371119],[4.129534,49.386838],[4.011658,49.389346],[3.981202,49.393463],[3.970252,49.42793],[3.99112,49.441711],[3.975082,49.460158],[3.973188,49.502305],[4.011617,49.520123],[4.010202,49.535564],[3.991517,49.548975],[4.010673,49.568732],[3.962999,49.614174]]]}},{"type":"Feature","properties":{"id":"CPAM ARIEGE","name":"CPAM ARIEGE","title":"CPAM ARIEGE","label":"CPAM ARIEGE","nom_court":"ARIEGE","organisme":"CPAM ARIEGE","type_zone":"zone_cpam","svg":"008_Ariege.svg","source_svg":"https://raw.githubusercontent.com/brenda-ramirez-santillan/carte-fr/refs/heads/main/008_Ariege.svg","canvas_element":"svg_008_ariege","canvas_left":607,"canvas_top":695,"canvas_width":85.7750015258789,"canvas_height":68.2750015258789,"label_longitude":1.401703,"label_latitude":42.922929,"centroid_longitude":1.503901,"centroid_latitude":42.894555,"fill":"#D9D9D9","stroke":"#A6A6A6","stroke_width":1,"modele":"Canvas utilisateur - geometrie issue des SVG et placement Canvas; conversion affine approximative vers WGS84"},"geometry":{"type":"Polygon","coordinates":[[[0.791152,42.883692],[0.810578,42.896139],[0.841036,42.89717],[0.853343,42.907002],[0.842312,42.929961],[0.881814,42.931862],[0.951882,42.948122],[0.975167,42.977812],[0.990844,42.986173],[0.959722,43.004306],[0.958484,43.041774],[0.978995,43.060655],[0.96387,43.073398],[0.992856,43.088993],[1.014254,43.081867],[1.036159,43.124554],[1.067766,43.125788],[1.112193,43.136721],[1.144045,43.11609],[1.157348,43.125336],[1.192949,43.101152],[1.20873,43.067485],[1.248614,43.073448],[1.246973,43.092141],[1.268834,43.094608],[1.279949,43.1081],[1.26191,43.129453],[1.203555,43.138459],[1.198295,43.148244],[1.229436,43.177091],[1.261393,43.184304],[1.309811,43.178051],[1.335069,43.199976],[1.366854,43.203358],[1.375634,43.218618],[1.358784,43.233012],[1.322545,43.240372],[1.320705,43.254785],[1.297195,43.256747],[1.280478,43.281889],[1.307277,43.289982],[1.313476,43.304309],[1.34056,43.311436],[1.405698,43.263352],[1.420346,43.248931],[1.4123,43.218491],[1.444251,43.20284],[1.46787,43.202083],[1.482729,43.217065],[1.503849,43.212039],[1.503589,43.241793],[1.487751,43.25122],[1.494767,43.287596],[1.517259,43.284166],[1.518526,43.262748],[1.548807,43.269773],[1.606199,43.259786],[1.64336,43.248867],[1.682686,43.276289],[1.697043,43.268256],[1.71007,43.254551],[1.709108,43.236867],[1.7345,43.216567],[1.719977,43.191161],[1.723738,43.175349],[1.755431,43.172445],[1.794496,43.148402],[1.840985,43.133808],[1.899536,43.12957],[1.91542,43.103298],[1.938847,43.120974],[1.972194,43.107888],[1.979025,43.070612],[1.96374,43.035903],[1.997376,43.029136],[2.009981,43.014863],[2.010562,42.9454],[1.959175,42.931404],[1.956503,42.915898],[2.005703,42.905825],[2.017735,42.879982],[2.006345,42.851697],[2.012593,42.843892],[1.969237,42.828006],[1.895845,42.823988],[1.88894,42.784111],[1.918291,42.776765],[1.940055,42.750144],[1.935485,42.724812],[1.975954,42.701595],[2.035196,42.699171],[2.08696,42.722799],[2.115067,42.718059],[2.118834,42.704749],[2.195984,42.66504],[2.212085,42.645725],[2.201817,42.625705],[2.161072,42.634382],[2.14438,42.627659],[2.076582,42.624738],[2.046925,42.61383],[2.023895,42.620751],[1.99808,42.575211],[1.976916,42.576335],[1.960121,42.562617],[1.929778,42.565869],[1.89537,42.536896],[1.853568,42.538949],[1.818093,42.526989],[1.802425,42.52821],[1.788753,42.535602],[1.739029,42.54561],[1.751618,42.567835],[1.694367,42.581898],[1.671695,42.576091],[1.645483,42.587402],[1.613086,42.584238],[1.59131,42.5906],[1.56674,42.611549],[1.552914,42.613904],[1.50261,42.602431],[1.480178,42.608915],[1.469073,42.58462],[1.477331,42.570364],[1.454687,42.556586],[1.438321,42.55804],[1.417236,42.581815],[1.41061,42.612224],[1.382917,42.629178],[1.384839,42.644097],[1.347749,42.659162],[1.351412,42.676128],[1.316745,42.684833],[1.267121,42.673977],[1.240503,42.675726],[1.214997,42.688072],[1.203279,42.680659],[1.145118,42.670389],[1.115017,42.689258],[1.109424,42.717123],[1.087167,42.734906],[1.048871,42.745496],[0.956776,42.7499],[0.932284,42.769434],[0.894124,42.753101],[0.825334,42.790153],[0.826948,42.803474],[0.808912,42.856579],[0.791152,42.883692]]]}},{"type":"Feature","properties":{"id":"CPAM ARTOIS","name":"CPAM ARTOIS","title":"CPAM ARTOIS","label":"CPAM ARTOIS","nom_court":"ARTOIS","organisme":"CPAM ARTOIS","type_zone":"decoupage_cpam_special","svg":"009_Artois.svg","source_svg":"https://raw.githubusercontent.com/brenda-ramirez-santillan/carte-fr/refs/heads/main/009_Artois.svg","canvas_element":"svg_009_artois","canvas_left":706,"canvas_top":54,"canvas_width":46.875,"canvas_height":58.150001525878906,"label_longitude":2.716582,"label_latitude":50.357056,"centroid_longitude":2.726497,"centroid_latitude":50.34876,"fill":"#D9D9D9","stroke":"#A6A6A6","stroke_width":1,"modele":"Canvas utilisateur - geometrie issue des SVG et placement Canvas; conversion affine approximative vers WGS84"},"geometry":{"type":"Polygon","coordinates":[[[2.404933,50.126819],[2.404732,50.1843],[2.405974,50.1845],[2.452696,50.201502],[2.441627,50.215432],[2.407086,50.23471],[2.404555,50.23512],[2.402978,50.687019],[2.403389,50.686961],[2.451355,50.663293],[2.490914,50.676011],[2.494555,50.662667],[2.523593,50.656537],[2.54663,50.671004],[2.592841,50.649928],[2.649492,50.665825],[2.680384,50.664462],[2.692841,50.646363],[2.726204,50.650882],[2.738277,50.698995],[2.780449,50.705225],[2.813355,50.691844],[2.844234,50.665056],[2.815551,50.662758],[2.777893,50.639006],[2.759627,50.613848],[2.779704,50.609832],[2.785369,50.578318],[2.773325,50.562914],[2.798635,50.553046],[2.856803,50.563958],[2.855314,50.543286],[2.875413,50.528226],[2.944487,50.540425],[2.998256,50.512852],[2.999452,50.472551],[3.02144,50.465576],[3.038929,50.479888],[3.062133,50.464682],[3.008427,50.429487],[2.971936,50.416302],[2.987134,50.386248],[3.070937,50.327863],[2.998484,50.298527],[3.00201,50.278038],[3.036591,50.291167],[3.122997,50.280581],[3.146208,50.256323],[3.180603,50.241146],[3.170689,50.230939],[3.132747,50.230926],[3.120853,50.209895],[3.146902,50.19343],[3.118402,50.174092],[3.07957,50.12639],[3.093249,50.120803],[3.10309,50.096399],[3.082766,50.086777],[3.078142,50.055641],[3.061604,50.046633],[2.998436,50.060979],[2.961008,50.047267],[2.924926,50.054609],[2.89627,50.035685],[2.853548,50.042317],[2.833776,50.079459],[2.780967,50.063358],[2.761496,50.045177],[2.734358,50.037988],[2.712695,50.048027],[2.753837,50.093568],[2.734336,50.113415],[2.708972682808507,50.12535088847668],[2.698779,50.130148],[2.6936458525741718,50.12542489689517],[2.659233,50.093761],[2.597799,50.103096],[2.583785,50.113904],[2.53743,50.116096],[2.5395252894916687,50.12616909637779],[2.540765,50.132129],[2.517388,50.146287],[2.499525406221353,50.1263622431704],[2.491653,50.117581],[2.485625917980697,50.12642935940558],[2.473142,50.144757],[2.437989,50.14179],[2.405072,50.127068],[2.404933,50.126819]],[[2.982316,50.124031],[3.01172,50.123854],[3.021921,50.136348],[3.059495,50.13745],[3.054553,50.154513],[3.081584,50.170387],[3.049056,50.182336],[3.025343,50.167444],[2.987002,50.157251],[2.982316,50.124031]]]}},{"type":"Feature","properties":{"id":"CPAM AUBE","name":"CPAM AUBE","title":"CPAM AUBE","label":"CPAM AUBE","nom_court":"AUBE","organisme":"CPAM AUBE","type_zone":"zone_cpam","svg":"010_Aube.svg","source_svg":"https://raw.githubusercontent.com/brenda-ramirez-santillan/carte-fr/refs/heads/main/010_Aube.svg","canvas_element":"svg_010_aube","canvas_left":760,"canvas_top":226,"canvas_width":93.625,"canvas_height":72.4000015258789,"label_longitude":4.146672,"label_latitude":48.316884,"centroid_longitude":4.117933,"centroid_latitude":48.298023,"fill":"#D9D9D9","stroke":"#A6A6A6","stroke_width":1,"modele":"Canvas utilisateur - geometrie issue des SVG et placement Canvas; conversion affine approximative vers WGS84"},"geometry":{"type":"Polygon","coordinates":[[[3.30471,48.48018],[3.35355,48.498524],[3.322453,48.530651],[3.34142,48.536618],[3.37902,48.533816],[3.400452,48.548713],[3.385523,48.575914],[3.419103,48.596694],[3.425727,48.612445],[3.480109,48.629089],[3.505694,48.612888],[3.531437,48.578715],[3.56049,48.577296],[3.562862,48.545896],[3.573003,48.540615],[3.61966,48.544756],[3.636704,48.537981],[3.677391,48.538405],[3.731944,48.532324],[3.761454,48.520196],[3.791574,48.528043],[3.806432,48.543518],[3.79908,48.567202],[3.813622,48.58859],[3.842551,48.582766],[3.859313,48.616921],[3.894172,48.613279],[3.903895,48.633936],[3.9235,48.643893],[3.933135,48.668127],[3.949129,48.677525],[3.978969,48.672665],[4.008533,48.680352],[4.031112,48.717348],[4.08514,48.701769],[4.116737,48.722556],[4.192298,48.719397],[4.212641,48.726205],[4.265438,48.73041],[4.289647,48.717721],[4.297321,48.68633],[4.281147,48.666227],[4.296401,48.643658],[4.278736,48.628697],[4.371662,48.570983],[4.468716,48.547605],[4.496763,48.554441],[4.502621,48.536966],[4.554098,48.559302],[4.606549,48.565024],[4.615669,48.554406],[4.652699,48.541272],[4.631023,48.476565],[4.616737,48.461743],[4.655905,48.449254],[4.68535,48.397336],[4.747895,48.389033],[4.742221,48.366845],[4.833572,48.338492],[4.804972,48.320931],[4.843591,48.292794],[4.83474,48.279335],[4.850884,48.263529],[4.836692,48.234934],[4.855789,48.190584],[4.830497,48.158004],[4.843369,48.129275],[4.821544,48.116311],[4.828271,48.09406],[4.811132,48.088302],[4.752153,48.101037],[4.717795,48.103739],[4.694595,48.084486],[4.674002,48.055809],[4.697416,48.031354],[4.690412,47.999898],[4.657818,47.994258],[4.598406,48.011237],[4.56253,48.009051],[4.513342,47.978899],[4.538858,47.947495],[4.494918,47.942166],[4.468728,47.944382],[4.422192,47.931822],[4.385711,47.943341],[4.319427,47.930719],[4.274939,47.935357],[4.258686,47.897707],[4.229427,47.895912],[4.205325,47.904096],[4.183623,47.922762],[4.1902,47.943385],[4.167341,47.946502],[4.168583,47.919409],[4.12487,47.93317],[4.067639,47.898166],[4.047785,47.914988],[4.014435,47.917561],[3.997642,47.896738],[3.969128,47.899251],[3.954058,47.913528],[3.935284,47.90138],[3.895447,47.901452],[3.846513,47.909405],[3.860157,47.948694],[3.844822,47.97213],[3.821873,47.952452],[3.792111,47.956937],[3.781294,47.978151],[3.813648,47.99074],[3.76483,48.01936],[3.765103,48.038827],[3.746263,48.06263],[3.744287,48.082392],[3.710862,48.110964],[3.675541,48.114027],[3.691364,48.132619],[3.676009,48.153143],[3.639009,48.126089],[3.599952,48.12049],[3.572042,48.167694],[3.548935,48.17483],[3.522303,48.162093],[3.502286,48.172441],[3.540038,48.197164],[3.550993,48.211834],[3.528289,48.223679],[3.553721,48.242325],[3.545755,48.260073],[3.514566,48.269274],[3.515312,48.291121],[3.492781,48.298017],[3.489395,48.312836],[3.456836,48.332867],[3.421159,48.362428],[3.372654,48.368297],[3.34634,48.352917],[3.33285,48.384914],[3.340424,48.409371],[3.3087,48.420838],[3.323863,48.450681],[3.30471,48.48018]]]}},{"type":"Feature","properties":{"id":"CPAM AUDE","name":"CPAM AUDE","title":"CPAM AUDE","label":"CPAM AUDE","nom_court":"AUDE","organisme":"CPAM AUDE","type_zone":"zone_cpam","svg":"011_Aude.svg","source_svg":"https://raw.githubusercontent.com/brenda-ramirez-santillan/carte-fr/refs/heads/main/011_Aude.svg","canvas_element":"svg_011_aude","canvas_left":658,"canvas_top":684,"canvas_width":98.625,"canvas_height":73.55000305175781,"label_longitude":2.505761,"label_latitude":43.028484,"centroid_longitude":2.396272,"centroid_latitude":43.07304,"fill":"#D9D9D9","stroke":"#A6A6A6","stroke_width":1,"modele":"Canvas utilisateur - geometrie issue des SVG et placement Canvas; conversion affine approximative vers WGS84"},"geometry":{"type":"Polygon","coordinates":[[[1.634239,43.249186],[1.655189,43.268029],[1.650671,43.280143],[1.674113,43.291717],[1.671276,43.308833],[1.705156,43.328078],[1.722211,43.316728],[1.755736,43.339065],[1.755481,43.37478],[1.780088,43.403158],[1.81278,43.430221],[1.852193,43.403571],[1.859568,43.390944],[1.890133,43.409901],[1.915568,43.411263],[1.949206,43.39257],[1.975435,43.400301],[1.992057,43.423776],[2.017341,43.416814],[2.03601,43.391715],[2.076532,43.379387],[2.142028,43.401922],[2.159025,43.379095],[2.187817,43.368235],[2.203118,43.395763],[2.195016,43.415142],[2.21817,43.434385],[2.239923,43.442602],[2.258059,43.429656],[2.288952,43.430154],[2.377144,43.405989],[2.417037,43.424034],[2.437183,43.420625],[2.484092,43.426219],[2.507669,43.412197],[2.556655,43.411793],[2.585808,43.400959],[2.560349,43.387833],[2.543599,43.367944],[2.54736,43.352663],[2.537635,43.322586],[2.576987,43.317311],[2.594801,43.280512],[2.654955,43.275832],[2.691481,43.304032],[2.705507,43.275783],[2.698593,43.26368],[2.738277,43.248024],[2.753722,43.234607],[2.774465,43.23809],[2.789835,43.254803],[2.794891,43.275467],[2.84398,43.306499],[2.875254,43.314552],[2.879012,43.360696],[2.898112,43.352508],[2.894602,43.314977],[2.958037,43.296446],[3.018405,43.305251],[3.02012,43.268009],[3.071669,43.262753],[3.096456,43.243947],[3.130778,43.235266],[3.142373,43.24391],[3.168959,43.228614],[3.198625,43.225258],[3.225562,43.23118],[3.235376,43.216913],[3.267284,43.192912],[3.200858,43.142419],[3.162654,43.103473],[3.112452,43.040142],[3.092761,43.00722],[3.060229,42.924566],[3.057843,42.892338],[3.079051,42.879058],[3.061381,42.795485],[2.990481,42.829135],[2.928819,42.8443],[2.917431,42.855788],[2.889587,42.861594],[2.873571,42.879408],[2.84146,42.872826],[2.822206,42.859722],[2.793483,42.855369],[2.765251,42.831617],[2.757185,42.808574],[2.74132,42.79274],[2.679475,42.785698],[2.663338,42.791935],[2.592716,42.792072],[2.543778,42.801985],[2.521502,42.798291],[2.491135,42.806441],[2.439623,42.791143],[2.365614,42.802987],[2.307738,42.79104],[2.314687,42.756095],[2.325555,42.7528],[2.324623,42.725427],[2.334695,42.711857],[2.339957,42.678166],[2.302846,42.653837],[2.276631,42.646513],[2.232606,42.642558],[2.22354,42.625308],[2.149679,42.594587],[2.138957,42.606613],[2.149208,42.626631],[2.133105,42.645953],[2.055979,42.685657],[2.052209,42.698971],[2.024107,42.703716],[1.972347,42.680078],[1.913115,42.682499],[1.872654,42.705729],[1.877219,42.731059],[1.855458,42.757676],[1.826106,42.765025],[1.833005,42.804904],[1.906388,42.808924],[1.949749,42.824808],[1.943502,42.832618],[1.954881,42.860898],[1.942856,42.886741],[1.893656,42.896815],[1.896343,42.912322],[1.947714,42.926321],[1.947129,42.995785],[1.934538,43.010056],[1.900911,43.016825],[1.916187,43.051531],[1.909362,43.088808],[1.876007,43.1019],[1.852589,43.084224],[1.836691,43.110497],[1.778155,43.114736],[1.731681,43.129333],[1.692604,43.153374],[1.660935,43.156278],[1.657156,43.172092],[1.671682,43.197498],[1.646301,43.2178],[1.647267,43.235485],[1.634239,43.249186]]]}},{"type":"Feature","properties":{"id":"CPAM AVEYRON","name":"CPAM AVEYRON","title":"CPAM AVEYRON","label":"CPAM AVEYRON","nom_court":"AVEYRON","organisme":"CPAM AVEYRON","type_zone":"zone_cpam","svg":"012_Aveyron.svg","source_svg":"https://raw.githubusercontent.com/brenda-ramirez-santillan/carte-fr/refs/heads/main/012_Aveyron.svg","canvas_element":"svg_012_aveyron","canvas_left":667,"canvas_top":554,"canvas_width":102.30000305175781,"canvas_height":114.32500457763672,"label_longitude":2.481936,"label_latitude":44.283114,"centroid_longitude":2.661329,"centroid_latitude":44.248956,"fill":"#D9D9D9","stroke":"#A6A6A6","stroke_width":1,"modele":"Canvas utilisateur - geometrie issue des SVG et placement Canvas; conversion affine approximative vers WGS84"},"geometry":{"type":"Polygon","coordinates":[[[1.779052,44.450648],[1.802128,44.462842],[1.821466,44.459247],[1.832258,44.482646],[1.848928,44.476364],[1.901566,44.49629],[1.935439,44.531093],[1.968821,44.535828],[2.00769,44.565029],[2.034688,44.569943],[2.05812,44.552918],[2.080838,44.56117],[2.103546,44.552456],[2.125928,44.574619],[2.150964,44.568919],[2.165453,44.600332],[2.16633,44.630308],[2.187544,44.642335],[2.21098,44.639037],[2.253132,44.654803],[2.290736,44.658267],[2.297108,44.638116],[2.332083,44.628472],[2.348865,44.638646],[2.404664,44.62622],[2.422668,44.636188],[2.455296,44.638601],[2.473763,44.681101],[2.533866,44.716426],[2.529962,44.733494],[2.541133,44.774337],[2.576951,44.789993],[2.57421,44.818593],[2.5897,44.830145],[2.580254,44.843313],[2.602523,44.86856],[2.628933,44.871665],[2.638034,44.889391],[2.662701,44.911685],[2.68914,44.911642],[2.699611,44.934802],[2.714893,44.943019],[2.741653,44.938539],[2.759687,44.920314],[2.764835,44.891369],[2.759043,44.857284],[2.789733,44.876576],[2.801892,44.872144],[2.850449,44.877757],[2.84591,44.853138],[2.861894,44.830148],[2.871629,44.802226],[2.886307,44.784657],[2.914374,44.793226],[2.929505,44.777306],[2.915124,44.76298],[2.929922,44.740077],[2.919755,44.722149],[2.938774,44.669136],[2.970476,44.636223],[2.979591,44.635174],[3.011889,44.611236],[3.033931,44.584877],[3.07897,44.559762],[3.087101,44.54502],[3.070946,44.485524],[3.10499,44.461462],[3.121332,44.456852],[3.141802,44.434609],[3.148723,44.407148],[3.133009,44.391723],[3.147636,44.369199],[3.127783,44.365005],[3.125419,44.338908],[3.140703,44.30324],[3.162344,44.280092],[3.131913,44.254648],[3.130883,44.229084],[3.161912,44.243505],[3.169318,44.213477],[3.189521,44.213865],[3.236359,44.197534],[3.237201,44.179094],[3.217843,44.155009],[3.253305,44.156131],[3.310762,44.17346],[3.334227,44.166487],[3.37683,44.164233],[3.393596,44.135567],[3.354112,44.122595],[3.337614,44.098404],[3.342009,44.076661],[3.278617,44.051214],[3.306264,44.030336],[3.346885,44.038256],[3.359449,44.014814],[3.387119,44.016425],[3.455824,43.989622],[3.474398,43.97667],[3.463149,43.953098],[3.443518,43.948878],[3.427839,43.923533],[3.399106,43.920507],[3.371271,43.889133],[3.378472,43.863558],[3.336045,43.839161],[3.290934,43.84674],[3.24837,43.803358],[3.265922,43.787055],[3.263802,43.773818],[3.222487,43.756027],[3.137805,43.759815],[3.095635,43.778462],[3.064821,43.775029],[3.06536,43.751516],[3.053932,43.745531],[3.062072,43.723148],[3.081923,43.708292],[3.058007,43.684541],[3.058525,43.652765],[3.073999,43.644937],[3.065673,43.628217],[3.037578,43.627144],[2.986351,43.644705],[2.946169,43.627632],[2.934508,43.629406],[2.923436,43.642644],[2.919248,43.673202],[2.872386,43.677491],[2.806171,43.699748],[2.778836,43.689379],[2.77249,43.673511],[2.726316,43.664879],[2.699405,43.679043],[2.667459,43.679794],[2.612093,43.718494],[2.578212,43.759301],[2.543443,43.782727],[2.544548,43.810741],[2.55647,43.825542],[2.528859,43.841096],[2.534892,43.864538],[2.515376,43.880397],[2.474869,43.898037],[2.497217,43.910635],[2.501543,43.927269],[2.477671,43.935005],[2.457163,43.978052],[2.436822,43.98716],[2.433189,44.00448],[2.380737,44.008993],[2.370692,44.038244],[2.325387,44.057098],[2.28943,44.0814],[2.254744,44.08123],[2.248588,44.103058],[2.20107,44.09131],[2.15996,44.102136],[2.19883,44.116884],[2.166518,44.13011],[2.149954,44.120492],[2.133203,44.140251],[2.113492,44.138942],[2.106015,44.160512],[2.057132,44.151893],[2.011325,44.130418],[1.977688,44.125458],[1.980166,44.114127],[1.938616,44.105901],[1.924781,44.119731],[1.924326,44.138081],[1.880624,44.139396],[1.847467,44.152341],[1.848727,44.169765],[1.888712,44.209523],[1.905928,44.202836],[1.917398,44.240203],[1.886501,44.246375],[1.844764,44.242679],[1.81042,44.256187],[1.823131,44.268356],[1.800509,44.286136],[1.824233,44.307095],[1.850189,44.333479],[1.80869,44.368398],[1.814573,44.396029],[1.790701,44.407953],[1.792882,44.433062],[1.779052,44.450648]]]}},{"type":"Feature","properties":{"id":"CPAM BAS-RHIN","name":"CPAM BAS-RHIN","title":"CPAM BAS-RHIN","label":"CPAM BAS-RHIN","nom_court":"BAS-RHIN","organisme":"CPAM BAS-RHIN","type_zone":"zone_cpam","svg":"013_Bas-Rhin.svg","source_svg":"https://raw.githubusercontent.com/brenda-ramirez-santillan/carte-fr/refs/heads/main/013_Bas-Rhin.svg","canvas_element":"svg_013_basrhin","canvas_left":977,"canvas_top":194,"canvas_width":81.1500015258789,"canvas_height":87.57500457763672,"label_longitude":7.503108,"label_latitude":48.61006,"centroid_longitude":7.524266,"centroid_latitude":48.688979,"fill":"#D9D9D9","stroke":"#A6A6A6","stroke_width":1,"modele":"Canvas utilisateur - geometrie issue des SVG et placement Canvas; conversion affine approximative vers WGS84"},"geometry":{"type":"Polygon","coordinates":[[[6.895747,48.95139],[6.920266,48.963175],[6.931024,48.991354],[6.976273,48.987479],[6.982573,49.030703],[6.997942,49.041799],[6.999859,49.066493],[7.024775,49.087506],[7.013603,49.10493],[7.051208,49.112814],[7.055741,49.0803],[7.067748,49.073799],[7.079476,49.039342],[7.125473,49.041445],[7.162448,49.013822],[7.190526,49.022135],[7.251515,49.005247],[7.286226,48.975574],[7.319857,48.990797],[7.355047,48.985792],[7.417384,49.002244],[7.44679,48.995435],[7.470312,48.977414],[7.503361,48.966203],[7.550752,48.991715],[7.564107,49.030222],[7.583298,49.05942],[7.615251,49.089076],[7.610234,49.09439],[7.651515,49.084944],[7.686009,49.09465],[7.712243,49.084514],[7.751354,49.088289],[7.777755,49.107512],[7.855916,49.07443],[7.879888,49.088767],[7.906297,49.081882],[7.925085,49.099797],[7.955033,49.084199],[7.972991,49.066496],[7.990502,49.068943],[8.045787,49.054217],[8.090214,49.028064],[8.141187,49.016881],[8.228429,49.014684],[8.23909,49.005219],[8.200181,48.993634],[8.140803,48.926354],[8.125582,48.902784],[8.096074,48.83883],[8.056842,48.815818],[8.025493,48.813192],[8.018925,48.793985],[8.000164,48.783761],[7.963121,48.780048],[7.956316,48.743947],[7.880527,48.681934],[7.826895,48.658691],[7.815307,48.633586],[7.789578,48.606616],[7.785505,48.592154],[7.792864,48.531265],[7.779956,48.511079],[7.752124,48.497792],[7.748766,48.462888],[7.718543,48.407164],[7.714471,48.376717],[7.728322,48.334741],[7.715987,48.315769],[7.684381,48.306108],[7.647506,48.216098],[7.624627,48.200152],[7.606239,48.171916],[7.577644,48.146415],[7.573437,48.1197],[7.552714,48.106076],[7.491738,48.111853],[7.484455,48.13955],[7.447545,48.14386],[7.437115,48.156958],[7.446835,48.19356],[7.412819,48.208076],[7.375191,48.214967],[7.363672,48.223802],[7.313409,48.239561],[7.286374,48.236955],[7.273779,48.261488],[7.234238,48.300119],[7.199062,48.29698],[7.153327,48.305262],[7.139071,48.332371],[7.071423,48.329072],[7.027209,48.347607],[7.058148,48.375177],[7.045174,48.428057],[7.067061,48.489381],[7.046872,48.492179],[7.073564,48.51979],[7.028829,48.518602],[7.011807,48.529863],[7.027399,48.543714],[7.064233,48.544923],[7.098679,48.534052],[7.120575,48.534845],[7.146348,48.557396],[7.173499,48.561606],[7.213308,48.599919],[7.213368,48.613503],[7.23647,48.638684],[7.227999,48.644294],[7.2636,48.675854],[7.221781,48.678294],[7.198174,48.709291],[7.217002,48.711695],[7.223728,48.732799],[7.244972,48.751028],[7.2654,48.791093],[7.249308,48.817343],[7.218581,48.82118],[7.183363,48.853038],[7.149721,48.853157],[7.148844,48.865949],[7.099952,48.870272],[7.09715,48.845492],[7.07249,48.82759],[7.035723,48.814703],[7.02632,48.837465],[7.000243,48.836974],[6.996777,48.871431],[7.033893,48.873156],[7.028096,48.890437],[6.995588,48.885241],[6.989394,48.900228],[6.930954,48.918632],[6.905338,48.932605],[6.895747,48.95139]]]}},{"type":"Feature","properties":{"id":"CPAM BAYONNE","name":"CPAM BAYONNE","title":"CPAM BAYONNE","label":"CPAM BAYONNE","nom_court":"BAYONNE","organisme":"CPAM BAYONNE","type_zone":"decoupage_cpam_special","svg":"014_Bayonne.svg","source_svg":"https://raw.githubusercontent.com/brenda-ramirez-santillan/carte-fr/refs/heads/main/014_Bayonne.svg","canvas_element":"svg_014_bayonne","canvas_left":450,"canvas_top":676,"canvas_width":56.45000076293945,"canvas_height":54.625,"label_longitude":-1.133667,"label_latitude":43.210689,"centroid_longitude":-1.211886,"centroid_latitude":43.240738,"fill":"#D9D9D9","stroke":"#A6A6A6","stroke_width":1,"modele":"Canvas utilisateur - geometrie issue des SVG et placement Canvas; conversion affine approximative vers WGS84"},"geometry":{"type":"Polygon","coordinates":[[[-1.809717,43.329587],[-1.781388,43.331658],[-1.652294,43.36663],[-1.612795,43.393179],[-1.572555,43.44777],[-1.556906,43.459731],[-1.532638,43.495517],[-1.507974,43.49273],[-1.481927,43.505969],[-1.468732,43.485343],[-1.434022,43.480049],[-1.417426,43.461687],[-1.3675,43.459532],[-1.325051,43.470335],[-1.284421,43.463981],[-1.209314,43.498196],[-1.186558,43.514549],[-1.160483,43.514166],[-1.119092,43.47745],[-1.153177,43.474847],[-1.151619,43.457027],[-1.106469,43.467798],[-1.095638,43.481196],[-1.058181,43.486944],[-1.008617,43.470242],[-0.973812,43.472546],[-0.970214,43.50225],[-0.955468,43.508478],[-0.929245,43.501034],[-0.875786,43.519532],[-0.873619,42.898347],[-0.922422,42.889818],[-0.979341,42.914801],[-0.985625,42.926447],[-1.066214,42.939466],[-1.097803,42.961199],[-1.119218,42.948397],[-1.154479,42.974877],[-1.169,42.971583],[-1.219495,42.995269],[-1.238923,42.981696],[-1.256895,42.983881],[-1.27719,43.001463],[-1.303516,43.009152],[-1.293224,43.035213],[-1.273924,43.061678],[-1.317846,43.055249],[-1.343161,43.032715],[-1.337597,43.021135],[-1.351939,42.966394],[-1.44291,42.984808],[-1.475123,43.021437],[-1.474255,43.032671],[-1.416163,43.07075],[-1.416806,43.094308],[-1.403608,43.104968],[-1.4022,43.12413],[-1.383811,43.138365],[-1.382113,43.203701],[-1.414301,43.225096],[-1.441238,43.217676],[-1.500774,43.234518],[-1.511222,43.245106],[-1.573643,43.239644],[-1.566696,43.228064],[-1.587159,43.200172],[-1.619715,43.201354],[-1.642648,43.235649],[-1.63454,43.252792],[-1.681414,43.267192],[-1.709798,43.264748],[-1.747166,43.24701],[-1.776748,43.297966],[-1.807699,43.305601],[-1.809717,43.329587]]]}},{"type":"Feature","properties":{"id":"CPAM BOUCHES-DU-RHONE","name":"CPAM BOUCHES-DU-RHONE","title":"CPAM BOUCHES-DU-RHONE","label":"CPAM BOUCHES-DU-RHONE","nom_court":"BOUCHES-DU-RHONE","organisme":"CPAM BOUCHES-DU-RHONE","type_zone":"zone_cpam","svg":"015_Bouches-du-Rhone.svg","source_svg":"https://raw.githubusercontent.com/brenda-ramirez-santillan/carte-fr/refs/heads/main/015_Bouches-du-Rhone.svg","canvas_element":"svg_015_bouchesdurhone","canvas_left":811,"canvas_top":644,"canvas_width":99.95000457763672,"canvas_height":69.92500305175781,"label_longitude":5.374967,"label_latitude":43.507408,"centroid_longitude":5.065336,"centroid_latitude":43.516533,"fill":"#D9D9D9","stroke":"#A6A6A6","stroke_width":1,"modele":"Canvas utilisateur - geometrie issue des SVG et placement Canvas; conversion affine approximative vers WGS84"},"geometry":{"type":"Polygon","coordinates":[[[4.166724,43.422137],[4.176476,43.463442],[4.235493,43.479983],[4.296169,43.515051],[4.354713,43.529875],[4.371651,43.555454],[4.397653,43.553816],[4.423824,43.580125],[4.3865,43.582455],[4.373092,43.592978],[4.401532,43.64174],[4.423873,43.64657],[4.436113,43.676413],[4.488373,43.68542],[4.535691,43.673871],[4.547439,43.664501],[4.583865,43.667934],[4.568388,43.692992],[4.56896,43.709425],[4.586032,43.74427],[4.608331,43.765129],[4.611948,43.786347],[4.598866,43.817097],[4.623938,43.831337],[4.598189,43.855232],[4.652218,43.874006],[4.683729,43.896359],[4.700176,43.915603],[4.787175,43.904144],[4.82016,43.902774],[4.854009,43.891054],[4.872024,43.878218],[4.896801,43.876816],[4.9394,43.861311],[4.970819,43.834398],[5.006067,43.815231],[5.027376,43.773998],[5.157624,43.721815],[5.17306,43.717975],[5.217212,43.731487],[5.244272,43.730444],[5.310355,43.718559],[5.334108,43.70247],[5.437574,43.662132],[5.535947,43.639205],[5.576809,43.642515],[5.614036,43.639273],[5.656898,43.657589],[5.684532,43.676508],[5.730039,43.676707],[5.750574,43.700594],[5.768115,43.709793],[5.798199,43.691182],[5.820671,43.662493],[5.816109,43.642197],[5.759051,43.637962],[5.712227,43.621793],[5.692196,43.5908],[5.70337,43.561137],[5.665898,43.553516],[5.679929,43.540177],[5.707886,43.537574],[5.736334,43.522918],[5.729479,43.476471],[5.711309,43.452966],[5.743674,43.434896],[5.765728,43.403152],[5.803828,43.381855],[5.76547,43.36788],[5.738552,43.375541],[5.694771,43.365044],[5.707293,43.328329],[5.718328,43.319407],[5.698843,43.302663],[5.692745,43.281876],[5.703776,43.27388],[5.741159,43.278712],[5.765719,43.249115],[5.777465,43.225965],[5.753408,43.220569],[5.696564,43.192466],[5.684115,43.132317],[5.663765,43.140735],[5.633897,43.140234],[5.609513,43.114256],[5.576042,43.127581],[5.536157,43.166273],[5.513839,43.150976],[5.455246,43.164396],[5.388603,43.16564],[5.359796,43.160205],[5.335807,43.16804],[5.343628,43.184139],[5.368987,43.200411],[5.362296,43.226002],[5.340621,43.239723],[5.360219,43.271327],[5.317393,43.318522],[5.288574,43.321152],[5.246346,43.297369],[5.209658,43.287754],[5.163504,43.293087],[5.153894,43.287036],[5.016711,43.287517],[4.99682,43.302141],[5.0023,43.315521],[4.95121,43.364682],[4.942517,43.389877],[4.904282,43.397151],[4.878006,43.382825],[4.833774,43.368305],[4.817841,43.334601],[4.845062,43.319972],[4.824366,43.29037],[4.801209,43.287349],[4.748904,43.305423],[4.679857,43.308382],[4.621028,43.303975],[4.541052,43.318031],[4.516815,43.330685],[4.511097,43.34778],[4.542905,43.361047],[4.536838,43.392605],[4.515808,43.405925],[4.467645,43.417826],[4.413906,43.420141],[4.347604,43.409349],[4.326387,43.414547],[4.166724,43.422137]],[[4.974702,43.466223],[4.98121,43.436658],[5.016272,43.437362],[5.030909,43.429939],[5.050619,43.363001],[5.093017,43.367358],[5.120963,43.363321],[5.145082,43.374889],[5.177626,43.400335],[5.214247,43.419209],[5.210376,43.451882],[5.189547,43.459942],[5.129221,43.425143],[5.084127,43.496316],[5.043777,43.498011],[5.024984,43.4919],[5.0108,43.516085],[4.991203,43.527085],[4.992374,43.499766],[4.974702,43.466223]]]}},{"type":"Feature","properties":{"id":"CPAM CALVADOS","name":"CPAM CALVADOS","title":"CPAM CALVADOS","label":"CPAM CALVADOS","nom_court":"CALVADOS","organisme":"CPAM CALVADOS","type_zone":"zone_cpam","svg":"016_Calvados.svg","source_svg":"https://raw.githubusercontent.com/brenda-ramirez-santillan/carte-fr/refs/heads/main/016_Calvados.svg","canvas_element":"svg_016_calvados","canvas_left":486,"canvas_top":163,"canvas_width":101.75,"canvas_height":62.20000076293945,"label_longitude":-0.269208,"label_latitude":49.079634,"centroid_longitude":-0.398023,"centroid_latitude":49.08471,"fill":"#D9D9D9","stroke":"#A6A6A6","stroke_width":1,"modele":"Canvas utilisateur - geometrie issue des SVG et placement Canvas; conversion affine approximative vers WGS84"},"geometry":{"type":"Polygon","coordinates":[[[-1.232793,48.80181],[-1.174624,48.835503],[-1.144361,48.838017],[-1.121318,48.863246],[-1.084121,48.886617],[-1.093495,48.898354],[-1.023292,48.940098],[-1.009618,48.941728],[-0.979113,48.966471],[-0.971267,48.982529],[-0.925334,49.01296],[-0.948665,49.017132],[-0.933934,49.059092],[-0.944048,49.070131],[-0.942568,49.100078],[-0.951172,49.113081],[-0.998399,49.129924],[-1.004656,49.146759],[-0.961129,49.185643],[-0.98724,49.209828],[-1.044862,49.178974],[-1.106546,49.206491],[-1.153605,49.223319],[-1.202093,49.258334],[-1.198807,49.272785],[-1.218423,49.289433],[-1.21788,49.302632],[-1.190522,49.321881],[-1.197094,49.351066],[-1.153669,49.386107],[-1.103204,49.387508],[-1.059569,49.396001],[-1.007675,49.393753],[-0.940334,49.367139],[-0.887445,49.354669],[-0.779122,49.34406],[-0.700971,49.343353],[-0.649199,49.337092],[-0.601381,49.34397],[-0.561469,49.343019],[-0.49481,49.333281],[-0.45578,49.333558],[-0.399132,49.320404],[-0.337555,49.294851],[-0.256635,49.277665],[-0.197708,49.282634],[-0.119842,49.295645],[-0.019947,49.325099],[0.058407,49.3674],[0.096438,49.398344],[0.116772,49.407661],[0.165134,49.41781],[0.211542,49.43327],[0.29281,49.436951],[0.305162,49.392593],[0.297742,49.375038],[0.3207,49.342716],[0.308806,49.323212],[0.320438,49.296539],[0.364479,49.294863],[0.381271,49.281391],[0.383411,49.261969],[0.318615,49.244858],[0.335807,49.227317],[0.366508,49.210974],[0.396183,49.203249],[0.387085,49.145676],[0.430067,49.138332],[0.40182,49.089138],[0.410414,49.064702],[0.380531,49.05437],[0.378829,49.034986],[0.392041,49.019111],[0.429616,49.016742],[0.451106,48.998871],[0.438172,48.988214],[0.432909,48.947117],[0.416152,48.930642],[0.409031,48.944182],[0.378726,48.953653],[0.35861,48.930231],[0.332476,48.921932],[0.308536,48.932165],[0.279239,48.928243],[0.268518,48.944756],[0.239262,48.938405],[0.236805,48.923126],[0.179172,48.918902],[0.146635,48.90199],[0.116178,48.930856],[0.081823,48.913321],[0.056652,48.909306],[0.041466,48.877865],[-0.008608,48.865556],[-0.05,48.847176],[-0.079741,48.82547],[-0.1071,48.815982],[-0.171514,48.804879],[-0.203469,48.804486],[-0.293428,48.82453],[-0.327433,48.822343],[-0.363219,48.828425],[-0.361234,48.810114],[-0.381718,48.790675],[-0.42385,48.815076],[-0.447883,48.842073],[-0.471326,48.845579],[-0.510744,48.839988],[-0.537267,48.818025],[-0.590361,48.817041],[-0.676432,48.79432],[-0.747142,48.815577],[-0.759617,48.804457],[-0.735036,48.788773],[-0.766914,48.766253],[-0.838455,48.75105],[-0.878985,48.716454],[-0.901753,48.714321],[-0.933232,48.717894],[-0.984412,48.732617],[-1.017702,48.752911],[-1.082476,48.734129],[-1.108542,48.745371],[-1.130914,48.735548],[-1.16327,48.744027],[-1.178503,48.779161],[-1.231038,48.786766],[-1.232793,48.80181]]]}},{"type":"Feature","properties":{"id":"CPAM CANTAL","name":"CPAM CANTAL","title":"CPAM CANTAL","label":"CPAM CANTAL","nom_court":"CANTAL","organisme":"CPAM CANTAL","type_zone":"zone_cpam","svg":"017_Cantal.svg","source_svg":"https://raw.githubusercontent.com/brenda-ramirez-santillan/carte-fr/refs/heads/main/017_Cantal.svg","canvas_element":"svg_017_cantal","canvas_left":682,"canvas_top":508,"canvas_width":82.4749984741211,"canvas_height":79.25,"label_longitude":2.695927,"label_latitude":45.013224,"centroid_longitude":2.662549,"centroid_latitude":45.021255,"fill":"#D9D9D9","stroke":"#A6A6A6","stroke_width":1,"modele":"Canvas utilisateur - geometrie issue des SVG et placement Canvas; conversion affine approximative vers WGS84"},"geometry":{"type":"Polygon","coordinates":[[[2.025691,44.938494],[2.058142,44.947949],[2.099338,44.948389],[2.107332,44.969953],[2.082207,44.985976],[2.059301,45.022815],[2.106543,45.055313],[2.13977,45.05016],[2.156812,45.08881],[2.150039,45.104348],[2.177266,45.115952],[2.177565,45.13209],[2.158619,45.181012],[2.1738,45.205571],[2.209579,45.239784],[2.230351,45.250324],[2.241245,45.270661],[2.260631,45.267769],[2.292394,45.306437],[2.326813,45.311482],[2.327637,45.333752],[2.341734,45.343684],[2.346436,45.373954],[2.330815,45.38964],[2.355687,45.403416],[2.37682,45.38856],[2.40246,45.385571],[2.427391,45.370916],[2.468875,45.366554],[2.508344,45.372492],[2.510764,45.383307],[2.470601,45.408061],[2.490653,45.456744],[2.492321,45.472022],[2.529452,45.471236],[2.57864,45.442343],[2.630503,45.437994],[2.655465,45.425907],[2.669197,45.43117],[2.680529,45.396531],[2.709784,45.370501],[2.739154,45.383056],[2.760948,45.375052],[2.800572,45.3829],[2.853689,45.382566],[2.870571,45.365489],[2.890073,45.372863],[2.926322,45.354484],[2.93807,45.317682],[2.956886,45.294768],[2.975583,45.292998],[3.029252,45.272063],[3.03288,45.280866],[3.071522,45.292901],[3.073208,45.318334],[3.095745,45.32439],[3.11859,45.343726],[3.129123,45.315],[3.114988,45.30337],[3.134087,45.269527],[3.177809,45.277258],[3.18629,45.265499],[3.233573,45.266261],[3.249888,45.251217],[3.242515,45.227719],[3.262197,45.199002],[3.296825,45.190952],[3.284485,45.150425],[3.31351,45.097106],[3.32752,45.101046],[3.361951,45.087507],[3.341237,45.05977],[3.326365,45.029113],[3.326727,45.003634],[3.338531,44.993875],[3.365543,44.996729],[3.379022,44.97273],[3.377068,44.942317],[3.391154,44.939784],[3.366605,44.923262],[3.325652,44.904751],[3.312111,44.891743],[3.267694,44.899088],[3.273944,44.880825],[3.252314,44.873322],[3.260326,44.850849],[3.238634,44.837044],[3.203284,44.824917],[3.186095,44.836047],[3.159799,44.866594],[3.122419,44.848896],[3.110076,44.813858],[3.11628,44.792582],[3.086839,44.793003],[3.062357,44.761275],[3.062393,44.720233],[3.04466,44.703152],[3.042123,44.6826],[3.028952,44.665274],[2.993104,44.592057],[2.983966,44.593116],[2.952267,44.626021],[2.933253,44.679026],[2.943432,44.696948],[2.928632,44.719853],[2.943015,44.734179],[2.927884,44.750087],[2.899813,44.741521],[2.885141,44.759092],[2.875405,44.787],[2.85943,44.80999],[2.86396,44.834607],[2.815423,44.828999],[2.803255,44.833424],[2.772558,44.81414],[2.778366,44.848215],[2.773226,44.877158],[2.755179,44.895372],[2.728414,44.899853],[2.713149,44.891641],[2.702675,44.868484],[2.676239,44.868538],[2.651575,44.846243],[2.642488,44.828508],[2.616077,44.825411],[2.593811,44.800159],[2.603253,44.787],[2.587768,44.775454],[2.590503,44.746854],[2.554674,44.731199],[2.54351,44.690358],[2.547419,44.673299],[2.487326,44.637983],[2.468863,44.59549],[2.436236,44.593083],[2.418233,44.583104],[2.362452,44.595543],[2.345665,44.585361],[2.310688,44.595007],[2.30431,44.615158],[2.266731,44.611687],[2.224565,44.595927],[2.20115,44.599219],[2.179931,44.587197],[2.179052,44.557229],[2.138936,44.580878],[2.134199,44.607403],[2.149041,44.61943],[2.121079,44.646152],[2.11543,44.668398],[2.12177,44.702541],[2.135855,44.723814],[2.135589,44.764637],[2.107103,44.77731],[2.05812,44.829016],[2.050767,44.858798],[2.073465,44.869019],[2.042375,44.891999],[2.043935,44.914811],[2.025691,44.938494]]]}},{"type":"Feature","properties":{"id":"CPAM CHARENTE","name":"CPAM CHARENTE","title":"CPAM CHARENTE","label":"CPAM CHARENTE","nom_court":"CHARENTE","organisme":"CPAM CHARENTE","type_zone":"zone_cpam","svg":"018_Charente.svg","source_svg":"https://raw.githubusercontent.com/brenda-ramirez-santillan/carte-fr/refs/heads/main/018_Charente.svg","canvas_element":"svg_018_charente","canvas_left":529,"canvas_top":449,"canvas_width":89.125,"canvas_height":86.9749984741211,"label_longitude":0.076524,"label_latitude":45.639123,"centroid_longitude":0.18679,"centroid_latitude":45.696219,"fill":"#D9D9D9","stroke":"#A6A6A6","stroke_width":1,"modele":"Canvas utilisateur - geometrie issue des SVG et placement Canvas; conversion affine approximative vers WGS84"},"geometry":{"type":"Polygon","coordinates":[[[-0.510106,45.714588],[-0.498975,45.742927],[-0.475788,45.740996],[-0.449393,45.750597],[-0.44757,45.765059],[-0.411249,45.758511],[-0.364341,45.763171],[-0.330264,45.78658],[-0.277545,45.783211],[-0.25959,45.754412],[-0.227298,45.769546],[-0.188258,45.778878],[-0.169421,45.801621],[-0.174041,45.819127],[-0.15488,45.833315],[-0.164504,45.876876],[-0.181605,45.885282],[-0.185853,45.914467],[-0.130317,45.923679],[-0.117903,45.939536],[-0.135313,45.960268],[-0.070699,45.985802],[-0.075093,46.014506],[-0.049803,46.02336],[-0.060999,46.05194],[-0.007056,46.048946],[0.04929,46.092671],[0.077358,46.091777],[0.115224,46.103739],[0.159654,46.082007],[0.180119,46.095056],[0.203658,46.093869],[0.237901,46.078862],[0.266995,46.058878],[0.383999,46.065145],[0.407466,46.046998],[0.440909,46.048976],[0.466176,46.060476],[0.473269,46.082902],[0.440172,46.091679],[0.438804,46.102708],[0.490468,46.139344],[0.538663,46.096592],[0.566513,46.090655],[0.577441,46.079483],[0.610101,46.077678],[0.612828,46.090972],[0.695712,46.099386],[0.692059,46.122751],[0.719905,46.135105],[0.758093,46.143431],[0.793102,46.136786],[0.823962,46.143363],[0.838635,46.133251],[0.830064,46.119638],[0.849518,46.109781],[0.834057,46.079065],[0.842533,46.064845],[0.833134,46.0478],[0.868079,46.033969],[0.884916,46.016883],[0.913304,46.022023],[0.946579,46.008745],[0.964629,45.952716],[0.943736,45.947934],[0.903872,45.916737],[0.877334,45.910543],[0.838078,45.925265],[0.828845,45.88986],[0.843689,45.873075],[0.812962,45.819923],[0.796434,45.807574],[0.785949,45.772113],[0.759537,45.78835],[0.727274,45.790868],[0.718384,45.78012],[0.725808,45.745878],[0.697974,45.742866],[0.660274,45.721583],[0.652892,45.697242],[0.636408,45.694054],[0.604034,45.64738],[0.571497,45.626473],[0.564629,45.607085],[0.53761,45.607625],[0.500134,45.58977],[0.516749,45.572603],[0.501209,45.543621],[0.507345,45.523344],[0.496607,45.51335],[0.464518,45.508041],[0.429995,45.468542],[0.349922,45.429],[0.298707,45.423869],[0.284654,45.395556],[0.267594,45.388196],[0.238258,45.329299],[0.254082,45.289595],[0.259177,45.259111],[0.235745,45.242158],[0.208414,45.242927],[0.190631,45.214535],[0.162497,45.203973],[0.155108,45.186227],[0.112867,45.1553],[0.076909,45.176152],[0.055408,45.168008],[0.031923,45.174879],[0.012439,45.15561],[-0.016043,45.148354],[-0.01959,45.137342],[-0.017882,45.167539],[-0.06249,45.185371],[-0.066554,45.195374],[-0.139094,45.195641],[-0.138953,45.239761],[-0.169643,45.243771],[-0.197376,45.258568],[-0.231174,45.256429],[-0.267065,45.266146],[-0.312259,45.252995],[-0.328413,45.28134],[-0.317091,45.301131],[-0.288013,45.294488],[-0.285953,45.31317],[-0.309958,45.312171],[-0.35074,45.328449],[-0.317544,45.355072],[-0.287701,45.365821],[-0.285174,45.394129],[-0.313545,45.418454],[-0.296771,45.448947],[-0.30538,45.488855],[-0.36035,45.49888],[-0.337986,45.529859],[-0.349191,45.539998],[-0.421165,45.57705],[-0.434804,45.595314],[-0.463868,45.58565],[-0.480215,45.593359],[-0.456647,45.626269],[-0.428303,45.630867],[-0.457857,45.65568],[-0.470141,45.683221],[-0.463649,45.717341],[-0.510106,45.714588]]]}},{"type":"Feature","properties":{"id":"CPAM CHARENTE MARITIME","name":"CPAM CHARENTE MARITIME","title":"CPAM CHARENTE MARITIME","label":"CPAM CHARENTE MARITIME","nom_court":"CHARENTE MARITIME","organisme":"CPAM CHARENTE MARITIME","type_zone":"zone_cpam","svg":"019_Charente-Mar.svg","source_svg":"https://raw.githubusercontent.com/brenda-ramirez-santillan/carte-fr/refs/heads/main/019_Charente-Mar.svg","canvas_element":"svg_019_charentemar","canvas_left":482,"canvas_top":429,"canvas_width":79.32500457763672,"canvas_height":117.32500457763672,"label_longitude":-0.85318,"label_latitude":45.68889,"centroid_longitude":-0.665635,"centroid_latitude":45.737353,"fill":"#D9D9D9","stroke":"#A6A6A6","stroke_width":1,"modele":"Canvas utilisateur - geometrie issue des SVG et placement Canvas; conversion affine approximative vers WGS84"},"geometry":{"type":"Polygon","coordinates":[[[-1.288351,45.745331],[-1.253051,45.760512],[-1.235192,45.75384],[-1.172238,45.770615],[-1.198302,45.810859],[-1.19463,45.83132],[-1.165064,45.826042],[-1.139667,45.842027],[-1.111324,45.886647],[-1.114637,45.910413],[-1.101487,45.92447],[-1.138055,45.967272],[-1.100351,45.971622],[-1.089474,45.989399],[-1.103576,46.030242],[-1.127665,46.034492],[-1.140314,46.076626],[-1.15541,46.085571],[-1.170288,46.111591],[-1.216417,46.124413],[-1.22222,46.139122],[-1.252215,46.131093],[-1.270111,46.152366],[-1.244383,46.182549],[-1.244111,46.202574],[-1.215077,46.214168],[-1.185168,46.235406],[-1.182629,46.246045],[-1.151914,46.253955],[-1.17128,46.30567],[-1.120116,46.317724],[-1.090541,46.340218],[-1.049864,46.354276],[-1.011604,46.349676],[-0.998051,46.364886],[-0.963683,46.365473],[-0.976536,46.333908],[-0.995006,46.320122],[-0.966693,46.309403],[-0.935046,46.310573],[-0.9171,46.323897],[-0.878415,46.314419],[-0.866866,46.339015],[-0.834473,46.337132],[-0.827477,46.323105],[-0.7727,46.301254],[-0.771927,46.282817],[-0.757222,46.261743],[-0.773518,46.238585],[-0.709532,46.211506],[-0.70333,46.191688],[-0.672197,46.15954],[-0.643784,46.150188],[-0.634806,46.125639],[-0.558095,46.13287],[-0.543527,46.128169],[-0.499035,46.095086],[-0.426973,46.080228],[-0.404795,46.070116],[-0.373809,46.080029],[-0.364037,46.061095],[-0.330745,46.068681],[-0.278862,46.065973],[-0.269624,46.04225],[-0.206392,46.028579],[-0.187116,46.028972],[-0.181269,46.009681],[-0.152132,46.018813],[-0.15413,45.992899],[-0.12755,45.978589],[-0.126121,45.960007],[-0.090404,45.950325],[-0.072981,45.929589],[-0.085391,45.913723],[-0.140938,45.904514],[-0.136672,45.875317],[-0.11957,45.866911],[-0.109961,45.823327],[-0.129126,45.809146],[-0.124496,45.791632],[-0.143327,45.76888],[-0.182365,45.75955],[-0.214647,45.74441],[-0.232595,45.773216],[-0.285311,45.776595],[-0.319376,45.753174],[-0.36627,45.748509],[-0.40258,45.755064],[-0.404407,45.740602],[-0.430812,45.730994],[-0.453984,45.732923],[-0.465115,45.704571],[-0.418659,45.707341],[-0.425146,45.673209],[-0.412876,45.645648],[-0.383331,45.620835],[-0.411656,45.616234],[-0.43522,45.583306],[-0.418882,45.575611],[-0.389826,45.585271],[-0.376183,45.566992],[-0.304215,45.529933],[-0.293029,45.519793],[-0.315393,45.488803],[-0.260421,45.478784],[-0.251811,45.438847],[-0.268595,45.408358],[-0.24022,45.384025],[-0.242749,45.355715],[-0.272589,45.344955],[-0.305775,45.31832],[-0.265006,45.302038],[-0.241001,45.303035],[-0.243065,45.284353],[-0.272125,45.290997],[-0.283456,45.271203],[-0.267307,45.242848],[-0.222122,45.255995],[-0.186236,45.246288],[-0.152452,45.248414],[-0.124715,45.233609],[-0.094034,45.22961],[-0.094169,45.185478],[-0.021648,45.185212],[-0.017581,45.1752],[0.027016,45.157368],[0.025296,45.127156],[0.002564,45.103992],[0.025857,45.08703],[-0.018032,45.071254],[-0.009777,45.06156],[-0.021206,45.032435],[-0.045778,45.028894],[-0.071235,45.052308],[-0.099849,45.044245],[-0.116308,45.025926],[-0.139747,45.017482],[-0.177892,45.023285],[-0.208484,45.035803],[-0.238566,45.037982],[-0.268684,45.072541],[-0.31637,45.087936],[-0.335045,45.099188],[-0.361561,45.102641],[-0.378487,45.086766],[-0.396862,45.10255],[-0.402965,45.123855],[-0.421876,45.142866],[-0.409046,45.184504],[-0.416481,45.207263],[-0.442958,45.222465],[-0.491021,45.232546],[-0.519794,45.224753],[-0.579849,45.238736],[-0.578206,45.272314],[-0.604998,45.261191],[-0.657402,45.261895],[-0.735786,45.267189],[-0.752276,45.310968],[-0.775436,45.350253],[-0.823451,45.406641],[-0.871821,45.448005],[-0.961161,45.499526],[-0.993344,45.508846],[-1.025109,45.530216],[-1.025867,45.55183],[-1.042715,45.56639],[-1.08401,45.575571],[-1.116202,45.595126],[-1.154567,45.603483],[-1.198247,45.629553],[-1.253064,45.655634],[-1.28245,45.665225],[-1.288351,45.745331]]]}},{"type":"Feature","properties":{"id":"CPAM CHER","name":"CPAM CHER","title":"CPAM CHER","label":"CPAM CHER","nom_court":"CHER","organisme":"CPAM CHER","type_zone":"zone_cpam","svg":"020_Cher.svg","source_svg":"https://raw.githubusercontent.com/brenda-ramirez-santillan/carte-fr/refs/heads/main/020_Cher.svg","canvas_element":"svg_020_cher","canvas_left":665,"canvas_top":320,"canvas_width":82.70000457763672,"canvas_height":111,"label_longitude":2.56164,"label_latitude":47.008291,"centroid_longitude":2.488597,"centroid_latitude":47.042224,"fill":"#D9D9D9","stroke":"#A6A6A6","stroke_width":1,"modele":"Canvas utilisateur - geometrie issue des SVG et placement Canvas; conversion affine approximative vers WGS84"},"geometry":{"type":"Polygon","coordinates":[[[1.736662,47.109167],[1.770695,47.13448],[1.78473,47.153366],[1.804461,47.157312],[1.800979,47.201464],[1.81824,47.202713],[1.836725,47.186827],[1.869084,47.1975],[1.882451,47.219515],[1.859436,47.239165],[1.887474,47.247822],[1.907731,47.276932],[1.968496,47.249626],[2.002786,47.255894],[2.051292,47.273056],[2.087503,47.266505],[2.116192,47.273041],[2.129324,47.299814],[2.104684,47.321938],[2.078622,47.386867],[2.092634,47.404818],[2.119788,47.403672],[2.167849,47.434439],[2.185427,47.40013],[2.225851,47.410459],[2.230161,47.438608],[2.218564,47.470158],[2.229824,47.49187],[2.198389,47.495541],[2.195579,47.523847],[2.174807,47.551758],[2.107095,47.55323],[2.094679,47.587757],[2.130541,47.606838],[2.177013,47.613794],[2.220379,47.628614],[2.273376,47.637419],[2.310603,47.614858],[2.329011,47.612531],[2.361247,47.591774],[2.392386,47.606726],[2.430972,47.617495],[2.468583,47.586326],[2.493957,47.573378],[2.544562,47.581722],[2.571591,47.565815],[2.596797,47.562127],[2.617762,47.545805],[2.612844,47.530419],[2.659031,47.513735],[2.661838,47.489931],[2.689185,47.484846],[2.722418,47.491954],[2.734323,47.501926],[2.728832,47.525691],[2.775986,47.529861],[2.794653,47.520232],[2.80739,47.499969],[2.837345,47.500639],[2.847119,47.513083],[2.889082,47.525466],[2.903678,47.513897],[2.918741,47.481557],[2.948849,47.44241],[2.936667,47.405958],[2.888526,47.343402],[2.892104,47.315228],[2.924716,47.30399],[2.95647,47.279522],[3.004468,47.250171],[3.0028,47.21019],[3.03198,47.165806],[3.051938,47.112091],[3.055539,47.073376],[3.047065,47.041739],[3.088711,47.023588],[3.102485,46.996001],[3.089052,46.960657],[3.106486,46.928264],[3.076105,46.88103],[3.094955,46.846241],[3.096553,46.820205],[3.085941,46.792844],[3.057362,46.758461],[2.981437,46.76758],[2.927031,46.750403],[2.928814,46.741368],[2.842541,46.694309],[2.80428,46.69219],[2.770136,46.675355],[2.747506,46.702184],[2.723527,46.703473],[2.710117,46.685692],[2.653658,46.644303],[2.628571,46.610015],[2.601034,46.618373],[2.574151,46.612728],[2.599958,46.589344],[2.580421,46.553868],[2.604842,46.539572],[2.614177,46.497252],[2.537288,46.464653],[2.528803,46.474973],[2.497809,46.466149],[2.480734,46.47814],[2.441403,46.464554],[2.360217,46.462456],[2.343099,46.455785],[2.294287,46.416622],[2.273638,46.39333],[2.268805,46.358258],[2.235991,46.364403],[2.198118,46.360803],[2.18097,46.366181],[2.14966,46.36155],[2.135492,46.372072],[2.137705,46.401132],[2.176188,46.410555],[2.18795,46.425592],[2.163265,46.472709],[2.139609,46.502552],[2.154845,46.511989],[2.148378,46.53607],[2.169676,46.565542],[2.171637,46.592453],[2.118146,46.61895],[2.135702,46.645207],[2.089189,46.665561],[2.041169,46.69802],[2.069765,46.711362],[2.094565,46.737667],[2.080376,46.754239],[2.048028,46.768241],[2.02302,46.789953],[2.053956,46.800132],[2.084023,46.835431],[2.117712,46.852992],[2.134235,46.877465],[2.124945,46.88365],[2.087075,46.879102],[2.045662,46.900709],[2.045068,46.922324],[2.08556,46.967778],[2.069227,46.987333],[2.002129,47.020582],[2.029355,47.046349],[2.021546,47.082651],[1.996469,47.080865],[1.967073,47.104577],[1.935272,47.102759],[1.884853,47.080715],[1.847322,47.077487],[1.811681,47.085167],[1.78406,47.098474],[1.753586,47.097097],[1.736662,47.109167]]]}},{"type":"Feature","properties":{"id":"CPAM CORREZE","name":"CPAM CORREZE","title":"CPAM CORREZE","label":"CPAM CORREZE","nom_court":"CORREZE","organisme":"CPAM CORREZE","type_zone":"zone_cpam","svg":"021_Correze.svg","source_svg":"https://raw.githubusercontent.com/brenda-ramirez-santillan/carte-fr/refs/heads/main/021_Correze.svg","canvas_element":"svg_021_correze","canvas_left":631,"canvas_top":484,"canvas_width":82.55000305175781,"canvas_height":76.3499984741211,"label_longitude":1.80003,"label_latitude":45.306759,"centroid_longitude":1.863948,"centroid_latitude":45.325102,"fill":"#D9D9D9","stroke":"#A6A6A6","stroke_width":1,"modele":"Canvas utilisateur - geometrie issue des SVG et placement Canvas; conversion affine approximative vers WGS84"},"geometry":{"type":"Polygon","coordinates":[[[1.180308,45.231015],[1.195385,45.261408],[1.189251,45.284034],[1.227947,45.290769],[1.245195,45.318208],[1.273241,45.325577],[1.281731,45.344739],[1.252248,45.361311],[1.235298,45.350362],[1.214009,45.364897],[1.244464,45.394426],[1.207047,45.413395],[1.218982,45.423907],[1.225003,45.448888],[1.267119,45.45477],[1.309985,45.441183],[1.33143,45.464683],[1.35037,45.469062],[1.373882,45.502963],[1.414054,45.505605],[1.419094,45.529843],[1.445931,45.543277],[1.472896,45.527669],[1.489481,45.541626],[1.526449,45.526225],[1.555561,45.533468],[1.564887,45.555809],[1.597548,45.556804],[1.632498,45.575373],[1.63457,45.588765],[1.681367,45.620114],[1.726845,45.629136],[1.756605,45.642786],[1.766438,45.668438],[1.809213,45.650101],[1.860436,45.650097],[1.865458,45.66418],[1.891058,45.663849],[1.885133,45.685543],[1.902742,45.699364],[1.930295,45.699596],[1.945879,45.713855],[1.979485,45.710421],[1.993051,45.739522],[2.028943,45.746323],[2.079708,45.737035],[2.110974,45.71469],[2.132242,45.726073],[2.160749,45.726635],[2.184026,45.710648],[2.204369,45.708584],[2.19564,45.687882],[2.276781,45.680449],[2.279274,45.651215],[2.313511,45.662654],[2.329319,45.656309],[2.349495,45.671188],[2.361502,45.700353],[2.4231,45.700196],[2.450063,45.689365],[2.509111,45.730287],[2.539593,45.697776],[2.545467,45.675149],[2.530888,45.658536],[2.543917,45.645341],[2.536206,45.626632],[2.500278,45.626158],[2.495185,45.592909],[2.479969,45.578908],[2.508509,45.542701],[2.535254,45.535459],[2.535854,45.504149],[2.527194,45.456138],[2.525523,45.440856],[2.505467,45.392189],[2.545639,45.367435],[2.543217,45.356618],[2.503738,45.350688],[2.462243,45.355051],[2.43732,45.369702],[2.411655,45.37269],[2.390529,45.387544],[2.365648,45.373767],[2.381269,45.358077],[2.376577,45.327814],[2.362468,45.31789],[2.361656,45.295627],[2.32722,45.290584],[2.29547,45.251909],[2.276066,45.254805],[2.265176,45.234472],[2.244396,45.223927],[2.208613,45.189727],[2.193432,45.165167],[2.212383,45.116262],[2.212082,45.100115],[2.184844,45.088517],[2.191623,45.072978],[2.174564,45.034331],[2.141349,45.039492],[2.094105,45.006996],[2.117004,44.970164],[2.142126,44.954141],[2.134137,44.932582],[2.092932,44.932142],[2.060478,44.922684],[2.042069,44.930169],[1.975033,44.918411],[1.932034,44.899451],[1.930231,44.918571],[1.8977,44.923919],[1.874767,44.900147],[1.816857,44.888673],[1.809285,44.869789],[1.770508,44.874421],[1.757434,44.865153],[1.735611,44.883471],[1.732102,44.898279],[1.6904,44.911122],[1.681523,44.932811],[1.648592,44.95007],[1.627033,44.971891],[1.600746,44.981123],[1.548445,44.988099],[1.52296,44.975041],[1.51091,44.993564],[1.451104,44.977223],[1.443346,44.964041],[1.413837,44.964811],[1.362717,45.0093],[1.369577,45.01748],[1.348501,45.052914],[1.372697,45.063362],[1.376246,45.076542],[1.347082,45.087546],[1.312293,45.085652],[1.275731,45.094068],[1.246854,45.093857],[1.209807,45.11195],[1.241903,45.129713],[1.248999,45.140921],[1.23002,45.155169],[1.186022,45.152456],[1.187312,45.178373],[1.230289,45.195213],[1.230179,45.215493],[1.209263,45.213049],[1.180308,45.231015]]]}},{"type":"Feature","properties":{"id":"CPAM CORSE-DU-SUD","name":"CPAM CORSE-DU-SUD","title":"CPAM CORSE-DU-SUD","label":"CPAM CORSE-DU-SUD","nom_court":"CORSE-DU-SUD","organisme":"CPAM CORSE-DU-SUD","type_zone":"zone_cpam","svg":"022_Corse-du-Sud.svg","source_svg":"https://raw.githubusercontent.com/brenda-ramirez-santillan/carte-fr/refs/heads/main/022_Corse-du-Sud.svg","canvas_element":"svg_022_corsedusud","canvas_left":1037,"canvas_top":665,"canvas_width":54.35000228881836,"canvas_height":93.125,"label_longitude":8.389712,"label_latitude":43.15444,"centroid_longitude":8.369132,"centroid_latitude":43.143736,"fill":"#D9D9D9","stroke":"#A6A6A6","stroke_width":1,"modele":"Canvas utilisateur - geometrie issue des SVG et placement Canvas; conversion affine approximative vers WGS84"},"geometry":{"type":"Polygon","coordinates":[[[7.907604,43.653308],[7.930199,43.689423],[7.952896,43.677934],[8.001043,43.681335],[8.011188,43.669666],[8.04437,43.665708],[8.045703,43.655079],[8.079288,43.654084],[8.125473,43.644502],[8.13793,43.630516],[8.189103,43.623146],[8.233325,43.634525],[8.23064,43.60472],[8.247667,43.598816],[8.25484,43.575038],[8.278879,43.556193],[8.308665,43.552711],[8.32341,43.535635],[8.350707,43.534051],[8.37013,43.517201],[8.405002,43.503668],[8.427114,43.507264],[8.432453,43.468227],[8.446671,43.465066],[8.465449,43.42174],[8.509183,43.400373],[8.521264,43.380846],[8.517272,43.346335],[8.54955,43.315319],[8.577727,43.321971],[8.612122,43.318448],[8.614565,43.236858],[8.622363,43.217697],[8.612351,43.206595],[8.641695,43.192969],[8.645304,43.182534],[8.627255,43.16167],[8.619496,43.136499],[8.629427,43.126964],[8.664955,43.12086],[8.697234,43.12558],[8.705334,43.112118],[8.726734,43.117128],[8.771223,43.147211],[8.803145,43.140692],[8.807491,43.102263],[8.794818,43.077433],[8.809561,43.042617],[8.801184,42.965169],[8.772325,42.95024],[8.787628,42.930537],[8.770114,42.905458],[8.75401,42.909821],[8.735157,42.889457],[8.683824,42.876092],[8.692154,42.8488],[8.715901,42.87158],[8.74135,42.860555],[8.764989,42.863042],[8.739761,42.823566],[8.699608,42.808958],[8.680031,42.782237],[8.671733,42.756784],[8.681983,42.740984],[8.651036,42.713316],[8.617306,42.699447],[8.619946,42.67245],[8.645036,42.663579],[8.611289,42.620842],[8.571216,42.619411],[8.557912,42.638953],[8.538711,42.638451],[8.511733,42.651315],[8.479165,42.65241],[8.491682,42.680856],[8.484164,42.700147],[8.460043,42.699128],[8.423551,42.726153],[8.405752,42.720915],[8.374278,42.743651],[8.33917,42.750606],[8.299773,42.751679],[8.292127,42.766321],[8.26047,42.763902],[8.253248,42.783677],[8.226677,42.793721],[8.213115,42.807004],[8.193185,42.806573],[8.171853,42.834157],[8.145874,42.854978],[8.160353,42.869923],[8.164316,42.895129],[8.193971,42.895843],[8.224324,42.913269],[8.244068,42.913023],[8.255973,42.936357],[8.292571,42.950787],[8.291202,42.95942],[8.21422,42.967317],[8.184141,42.984705],[8.142892,42.982282],[8.153883,43.006867],[8.141722,43.013473],[8.088292,42.994849],[8.050888,43.019939],[8.07933,43.03361],[8.097275,43.050611],[8.075093,43.074402],[8.107968,43.075829],[8.139926,43.087103],[8.153946,43.107583],[8.160003,43.14571],[8.14836,43.163842],[8.172746,43.17112],[8.149333,43.20716],[8.107091,43.202982],[8.083331,43.189023],[8.034771,43.185693],[8.003448,43.190939],[7.974028,43.181661],[7.981358,43.208269],[7.957317,43.236568],[7.975246,43.255791],[8.008073,43.252571],[8.028748,43.263726],[8.018801,43.296226],[8.054365,43.315717],[8.066741,43.3148],[8.107918,43.330058],[8.105551,43.353108],[8.085267,43.353868],[8.075061,43.387998],[8.04671,43.400404],[8.020458,43.398848],[8.008507,43.414447],[7.984114,43.416419],[7.935303,43.451562],[7.948611,43.459387],[7.935958,43.485423],[7.939223,43.503833],[7.917686,43.536459],[7.97513,43.554791],[8.052216,43.56531],[8.053224,43.580854],[8.02146,43.606303],[7.997897,43.605588],[7.984569,43.616425],[7.987881,43.644526],[7.973886,43.655972],[7.948141,43.658775],[7.918446,43.637961],[7.907604,43.653308]]]}},{"type":"Feature","properties":{"id":"CPAM COTE D'OPALE","name":"CPAM COTE D'OPALE","title":"CPAM COTE D'OPALE","label":"CPAM COTE D'OPALE","nom_court":"COTE D'OPALE","organisme":"CPAM COTE D'OPALE","type_zone":"decoupage_cpam_special","svg":"023_Cote-d-Opale.svg","source_svg":"https://raw.githubusercontent.com/brenda-ramirez-santillan/carte-fr/refs/heads/main/023_Cote-d-Opale.svg","canvas_element":"svg_023_cotedopale","canvas_left":653,"canvas_top":25,"canvas_width":56.82500076293945,"canvas_height":74.5,"label_longitude":2.006887,"label_latitude":50.611742,"centroid_longitude":2.005751,"centroid_latitude":50.595726,"fill":"#D9D9D9","stroke":"#A6A6A6","stroke_width":1,"modele":"Canvas utilisateur - geometrie issue des SVG et placement Canvas; conversion affine approximative vers WGS84"},"geometry":{"type":"Polygon","coordinates":[[[1.526543,50.389116],[1.541422,50.438709],[1.549002,50.514974],[1.557327,50.537044],[1.592971,50.535021],[1.552878,50.56392],[1.54794,50.573897],[1.546473,50.649587],[1.530743,50.708661],[1.565694,50.746101],[1.576468,50.775703],[1.577513,50.807663],[1.548305,50.871326],[1.554125,50.890911],[1.615702,50.898665],[1.642202,50.912968],[1.668618,50.937548],[1.706741,50.961559],[1.761234,50.979787],[1.815534,50.988758],[1.856302,51.001483],[1.875804,50.998806],[1.903194,51.011398],[2.039509,51.027123],[2.062941,51.035901],[2.094413,51.027504],[2.13423,50.991547],[2.154139,50.951174],[2.204672,50.871896],[2.216474,50.835304],[2.258124,50.805794],[2.353234,50.798824],[2.388051,50.80213],[2.425446,50.783992],[2.351286,50.756301],[2.352236,50.74305],[2.395734,50.7093],[2.375305,50.696889],[2.395946,50.683435],[2.421918,50.684549],[2.444263,50.667995],[2.466383,50.664814],[2.467961,50.212699],[2.421101,50.220351],[2.395806,50.211299],[2.384086,50.1945],[2.352761,50.215038],[2.311493,50.197425],[2.278392,50.214132],[2.253215,50.195903],[2.223248,50.201877],[2.177851,50.192572],[2.163272,50.177871],[2.123598,50.194211],[2.084855,50.183763],[2.053552,50.240908],[2.022254,50.255976],[1.997829,50.25674],[1.927419,50.289286],[1.950926,50.300828],[1.929129,50.319591],[1.908019,50.300101],[1.863718,50.310427],[1.860142,50.321477],[1.816695,50.335353],[1.789078,50.350078],[1.761392,50.352371],[1.720043,50.34446],[1.64782,50.319175],[1.617054,50.341388],[1.599832,50.362131],[1.551654,50.369709],[1.526543,50.389116]]]}},{"type":"Feature","properties":{"id":"CPAM COTE-D'OR","name":"CPAM COTE-D'OR","title":"CPAM COTE-D'OR","label":"CPAM COTE-D'OR","nom_court":"COTE-D'OR","organisme":"CPAM COTE-D'OR","type_zone":"zone_cpam","svg":"024_Cote-d-Or.svg","source_svg":"https://raw.githubusercontent.com/brenda-ramirez-santillan/carte-fr/refs/heads/main/024_Cote-d-Or.svg","canvas_element":"svg_024_cotedor","canvas_left":802,"canvas_top":284,"canvas_width":92.30000305175781,"canvas_height":103.80000305175781,"label_longitude":4.733431,"label_latitude":47.466463,"centroid_longitude":4.746793,"centroid_latitude":47.423865,"fill":"#D9D9D9","stroke":"#A6A6A6","stroke_width":1,"modele":"Canvas utilisateur - geometrie issue des SVG et placement Canvas; conversion affine approximative vers WGS84"},"geometry":{"type":"Polygon","coordinates":[[[4.003836,47.400382],[4.059844,47.439064],[4.070609,47.472228],[4.052243,47.502461],[4.079239,47.521672],[4.09849,47.553595],[4.118043,47.555438],[4.141058,47.602918],[4.158935,47.608174],[4.156963,47.634671],[4.195492,47.66821],[4.170754,47.680445],[4.20509,47.694081],[4.214469,47.71292],[4.198981,47.728095],[4.207168,47.75579],[4.237869,47.746383],[4.282832,47.771293],[4.277207,47.802114],[4.29091,47.816893],[4.269853,47.829625],[4.268659,47.856856],[4.249179,47.868747],[4.207311,47.863338],[4.208416,47.905783],[4.224297,47.922249],[4.259855,47.927159],[4.241131,47.950082],[4.257382,47.987721],[4.301882,47.983083],[4.368189,47.995704],[4.404676,47.984185],[4.451225,47.996746],[4.477425,47.994529],[4.521385,47.999863],[4.495863,48.031245],[4.545056,48.061391],[4.580959,48.063576],[4.640371,48.046607],[4.672977,48.052244],[4.689538,48.040328],[4.720452,48.035564],[4.762295,48.039561],[4.768223,48.013524],[4.758205,47.99832],[4.785533,47.988358],[4.821482,47.990568],[4.843562,47.968726],[4.804567,47.941682],[4.834161,47.921432],[4.854365,47.94732],[4.881241,47.948576],[4.909073,47.912302],[4.909191,47.895627],[4.936407,47.891156],[4.951543,47.854387],[4.978483,47.841421],[4.971498,47.824174],[4.899085,47.796319],[4.912224,47.779482],[4.932077,47.783467],[4.955509,47.746776],[4.936692,47.722019],[4.943086,47.711536],[4.97724,47.70254],[5.016847,47.725054],[5.031272,47.690317],[5.074818,47.670159],[5.120407,47.660263],[5.173017,47.695711],[5.168142,47.665652],[5.207958,47.654556],[5.237316,47.627439],[5.236789,47.607496],[5.25187,47.58605],[5.301124,47.615898],[5.343362,47.620482],[5.35909,47.601779],[5.379229,47.615873],[5.406318,47.608182],[5.433327,47.645264],[5.488074,47.620832],[5.508799,47.563218],[5.497699,47.534373],[5.4822,47.534823],[5.456415,47.501671],[5.40607,47.504343],[5.382387,47.467899],[5.413862,47.465026],[5.441134,47.440328],[5.461383,47.382986],[5.488679,47.394998],[5.509297,47.389633],[5.499972,47.35985],[5.505141,47.328202],[5.483558,47.312115],[5.532322,47.298824],[5.517874,47.279148],[5.500546,47.282964],[5.498227,47.242355],[5.485755,47.221253],[5.492101,47.206762],[5.4585,47.184182],[5.470345,47.170759],[5.450257,47.129344],[5.41744,47.109794],[5.419515,47.097126],[5.393733,47.063028],[5.326606,47.053177],[5.286433,47.026462],[5.277465,47.004216],[5.314034,46.99497],[5.306571,46.979025],[5.281311,46.974702],[5.256505,46.954341],[5.221508,46.963655],[5.179324,46.948592],[5.162936,46.936921],[5.118852,46.93655],[5.093544,46.928245],[5.068287,46.931721],[5.039844,46.955075],[4.991589,46.944839],[4.982241,46.931049],[4.911749,46.939578],[4.878686,46.938042],[4.876478,46.922086],[4.765609,46.901124],[4.757333,46.886598],[4.702179,46.887595],[4.689174,46.874351],[4.657382,46.867783],[4.635283,46.881741],[4.650535,46.898837],[4.620024,46.910351],[4.59174,46.909746],[4.556264,46.925326],[4.539465,46.943939],[4.519458,46.99322],[4.468873,46.985759],[4.449288,47.005579],[4.413067,47.015712],[4.386317,47.013453],[4.363099,47.02414],[4.358057,47.058673],[4.297751,47.047552],[4.303054,47.073535],[4.222863,47.085319],[4.203164,47.094517],[4.182673,47.124488],[4.156034,47.134669],[4.158778,47.162613],[4.177785,47.180839],[4.164426,47.203585],[4.122232,47.234898],[4.077492,47.22103],[4.056645,47.265712],[4.054753,47.295571],[4.071853,47.308622],[4.066004,47.325148],[4.046201,47.328651],[4.014606,47.375291],[4.027286,47.389145],[4.003836,47.400382]]]}},{"type":"Feature","properties":{"id":"CPAM COTES-D'ARMOR","name":"CPAM COTES-D'ARMOR","title":"CPAM COTES-D'ARMOR","label":"CPAM COTES-D'ARMOR","nom_court":"COTES-D'ARMOR","organisme":"CPAM COTES-D'ARMOR","type_zone":"zone_cpam","svg":"025_Cotes-dArmor.svg","source_svg":"https://raw.githubusercontent.com/brenda-ramirez-santillan/carte-fr/refs/heads/main/025_Cotes-dArmor.svg","canvas_element":"svg_025_cotesdarmor","canvas_left":335,"canvas_top":212,"canvas_width":111.05000305175781,"canvas_height":76.57500457763672,"label_longitude":-2.784958,"label_latitude":48.408009,"centroid_longitude":-2.896674,"centroid_latitude":48.404636,"fill":"#D9D9D9","stroke":"#A6A6A6","stroke_width":1,"modele":"Canvas utilisateur - geometrie issue des SVG et placement Canvas; conversion affine approximative vers WGS84"},"geometry":{"type":"Polygon","coordinates":[[[-3.732176,48.631991],[-3.708391,48.64425],[-3.650292,48.643828],[-3.654217,48.693685],[-3.623294,48.704804],[-3.618038,48.726687],[-3.653478,48.75063],[-3.647254,48.769034],[-3.60217,48.784495],[-3.608424,48.806101],[-3.589732,48.81327],[-3.531592,48.806627],[-3.491894,48.779254],[-3.457582,48.78312],[-3.441735,48.799266],[-3.415017,48.803386],[-3.379672,48.822169],[-3.315224,48.820491],[-3.29815,48.843509],[-3.27079,48.85358],[-3.252913,48.819852],[-3.216286,48.839754],[-3.170916,48.852233],[-3.139028,48.855478],[-3.12737,48.812799],[-3.096015,48.800236],[-3.053883,48.807731],[-3.045935,48.78466],[-3.087182,48.771257],[-3.050848,48.749012],[-2.987057,48.746148],[-2.964591,48.735835],[-2.981438,48.700852],[-2.960523,48.687093],[-2.92368,48.676824],[-2.913608,48.651902],[-2.88809,48.651779],[-2.856895,48.627135],[-2.845034,48.583963],[-2.848982,48.566808],[-2.807031,48.558091],[-2.79955,48.542729],[-2.744321,48.527036],[-2.745027,48.503101],[-2.721229,48.474469],[-2.697309,48.479854],[-2.703562,48.501487],[-2.649619,48.496421],[-2.650693,48.509149],[-2.623718,48.523779],[-2.57564,48.560593],[-2.507882,48.584767],[-2.484436,48.599866],[-2.479405,48.627934],[-2.445365,48.630855],[-2.420652,48.619671],[-2.366835,48.634822],[-2.318091,48.654668],[-2.29662,48.639834],[-2.316764,48.611445],[-2.342011,48.597016],[-2.315083,48.588439],[-2.3025,48.601789],[-2.264311,48.622714],[-2.20296,48.554485],[-2.171604,48.552009],[-2.152343,48.564749],[-2.161411,48.581506],[-2.11714,48.581907],[-2.11666,48.56562],[-2.084186,48.548263],[-2.034001,48.539763],[-2.035416,48.518393],[-1.994149,48.541979],[-1.957685,48.508855],[-1.932143,48.513392],[-1.908065,48.520385],[-1.893125,48.49094],[-1.909651,48.447947],[-1.906466,48.431072],[-1.932429,48.415652],[-1.935802,48.397361],[-1.919885,48.387794],[-1.921525,48.35743],[-1.931187,48.333637],[-1.911488,48.310552],[-1.951259,48.305891],[-1.938479,48.278739],[-1.984072,48.257216],[-2.000665,48.238673],[-2.041954,48.258361],[-2.066059,48.242774],[-2.101556,48.209994],[-2.119177,48.21718],[-2.157074,48.213287],[-2.182337,48.202697],[-2.179511,48.167529],[-2.216718,48.155708],[-2.221786,48.122309],[-2.246432,48.103348],[-2.283228,48.095235],[-2.287433,48.082984],[-2.308937,48.086082],[-2.322934,48.071771],[-2.37647,48.070926],[-2.380455,48.090674],[-2.405949,48.104465],[-2.413553,48.118458],[-2.457917,48.123703],[-2.466524,48.113663],[-2.499661,48.104729],[-2.54664,48.106175],[-2.528369,48.07568],[-2.562882,48.044935],[-2.56188,48.02129],[-2.595894,48.010958],[-2.645632,47.975461],[-2.690571,47.992677],[-2.693193,48.006422],[-2.675216,48.028748],[-2.672161,48.064537],[-2.688228,48.079962],[-2.724063,48.064194],[-2.78239,48.056293],[-2.807632,48.066502],[-2.837052,48.093538],[-2.880128,48.087943],[-2.934775,48.110505],[-2.973711,48.119659],[-3.02419,48.106775],[-3.049516,48.119888],[-3.051887,48.135654],[-3.079966,48.152724],[-3.174356,48.14702],[-3.183825,48.110282],[-3.20039,48.104704],[-3.244364,48.108989],[-3.263597,48.093522],[-3.302448,48.094294],[-3.323355,48.084546],[-3.352165,48.100068],[-3.369612,48.099736],[-3.399674,48.115782],[-3.431601,48.10839],[-3.470723,48.091255],[-3.496179,48.10007],[-3.480428,48.11753],[-3.541521,48.132189],[-3.586869,48.124156],[-3.63124,48.131431],[-3.603334,48.153488],[-3.623989,48.176744],[-3.619257,48.190966],[-3.590683,48.211031],[-3.582414,48.23337],[-3.606452,48.251466],[-3.623335,48.289972],[-3.621175,48.334696],[-3.674763,48.343717],[-3.669672,48.380865],[-3.630505,48.400365],[-3.64968,48.426665],[-3.66816,48.432609],[-3.674137,48.459336],[-3.650498,48.471162],[-3.620984,48.496199],[-3.63803,48.52333],[-3.662552,48.521631],[-3.659273,48.551419],[-3.712972,48.566035],[-3.726909,48.587321],[-3.732176,48.631991]]]}},{"type":"Feature","properties":{"id":"CPAM CREUSE","name":"CPAM CREUSE","title":"CPAM CREUSE","label":"CPAM CREUSE","nom_court":"CREUSE","organisme":"CPAM CREUSE","type_zone":"zone_cpam","svg":"026_Creuse.svg","source_svg":"https://raw.githubusercontent.com/brenda-ramirez-santillan/carte-fr/refs/heads/main/026_Creuse.svg","canvas_element":"svg_026_creuse","canvas_left":641,"canvas_top":423,"canvas_width":78.5250015258789,"canvas_height":72.5999984741211,"label_longitude":2.053779,"label_latitude":46.036863,"centroid_longitude":2.019438,"centroid_latitude":46.063593,"fill":"#D9D9D9","stroke":"#A6A6A6","stroke_width":1,"modele":"Canvas utilisateur - geometrie issue des SVG et placement Canvas; conversion affine approximative vers WGS84"},"geometry":{"type":"Polygon","coordinates":[[[1.342513,46.192673],[1.36267,46.217],[1.386542,46.219787],[1.372602,46.239856],[1.396559,46.281244],[1.414632,46.288712],[1.384408,46.332286],[1.405589,46.349974],[1.434524,46.36229],[1.49679,46.416732],[1.519602,46.406655],[1.522055,46.381886],[1.546713,46.394731],[1.593644,46.394752],[1.625836,46.375358],[1.666491,46.408737],[1.695304,46.381245],[1.712983,46.378529],[1.746956,46.419087],[1.733689,46.442749],[1.787092,46.448089],[1.809401,46.421986],[1.876655,46.424976],[1.903683,46.436687],[1.919651,46.424493],[1.976213,46.433094],[1.991989,46.423809],[2.046002,46.413943],[2.077365,46.412507],[2.092914,46.401012],[2.135724,46.412818],[2.175789,46.417456],[2.207105,46.422085],[2.224245,46.416715],[2.262129,46.420314],[2.294952,46.414165],[2.299004,46.378119],[2.339639,46.357386],[2.318024,46.344471],[2.339437,46.317979],[2.372979,46.314337],[2.389421,46.300614],[2.411849,46.319079],[2.442005,46.298227],[2.443021,46.271251],[2.4658,46.282338],[2.505541,46.267734],[2.501723,46.255383],[2.517273,46.232719],[2.542626,46.221307],[2.55563,46.167809],[2.589077,46.154261],[2.595065,46.122197],[2.579527,46.096654],[2.581418,46.058104],[2.602058,46.022096],[2.634522,46.006468],[2.626184,45.95986],[2.643463,45.940678],[2.600218,45.927332],[2.581352,45.908674],[2.55656,45.864086],[2.519145,45.826656],[2.49639,45.835329],[2.450169,45.795371],[2.423637,45.798204],[2.40966,45.787342],[2.451216,45.752541],[2.459792,45.723687],[2.480082,45.717344],[2.519508,45.692982],[2.460459,45.652074],[2.433482,45.662902],[2.371886,45.66306],[2.359871,45.633903],[2.339693,45.619022],[2.323887,45.625361],[2.289646,45.613924],[2.287151,45.643151],[2.206001,45.650586],[2.214729,45.671284],[2.194377,45.673343],[2.171101,45.689334],[2.142592,45.688768],[2.121311,45.677385],[2.090058,45.69973],[2.039284,45.709019],[2.003386,45.702216],[1.989824,45.673128],[1.956205,45.67656],[1.940615,45.662304],[1.913054,45.662068],[1.895449,45.648253],[1.8767,45.66358],[1.870503,45.684625],[1.890387,45.712732],[1.876321,45.753357],[1.840044,45.766113],[1.82109,45.765878],[1.779699,45.78711],[1.744556,45.814002],[1.70153,45.797293],[1.675723,45.800931],[1.661324,45.791867],[1.583149,45.815128],[1.582971,45.850575],[1.618369,45.84807],[1.622254,45.859836],[1.596197,45.893994],[1.558451,45.892178],[1.557537,45.878277],[1.524934,45.877656],[1.506677,45.893421],[1.509265,45.915629],[1.544626,45.926855],[1.555417,45.945681],[1.543111,45.962671],[1.515457,45.96287],[1.513076,45.993396],[1.526497,46.003108],[1.508122,46.027088],[1.519807,46.046639],[1.479736,46.058673],[1.466038,46.086725],[1.479902,46.100262],[1.440551,46.125762],[1.427143,46.156677],[1.385114,46.152372],[1.342513,46.192673]]]}},{"type":"Feature","properties":{"id":"CPAM DEUX SEVRES","name":"CPAM DEUX SEVRES","title":"CPAM DEUX SEVRES","label":"CPAM DEUX SEVRES","nom_court":"DEUX SEVRES","organisme":"CPAM DEUX SEVRES","type_zone":"zone_cpam","svg":"027_Deux-Sevres.svg","source_svg":"https://raw.githubusercontent.com/brenda-ramirez-santillan/carte-fr/refs/heads/main/027_Deux-Sevres.svg","canvas_element":"svg_027_deuxsevres","canvas_left":504,"canvas_top":365,"canvas_width":70.67500305175781,"canvas_height":104.57500457763672,"label_longitude":-0.304575,"label_latitude":46.505415,"centroid_longitude":-0.323142,"centroid_latitude":46.522687,"fill":"#D9D9D9","stroke":"#A6A6A6","stroke_width":1,"modele":"Canvas utilisateur - geometrie issue des SVG et placement Canvas; conversion affine approximative vers WGS84"},"geometry":{"type":"Polygon","coordinates":[[[-0.928365,46.962918],[-0.890467,46.966563],[-0.818672,46.994487],[-0.791667,46.980857],[-0.772146,46.990015],[-0.742919,46.974081],[-0.701112,46.991448],[-0.667454,46.982923],[-0.637803,46.982453],[-0.585083,47.010755],[-0.574758,47.036318],[-0.57899,47.055722],[-0.511541,47.077745],[-0.477199,47.077432],[-0.478782,47.062227],[-0.441242,47.067858],[-0.412029,47.06594],[-0.393862,47.083949],[-0.36703,47.090371],[-0.349691,47.08378],[-0.293426,47.098974],[-0.244639,47.103757],[-0.203543,47.093486],[-0.185009,47.106808],[-0.150569,47.09906],[-0.178184,47.066026],[-0.145749,47.066268],[-0.125415,47.050051],[-0.097828,47.061152],[-0.075557,47.006104],[-0.06037,46.986283],[-0.030269,46.981682],[-0.036498,46.948825],[-0.013314,46.927884],[0.000678,46.895138],[-0.01841,46.865881],[0.037315,46.837533],[0.027915,46.818532],[0.002221,46.83165],[-0.03761,46.815185],[-0.010848,46.794733],[-0.012882,46.770332],[-0.005025,46.735194],[0.016769,46.733361],[0.051078,46.709234],[0.011623,46.692796],[0.003694,46.657484],[-0.031453,46.637006],[-0.024011,46.626389],[-0.057525,46.603798],[-0.016722,46.60019],[0.014538,46.581229],[0.035294,46.585272],[0.032466,46.554144],[0.002985,46.535392],[0.019802,46.514758],[0.004062,46.488543],[-0.021393,46.490225],[-0.032715,46.432012],[-0.006186,46.437698],[0.000861,46.409725],[-0.005974,46.370009],[0.012351,46.349671],[0.03386,46.345523],[0.048143,46.33024],[0.026767,46.312746],[0.043435,46.3045],[0.046509,46.281896],[0.094684,46.257909],[0.115181,46.285389],[0.156979,46.305274],[0.19664,46.286861],[0.190752,46.263936],[0.1725,46.256399],[0.19377,46.230532],[0.180381,46.217729],[0.148062,46.218269],[0.163561,46.17906],[0.132059,46.159961],[0.126129,46.132335],[0.157965,46.1269],[0.176106,46.101923],[0.209754,46.092928],[0.24474,46.103138],[0.2391,46.082841],[0.214112,46.054603],[0.220773,46.036933],[0.200308,46.023878],[0.155872,46.045606],[0.118015,46.033646],[0.089941,46.034545],[0.033601,45.990825],[-0.020341,45.993815],[-0.009147,45.965237],[-0.034438,45.956376],[-0.030031,45.927679],[-0.094649,45.902153],[-0.130371,45.911823],[-0.131804,45.930398],[-0.158381,45.944694],[-0.156388,45.970614],[-0.185527,45.961481],[-0.191375,45.980757],[-0.21067,45.980362],[-0.273892,45.994043],[-0.283135,46.017751],[-0.335027,46.020449],[-0.368326,46.012875],[-0.378104,46.031795],[-0.409088,46.021882],[-0.431274,46.032004],[-0.503346,46.046847],[-0.547831,46.079915],[-0.562416,46.084615],[-0.639138,46.077383],[-0.648115,46.101923],[-0.676534,46.11128],[-0.707667,46.1434],[-0.71388,46.163217],[-0.777873,46.190284],[-0.761572,46.213441],[-0.776284,46.234506],[-0.77705,46.252929],[-0.746995,46.251075],[-0.745194,46.26434],[-0.721221,46.275243],[-0.694837,46.265985],[-0.669567,46.267097],[-0.657391,46.288789],[-0.624126,46.299074],[-0.622389,46.31423],[-0.578798,46.312612],[-0.553633,46.34102],[-0.583379,46.347887],[-0.629871,46.369507],[-0.641053,46.34482],[-0.66193,46.37199],[-0.657987,46.389025],[-0.639009,46.396047],[-0.636134,46.420104],[-0.645814,46.458064],[-0.667056,46.469698],[-0.645406,46.492195],[-0.621842,46.496071],[-0.62677,46.526788],[-0.645616,46.542639],[-0.63233,46.55425],[-0.648307,46.572524],[-0.634777,46.588196],[-0.65596,46.606073],[-0.65955,46.632399],[-0.705111,46.658133],[-0.679339,46.673046],[-0.692749,46.690407],[-0.725709,46.709888],[-0.7544,46.743443],[-0.735163,46.80008],[-0.760426,46.800426],[-0.811837,46.822746],[-0.847344,46.861231],[-0.865148,46.866628],[-0.849295,46.887276],[-0.862134,46.918317],[-0.886157,46.932106],[-0.908299,46.929707],[-0.928365,46.962918]]]}},{"type":"Feature","properties":{"id":"CPAM DORDOGNE","name":"CPAM DORDOGNE","title":"CPAM DORDOGNE","label":"CPAM DORDOGNE","nom_court":"DORDOGNE","organisme":"CPAM DORDOGNE","type_zone":"zone_cpam","svg":"028_Dordogne.svg","source_svg":"https://raw.githubusercontent.com/brenda-ramirez-santillan/carte-fr/refs/heads/main/028_Dordogne.svg","canvas_element":"svg_028_dordogne","canvas_left":553,"canvas_top":487,"canvas_width":94.55000305175781,"canvas_height":104.4749984741211,"label_longitude":0.605519,"label_latitude":45.105001,"centroid_longitude":0.711325,"centroid_latitude":45.059931,"fill":"#D9D9D9","stroke":"#A6A6A6","stroke_width":1,"modele":"Canvas utilisateur - geometrie issue des SVG et placement Canvas; conversion affine approximative vers WGS84"},"geometry":{"type":"Polygon","coordinates":[[[-0.11045,45.053178],[-0.099015,45.082297],[-0.107266,45.091984],[-0.063398,45.107778],[-0.086688,45.124736],[-0.063945,45.14789],[-0.060399,45.158912],[-0.031917,45.166167],[-0.012448,45.185429],[0.011039,45.178561],[0.032536,45.186721],[0.06847,45.165851],[0.110692,45.196784],[0.118081,45.21453],[0.146206,45.225106],[0.163983,45.253497],[0.191317,45.252728],[0.214722,45.269686],[0.209638,45.300181],[0.19383,45.339895],[0.223148,45.398791],[0.240217,45.406158],[0.254252,45.434484],[0.305438,45.439611],[0.385495,45.479155],[0.420014,45.518669],[0.452087,45.523966],[0.46282,45.533976],[0.456693,45.554256],[0.472214,45.58324],[0.455624,45.60041],[0.493084,45.618268],[0.520072,45.617725],[0.526939,45.637119],[0.559474,45.658035],[0.59184,45.704713],[0.617685,45.677462],[0.668033,45.676036],[0.683157,45.684368],[0.710191,45.679901],[0.732893,45.656379],[0.745669,45.655707],[0.732336,45.614106],[0.720273,45.603452],[0.750708,45.574876],[0.775079,45.58034],[0.783497,45.558818],[0.816174,45.565757],[0.833657,45.597904],[0.849904,45.60729],[0.874575,45.584584],[0.925883,45.599451],[0.967322,45.59001],[1.006059,45.595991],[1.019353,45.585739],[1.018999,45.557275],[1.031766,45.541048],[1.060347,45.528306],[1.066403,45.515874],[1.097873,45.527587],[1.126662,45.522286],[1.157852,45.506607],[1.12497,45.486954],[1.108038,45.467151],[1.124975,45.449331],[1.154763,45.454412],[1.178413,45.433098],[1.202474,45.441463],[1.248457,45.421727],[1.285857,45.402743],[1.255403,45.373193],[1.276697,45.358647],[1.293643,45.369613],[1.323114,45.353022],[1.314634,45.333851],[1.286592,45.326477],[1.269345,45.299027],[1.230655,45.292288],[1.236793,45.26966],[1.221714,45.239247],[1.250658,45.221281],[1.271578,45.223719],[1.271681,45.203433],[1.228722,45.186584],[1.227436,45.160645],[1.271414,45.163364],[1.290389,45.149106],[1.283306,45.137888],[1.251199,45.120116],[1.288251,45.102021],[1.317132,45.102224],[1.353682,45.093818],[1.388474,45.09571],[1.41763,45.084692],[1.414075,45.071503],[1.389894,45.061055],[1.410964,45.025605],[1.404104,45.017422],[1.455212,44.972909],[1.41425,44.958611],[1.440078,44.887066],[1.416016,44.855886],[1.446849,44.83486],[1.446793,44.820027],[1.41013,44.80652],[1.407126,44.79284],[1.364534,44.783469],[1.367475,44.752543],[1.329643,44.747024],[1.299734,44.736704],[1.296236,44.716461],[1.324222,44.703174],[1.317208,44.67693],[1.278774,44.65076],[1.246043,44.642003],[1.221178,44.617068],[1.162571,44.612279],[1.139329,44.601931],[1.146896,44.568582],[1.086027,44.516865],[1.064441,44.503082],[1.062465,44.522396],[1.000815,44.541693],[0.975575,44.565962],[0.920747,44.568414],[0.870387,44.542018],[0.848631,44.523178],[0.815667,44.526641],[0.814264,44.54291],[0.792795,44.554339],[0.813102,44.566707],[0.820428,44.593097],[0.802161,44.606252],[0.803074,44.623087],[0.772247,44.633399],[0.7535,44.613838],[0.700133,44.605848],[0.628467,44.606136],[0.621114,44.627337],[0.595929,44.63599],[0.574566,44.625652],[0.540289,44.624064],[0.5333,44.603779],[0.50784,44.592807],[0.475698,44.607132],[0.446142,44.594648],[0.428269,44.597631],[0.402175,44.579685],[0.372629,44.572665],[0.321528,44.588211],[0.301134,44.587002],[0.311539,44.61974],[0.291427,44.632393],[0.297303,44.653057],[0.273121,44.679486],[0.245767,44.694882],[0.221394,44.717108],[0.2102,44.762453],[0.231592,44.75979],[0.264118,44.782981],[0.226172,44.805621],[0.182616,44.807804],[0.186403,44.794363],[0.149746,44.775389],[0.135677,44.756297],[0.044889,44.768459],[-0.017805,44.759543],[-0.047606,44.785909],[-0.090314,44.78683],[-0.03135,44.855697],[-0.064186,44.889379],[-0.047541,44.924302],[-0.025596,44.938327],[-0.03014,44.95699],[0.009027,45.019606],[-0.001335,45.046572],[-0.02528,45.067332],[-0.071975,45.071569],[-0.11045,45.053178]]]}},{"type":"Feature","properties":{"id":"CPAM DOUBS","name":"CPAM DOUBS","title":"CPAM DOUBS","label":"CPAM DOUBS","nom_court":"DOUBS","organisme":"CPAM DOUBS","type_zone":"zone_cpam","svg":"029_Doubs.svg","source_svg":"https://raw.githubusercontent.com/brenda-ramirez-santillan/carte-fr/refs/heads/main/029_Doubs.svg","canvas_element":"svg_029_doubs","canvas_left":902,"canvas_top":325,"canvas_width":86.5999984741211,"canvas_height":92.6500015258789,"label_longitude":6.231333,"label_latitude":47.068003,"centroid_longitude":6.358531,"centroid_latitude":47.179483,"fill":"#D9D9D9","stroke":"#A6A6A6","stroke_width":1,"modele":"Canvas utilisateur - geometrie issue des SVG et placement Canvas; conversion affine approximative vers WGS84"},"geometry":{"type":"Polygon","coordinates":[[[5.659865,47.281282],[5.695183,47.27995],[5.737696,47.295832],[5.749351,47.30884],[5.812514,47.319089],[5.829338,47.334396],[5.880573,47.35252],[5.899578,47.366942],[5.940352,47.358996],[5.954946,47.347268],[6.009157,47.360048],[6.01727,47.368255],[6.06051,47.377457],[6.100933,47.421173],[6.143729,47.413417],[6.186832,47.457542],[6.214933,47.449448],[6.245602,47.453026],[6.253122,47.475825],[6.270621,47.473637],[6.327355,47.539523],[6.414887,47.555935],[6.463122,47.54669],[6.47624,47.53027],[6.497226,47.540057],[6.520902,47.530457],[6.537855,47.540639],[6.557906,47.526709],[6.578872,47.529673],[6.589469,47.545057],[6.573242,47.569288],[6.586964,47.581014],[6.618041,47.566774],[6.655701,47.572126],[6.680293,47.596195],[6.727868,47.591154],[6.752498,47.59562],[6.782605,47.575662],[6.814206,47.587978],[6.82415,47.602088],[6.834355,47.58639],[6.880782,47.586191],[6.904582,47.594581],[6.927953,47.586261],[6.932248,47.563157],[6.970667,47.548333],[6.954629,47.534353],[6.930183,47.530197],[6.9404,47.503268],[6.95632,47.48953],[6.965033,47.465827],[6.96287,47.436882],[6.940993,47.436262],[6.934456,47.415186],[6.90727,47.403363],[6.900993,47.386186],[6.943199,47.383178],[7.021739,47.391708],[7.040541,47.402243],[7.080116,47.389518],[7.09331,47.372062],[7.076541,47.353797],[7.044977,47.339485],[7.020841,47.320267],[6.968066,47.311766],[6.981174,47.265695],[6.965979,47.252596],[6.904797,47.220318],[6.879615,47.180798],[6.818641,47.142842],[6.780336,47.133131],[6.755289,47.120591],[6.756584,47.102617],[6.732134,47.100246],[6.704658,47.076568],[6.72831,47.058096],[6.713206,47.047356],[6.673259,47.035715],[6.644048,47.004033],[6.60142,46.996799],[6.573474,46.984874],[6.523302,46.974284],[6.50002,46.977682],[6.447462,46.935069],[6.432874,46.929126],[6.466565,46.888676],[6.461946,46.847879],[6.443695,46.827344],[6.435609,46.794622],[6.460618,46.781014],[6.426405,46.745197],[6.393996,46.738109],[6.390578,46.727629],[6.341269,46.699361],[6.27882,46.677222],[6.218677,46.631497],[6.163646,46.595077],[6.113052,46.56961],[6.095655,46.554727],[6.124498,46.535127],[6.117488,46.53095],[6.030161,46.587642],[6.041247,46.607151],[6.08989,46.633173],[6.052211,46.674297],[6.097507,46.693801],[6.125816,46.712475],[6.168152,46.729945],[6.173363,46.744321],[6.195818,46.756058],[6.16316,46.791996],[6.119392,46.819104],[6.073914,46.835591],[6.047266,46.854304],[6.013969,46.843486],[6.005744,46.858778],[5.984191,46.868152],[5.990383,46.884978],[5.959715,46.905487],[5.97426,46.932057],[5.940056,46.947329],[5.956528,46.963702],[5.944653,46.981592],[5.92032,46.990442],[5.902956,46.982562],[5.884136,47.001454],[5.807998,47.011063],[5.786537,47.018805],[5.777835,47.050953],[5.754276,47.023153],[5.714186,47.019401],[5.705031,47.034059],[5.751067,47.059438],[5.733936,47.09588],[5.771711,47.121358],[5.788559,47.154326],[5.778776,47.18035],[5.75119,47.184432],[5.752295,47.200357],[5.72624,47.205802],[5.718236,47.219354],[5.682828,47.233711],[5.681965,47.255361],[5.659865,47.281282]]]}},{"type":"Feature","properties":{"id":"CPAM DROME","name":"CPAM DROME","title":"CPAM DROME","label":"CPAM DROME","nom_court":"DROME","organisme":"CPAM DROME","type_zone":"zone_cpam","svg":"030_Drome.svg","source_svg":"https://raw.githubusercontent.com/brenda-ramirez-santillan/carte-fr/refs/heads/main/030_Drome.svg","canvas_element":"svg_030_drome","canvas_left":838,"canvas_top":518,"canvas_width":74.82500457763672,"canvas_height":112.82500457763672,"label_longitude":5.188126,"label_latitude":44.731043,"centroid_longitude":5.154164,"centroid_latitude":44.672457,"fill":"#D9D9D9","stroke":"#A6A6A6","stroke_width":1,"modele":"Canvas utilisateur - geometrie issue des SVG et placement Canvas; conversion affine approximative vers WGS84"},"geometry":{"type":"Polygon","coordinates":[[[4.610541,44.338751],[4.626659,44.366861],[4.629713,44.400446],[4.662511,44.423516],[4.662725,44.45463],[4.653238,44.464699],[4.655341,44.490102],[4.671016,44.50669],[4.655514,44.533125],[4.674248,44.560378],[4.706715,44.568182],[4.705859,44.582596],[4.741121,44.627092],[4.748362,44.667952],[4.729024,44.707291],[4.726827,44.761914],[4.763253,44.785444],[4.790414,44.83311],[4.8111,44.83736],[4.830044,44.868319],[4.828281,44.901542],[4.857264,44.935021],[4.846795,44.956734],[4.83044,44.967926],[4.820968,44.998382],[4.806648,45.009026],[4.809333,45.041841],[4.830716,45.062737],[4.800063,45.078293],[4.795436,45.112022],[4.771319,45.132863],[4.771251,45.144759],[4.797067,45.169758],[4.780853,45.176802],[4.771386,45.209157],[4.779511,45.220079],[4.768937,45.243963],[4.776183,45.279403],[4.775926,45.310605],[4.766467,45.319568],[4.827735,45.331077],[4.849769,45.318456],[4.900279,45.345734],[4.934988,45.353275],[4.964702,45.368893],[4.986228,45.367075],[4.997038,45.343725],[5.033276,45.34277],[5.055601,45.303472],[5.121897,45.319034],[5.104099,45.268267],[5.162049,45.268616],[5.170562,45.250442],[5.150373,45.217189],[5.174982,45.187041],[5.173979,45.133652],[5.148257,45.10981],[5.13333,45.085178],[5.157088,45.078715],[5.169802,45.095575],[5.214803,45.089763],[5.238246,45.070556],[5.293217,45.072581],[5.310564,45.060874],[5.338741,45.059373],[5.385569,45.045041],[5.450005,45.082022],[5.460089,45.096438],[5.484841,45.095987],[5.467351,45.064021],[5.482475,45.021931],[5.49583,45.003625],[5.479713,44.972056],[5.486158,44.925021],[5.47734,44.867081],[5.465639,44.822974],[5.487701,44.820001],[5.466148,44.787469],[5.544493,44.768715],[5.590154,44.772656],[5.592133,44.759417],[5.637608,44.746002],[5.658759,44.716084],[5.723534,44.713047],[5.755205,44.704192],[5.774528,44.686954],[5.82113,44.698547],[5.848122,44.691814],[5.846788,44.676348],[5.819083,44.663783],[5.809917,44.64187],[5.771318,44.651666],[5.742071,44.626833],[5.653368,44.638763],[5.655836,44.594997],[5.628396,44.566728],[5.607001,44.524433],[5.63871,44.515382],[5.677877,44.480976],[5.641372,44.480045],[5.627306,44.449838],[5.614028,44.442192],[5.570622,44.451823],[5.52231,44.469085],[5.483785,44.468753],[5.461641,44.442083],[5.467706,44.422779],[5.503359,44.411773],[5.480495,44.393028],[5.449641,44.405723],[5.419527,44.398269],[5.445405,44.362706],[5.437002,44.339249],[5.464034,44.338549],[5.473301,44.320769],[5.49823,44.305744],[5.528374,44.318737],[5.544821,44.302111],[5.62869,44.301403],[5.619265,44.275991],[5.650503,44.266809],[5.644464,44.250943],[5.660848,44.238061],[5.691014,44.24142],[5.687777,44.203647],[5.696536,44.196332],[5.691151,44.152424],[5.665454,44.150335],[5.660672,44.12566],[5.698279,44.122594],[5.694019,44.104435],[5.644647,44.109785],[5.652912,44.127001],[5.621271,44.148623],[5.586176,44.148322],[5.573813,44.130111],[5.593425,44.116151],[5.560179,44.107706],[5.548786,44.089046],[5.505055,44.07137],[5.458712,44.074861],[5.438609,44.109087],[5.383421,44.112653],[5.384602,44.161103],[5.352509,44.174052],[5.334445,44.163484],[5.28753,44.174825],[5.249888,44.19114],[5.230649,44.173247],[5.164186,44.18093],[5.14305,44.191567],[5.149983,44.207098],[5.137424,44.245664],[5.155757,44.256299],[5.161467,44.274685],[5.089889,44.242741],[5.060437,44.247407],[5.043576,44.272781],[4.98579,44.249863],[4.960477,44.24771],[4.909523,44.223446],[4.852899,44.222467],[4.797922,44.187093],[4.784701,44.191255],[4.783107,44.218134],[4.772967,44.241657],[4.774414,44.266978],[4.729849,44.2895],[4.685546,44.290687],[4.64236,44.283896],[4.612458,44.293605],[4.610541,44.338751]],[[4.844684,44.315728],[4.869724,44.303602],[4.855366,44.289568],[4.86368,44.267545],[4.89804,44.272758],[4.957421,44.261061],[5.00424,44.312608],[5.008093,44.330505],[5.034374,44.33257],[5.030892,44.350092],[4.996151,44.36213],[4.993528,44.375432],[4.967497,44.394209],[4.940881,44.392726],[4.893847,44.377517],[4.881472,44.341807],[4.867086,44.33192],[4.844684,44.315728]]]}},{"type":"Feature","properties":{"id":"CPAM DU TERRITOIRE DE BELFORT","name":"CPAM DU TERRITOIRE DE BELFORT","title":"CPAM DU TERRITOIRE DE BELFORT","label":"CPAM DU TERRITOIRE DE BELFORT","nom_court":"DU TERRITOIRE DE BELFORT","organisme":"CPAM DU TERRITOIRE DE BELFORT","type_zone":"zone_cpam","svg":"096_T-de-Belfort.svg","source_svg":"https://raw.githubusercontent.com/brenda-ramirez-santillan/carte-fr/refs/heads/main/096_T-de-Belfort.svg","canvas_element":"svg_096_tdebelfort","canvas_left":968,"canvas_top":303,"canvas_width":24.05000114440918,"canvas_height":35.72500228881836,"label_longitude":6.901948,"label_latitude":47.65222,"centroid_longitude":6.930401,"centroid_latitude":47.654418,"fill":"#D9D9D9","stroke":"#A6A6A6","stroke_width":1,"modele":"Canvas utilisateur - geometrie issue des SVG et placement Canvas; conversion affine approximative vers WGS84"},"geometry":{"type":"Polygon","coordinates":[[[6.75093,47.751162],[6.751908,47.775929],[6.781173,47.812206],[6.808254,47.827098],[6.820864,47.845143],[6.844602,47.855711],[6.84707,47.833447],[6.861811,47.817142],[6.926512,47.800659],[6.943762,47.8019],[6.976109,47.782103],[7.018767,47.770735],[7.045788,47.749641],[7.034382,47.727774],[7.055311,47.696704],[7.026572,47.674555],[7.012103,47.641413],[7.033658,47.613297],[7.074898,47.622355],[7.097556,47.613491],[7.118656,47.570075],[7.149792,47.55446],[7.144169,47.519098],[7.123946,47.510414],[7.077264,47.508684],[7.032908,47.519807],[6.992563,47.506197],[7.006399,47.464816],[6.976012,47.458945],[6.945114,47.444517],[6.936405,47.468191],[6.920518,47.48191],[6.910305,47.5088],[6.934715,47.51295],[6.950737,47.526911],[6.91237,47.541721],[6.908084,47.564795],[6.88475,47.573104],[6.860981,47.564725],[6.814619,47.564929],[6.804428,47.580602],[6.802205,47.600994],[6.776266,47.64647],[6.797885,47.657971],[6.771587,47.692218],[6.777615,47.712437],[6.767721,47.737704],[6.75093,47.751162]]]}},{"type":"Feature","properties":{"id":"CPAM ESSONNE","name":"CPAM ESSONNE","title":"CPAM ESSONNE","label":"CPAM ESSONNE","nom_court":"ESSONNE","organisme":"CPAM ESSONNE","type_zone":"ile_de_france","svg":"031_Essonne.svg","source_svg":"https://raw.githubusercontent.com/brenda-ramirez-santillan/carte-fr/refs/heads/main/031_Essonne.svg","canvas_element":"svg_031_essonne_idf","canvas_left":90,"canvas_top":534,"canvas_width":120.3499984741211,"canvas_height":138.52500915527344,"label_longitude":2.164614,"label_latitude":48.552773,"centroid_longitude":2.174803,"centroid_latitude":48.545601,"fill":"#D9D9D9","stroke":"#A6A6A6","stroke_width":1,"modele":"Canvas utilisateur - geometrie issue des SVG et placement Canvas; conversion affine approximative vers WGS84"},"geometry":{"type":"Polygon","coordinates":[[[1.847717,48.495676],[1.866118,48.504097],[1.87863,48.538017],[1.899926,48.555407],[1.866576,48.570341],[1.870334,48.58525],[1.911191,48.576131],[1.949902,48.580284],[1.949512,48.592193],[1.96793,48.611773],[1.966646,48.626466],[1.992285,48.640745],[1.949914,48.665294],[1.977482,48.710956],[2.013844,48.709001],[2.041946,48.738197],[2.029561,48.758206],[2.066468,48.761175],[2.082078,48.777894],[2.113346,48.781927],[2.133972,48.795872],[2.157748,48.800753],[2.164193,48.790836],[2.196094,48.786227],[2.245636,48.755311],[2.251835,48.773749],[2.285777,48.76368],[2.301836,48.745288],[2.345199,48.743312],[2.385937,48.747815],[2.43438,48.76104],[2.446597,48.754799],[2.461998,48.725595],[2.484786,48.714194],[2.502536,48.717989],[2.516267,48.705383],[2.475812,48.696933],[2.464677,48.682972],[2.457075,48.638516],[2.47501,48.62931],[2.449623,48.608501],[2.451254,48.587683],[2.431114,48.550139],[2.446982,48.531048],[2.433611,48.509506],[2.43956,48.454073],[2.45938,48.440283],[2.453581,48.42942],[2.401377,48.400558],[2.362116,48.385873],[2.357958,48.360978],[2.335141,48.344264],[2.295893,48.332904],[2.260267,48.356291],[2.245189,48.353949],[2.228128,48.33119],[2.17083,48.339093],[2.156646,48.359157],[2.134992,48.367264],[2.113591,48.334101],[2.088679,48.326759],[2.014642,48.31546],[1.98589,48.317198],[1.97704,48.308091],[1.9274,48.307985],[1.908639,48.308509],[1.892528,48.330014],[1.913213,48.339951],[1.903167,48.361206],[1.919888,48.38383],[1.906456,48.410571],[1.90953,48.421184],[1.858893,48.434347],[1.873586,48.446944],[1.854994,48.479389],[1.847717,48.495676]]]}},{"type":"Feature","properties":{"id":"CPAM EURE","name":"CPAM EURE","title":"CPAM EURE","label":"CPAM EURE","nom_court":"EURE","organisme":"CPAM EURE","type_zone":"zone_cpam","svg":"032_Eure.svg","source_svg":"https://raw.githubusercontent.com/brenda-ramirez-santillan/carte-fr/refs/heads/main/032_Eure.svg","canvas_element":"svg_032_eure","canvas_left":574,"canvas_top":158,"canvas_width":95.6500015258789,"canvas_height":75.05000305175781,"label_longitude":0.930286,"label_latitude":49.063677,"centroid_longitude":0.958583,"centroid_latitude":49.106955,"fill":"#D9D9D9","stroke":"#A6A6A6","stroke_width":1,"modele":"Canvas utilisateur - geometrie issue des SVG et placement Canvas; conversion affine approximative vers WGS84"},"geometry":{"type":"Polygon","coordinates":[[[0.221929,49.437332],[0.265816,49.449265],[0.297159,49.452628],[0.363092,49.468821],[0.424586,49.495215],[0.461282,49.489324],[0.518371,49.444302],[0.547009,49.437696],[0.576283,49.443937],[0.603351,49.424714],[0.609199,49.409746],[0.723124,49.427324],[0.754547,49.425956],[0.778856,49.403208],[0.814928,49.403705],[0.840705,49.391316],[0.875205,49.393535],[0.87883,49.343901],[0.843234,49.35152],[0.820778,49.347594],[0.816683,49.331817],[0.847493,49.320474],[0.848556,49.306192],[0.894901,49.326146],[0.919088,49.288609],[0.975824,49.253047],[1.018634,49.270026],[1.029477,49.284713],[1.012399,49.300222],[1.05935,49.314532],[1.10255,49.314605],[1.104569,49.33078],[1.130065,49.348773],[1.170809,49.358305],[1.24774,49.353898],[1.262278,49.371854],[1.269698,49.40556],[1.285343,49.406017],[1.286866,49.441353],[1.313958,49.446762],[1.324246,49.461991],[1.359209,49.472083],[1.463034,49.46613],[1.490812,49.452238],[1.516862,49.456517],[1.567165,49.454376],[1.599687,49.423963],[1.614512,49.427764],[1.654792,49.411667],[1.712221,49.422794],[1.71899,49.407588],[1.760133,49.379638],[1.775823,49.344212],[1.769369,49.32844],[1.77768,49.30699],[1.80608,49.277948],[1.792344,49.252393],[1.765794,49.268366],[1.734386,49.274475],[1.70913,49.269551],[1.702803,49.235366],[1.671039,49.211981],[1.661036,49.15172],[1.65208,49.127115],[1.630333,49.110221],[1.602848,49.071549],[1.595382,49.078508],[1.548484,49.06253],[1.528441,49.065311],[1.472603,49.043028],[1.447225,49.054752],[1.433244,49.036098],[1.444175,49.016155],[1.464529,49.006205],[1.46467,48.965973],[1.486059,48.966891],[1.490525,48.92616],[1.448226,48.922252],[1.434608,48.908182],[1.458871,48.880254],[1.441838,48.851051],[1.393875,48.841112],[1.344344,48.812321],[1.340372,48.793517],[1.360053,48.767502],[1.299769,48.734603],[1.27949,48.741465],[1.247888,48.730664],[1.222394,48.743452],[1.157917,48.746258],[1.131372,48.743049],[1.123553,48.75978],[1.091235,48.763462],[1.088466,48.726822],[1.064384,48.720485],[1.02578,48.728815],[0.978568,48.698245],[0.923215,48.695457],[0.916724,48.685963],[0.861163,48.679197],[0.834115,48.684192],[0.818749,48.654019],[0.782666,48.647141],[0.769182,48.6359],[0.734894,48.631875],[0.715796,48.641044],[0.717791,48.663835],[0.693885,48.685002],[0.727016,48.706994],[0.701519,48.730124],[0.709516,48.739131],[0.681581,48.757503],[0.636336,48.766959],[0.614986,48.781056],[0.550905,48.806645],[0.554075,48.828602],[0.519293,48.871225],[0.492503,48.85192],[0.439521,48.854427],[0.41211,48.863512],[0.38843,48.856339],[0.353149,48.864633],[0.354679,48.875711],[0.317422,48.887983],[0.322204,48.905701],[0.345285,48.930679],[0.362061,48.947167],[0.367319,48.988291],[0.38025,48.998957],[0.358761,49.016842],[0.321191,49.019209],[0.30796,49.0351],[0.309666,49.054499],[0.339544,49.064824],[0.330955,49.089285],[0.359193,49.138512],[0.31622,49.14586],[0.325315,49.203479],[0.295643,49.211203],[0.264944,49.227563],[0.247748,49.245105],[0.312536,49.262235],[0.310393,49.281667],[0.293608,49.295146],[0.249562,49.296833],[0.237941,49.323516],[0.249828,49.343034],[0.226864,49.37538],[0.234277,49.392947],[0.221929,49.437332]]]}},{"type":"Feature","properties":{"id":"CPAM EURE ET LOIR","name":"CPAM EURE ET LOIR","title":"CPAM EURE ET LOIR","label":"CPAM EURE ET LOIR","nom_court":"EURE ET LOIR","organisme":"CPAM EURE ET LOIR","type_zone":"zone_cpam","svg":"033_Eure-et-Loir.svg","source_svg":"https://raw.githubusercontent.com/brenda-ramirez-santillan/carte-fr/refs/heads/main/033_Eure-et-Loir.svg","canvas_element":"svg_033_eureetloir","canvas_left":603,"canvas_top":206,"canvas_width":77.8499984741211,"canvas_height":90.6500015258789,"label_longitude":1.375503,"label_latitude":48.424033,"centroid_longitude":1.337945,"centroid_latitude":48.361658,"fill":"#D9D9D9","stroke":"#A6A6A6","stroke_width":1,"modele":"Canvas utilisateur - geometrie issue des SVG et placement Canvas; conversion affine approximative vers WGS84"},"geometry":{"type":"Polygon","coordinates":[[[0.706067,48.288397],[0.723425,48.308036],[0.758436,48.3176],[0.826744,48.325779],[0.853335,48.340242],[0.894872,48.374594],[0.889939,48.388224],[0.90501,48.417025],[0.881005,48.451777],[0.902633,48.459007],[0.900143,48.481799],[0.913448,48.50329],[0.866999,48.517478],[0.883937,48.531152],[0.8339,48.553783],[0.809086,48.555041],[0.789995,48.566418],[0.786775,48.588047],[0.756405,48.60011],[0.765891,48.615271],[0.753113,48.657068],[0.766596,48.668301],[0.802672,48.675185],[0.81806,48.705345],[0.845093,48.700347],[0.900672,48.707117],[0.907162,48.716604],[0.962509,48.719381],[1.009744,48.749949],[1.048336,48.741624],[1.072418,48.747947],[1.075189,48.784585],[1.107515,48.7809],[1.115332,48.764182],[1.141871,48.767383],[1.206352,48.764575],[1.231853,48.751799],[1.263458,48.762589],[1.283742,48.755741],[1.344025,48.788629],[1.324357,48.814627],[1.328312,48.833419],[1.377848,48.8622],[1.425811,48.87214],[1.44285,48.901327],[1.418587,48.929246],[1.432213,48.943312],[1.4745,48.947216],[1.480672,48.933008],[1.513587,48.927037],[1.513551,48.911044],[1.535708,48.885089],[1.521785,48.874836],[1.559059,48.85658],[1.554537,48.845297],[1.569312,48.814166],[1.553059,48.788315],[1.565663,48.770493],[1.606575,48.7437],[1.557459,48.694487],[1.591402,48.681595],[1.582403,48.652929],[1.633468,48.627482],[1.64896,48.601713],[1.700165,48.602695],[1.6867,48.57153],[1.694371,48.564183],[1.753381,48.55532],[1.776496,48.538897],[1.764504,48.511291],[1.765717,48.491836],[1.79359,48.453092],[1.824039,48.447965],[1.837498,48.428748],[1.865747,48.418763],[1.902271,48.419318],[1.918769,48.437867],[1.93835,48.403689],[1.922865,48.39042],[1.976236,48.376558],[1.973002,48.365376],[1.987149,48.337198],[1.969536,48.313367],[1.980118,48.29097],[1.95832,48.2805],[1.975297,48.257853],[1.99507,48.257301],[1.988601,48.238351],[1.965089,48.224227],[1.962182,48.189438],[1.950588,48.154449],[1.922857,48.138341],[1.900111,48.115289],[1.918076,48.108577],[1.897798,48.090843],[1.880362,48.056839],[1.860732,48.042139],[1.789547,48.034394],[1.73369,48.022776],[1.664426,48.022102],[1.63986,48.032931],[1.607195,48.023295],[1.595947,47.999715],[1.575263,47.984498],[1.523876,47.998944],[1.48992,47.98199],[1.504396,47.959351],[1.497606,47.932888],[1.412857,47.963865],[1.410435,47.92634],[1.378534,47.919415],[1.35751,47.931147],[1.339812,47.901926],[1.312113,47.905792],[1.275226,47.901725],[1.265661,47.916815],[1.226835,47.910995],[1.208885,47.928299],[1.171045,47.916707],[1.128743,47.956906],[1.125586,47.978797],[1.079349,47.987657],[1.058651,48.035286],[0.977425,48.042629],[0.959078,48.036949],[0.941148,48.051978],[0.997964,48.07365],[0.990657,48.088448],[0.96311,48.089264],[0.930292,48.075356],[0.897719,48.05374],[0.891098,48.06756],[0.835289,48.05638],[0.819434,48.064105],[0.782982,48.057178],[0.794818,48.089558],[0.859218,48.091481],[0.856873,48.106],[0.804593,48.124746],[0.778069,48.124794],[0.736827,48.153654],[0.771024,48.174818],[0.725998,48.224344],[0.734553,48.251012],[0.706067,48.288397]]]}},{"type":"Feature","properties":{"id":"CPAM FINISTERE","name":"CPAM FINISTERE","title":"CPAM FINISTERE","label":"CPAM FINISTERE","nom_court":"FINISTERE","organisme":"CPAM FINISTERE","type_zone":"zone_cpam","svg":"034_Finistere.svg","source_svg":"https://raw.githubusercontent.com/brenda-ramirez-santillan/carte-fr/refs/heads/main/034_Finistere.svg","canvas_element":"svg_034_finistere","canvas_left":268,"canvas_top":224,"canvas_width":89.42500305175781,"canvas_height":88.5,"label_longitude":-4.05646,"label_latitude":48.205262,"centroid_longitude":-4.065226,"centroid_latitude":48.219713,"fill":"#D9D9D9","stroke":"#A6A6A6","stroke_width":1,"modele":"Canvas utilisateur - geometrie issue des SVG et placement Canvas; conversion affine approximative vers WGS84"},"geometry":{"type":"Polygon","coordinates":[[[-4.840549,48.377355],[-4.823227,48.415827],[-4.803052,48.43822],[-4.822049,48.472751],[-4.802129,48.491706],[-4.8068,48.502238],[-4.773434,48.529326],[-4.746314,48.542819],[-4.721435,48.541187],[-4.665439,48.55374],[-4.646581,48.550558],[-4.626544,48.569921],[-4.597112,48.574451],[-4.591802,48.601248],[-4.551838,48.613234],[-4.53309,48.599119],[-4.459517,48.614349],[-4.444828,48.635031],[-4.424104,48.636092],[-4.373682,48.65846],[-4.338709,48.653837],[-4.291251,48.630266],[-4.240805,48.629311],[-4.225994,48.652758],[-4.202216,48.669825],[-4.120255,48.678659],[-4.066212,48.673449],[-4.061883,48.688319],[-4.040434,48.698388],[-4.006304,48.697412],[-3.988371,48.713032],[-3.970861,48.706051],[-3.97797,48.689362],[-3.973512,48.659257],[-3.952374,48.635496],[-3.904094,48.647939],[-3.889352,48.623944],[-3.843004,48.608608],[-3.854322,48.631937],[-3.843413,48.645311],[-3.852609,48.671434],[-3.817235,48.687466],[-3.782223,48.688107],[-3.759331,48.695725],[-3.725215,48.694342],[-3.692744,48.676471],[-3.64725,48.681457],[-3.629961,48.657442],[-3.647102,48.643702],[-3.641824,48.599027],[-3.627908,48.57774],[-3.574203,48.563123],[-3.577488,48.533338],[-3.552962,48.535038],[-3.53593,48.507902],[-3.565423,48.482862],[-3.58907,48.471029],[-3.5831,48.444308],[-3.564617,48.43836],[-3.545441,48.412061],[-3.584593,48.392563],[-3.589704,48.355416],[-3.536106,48.346387],[-3.538274,48.301666],[-3.521395,48.263157],[-3.497349,48.24506],[-3.505621,48.222726],[-3.534198,48.202658],[-3.538916,48.188439],[-3.518271,48.165175],[-3.546191,48.143122],[-3.612942,48.124784],[-3.637578,48.111813],[-3.682595,48.105585],[-3.704473,48.09628],[-3.706278,48.074364],[-3.72382,48.06511],[-3.71521,48.046223],[-3.69139,48.038273],[-3.685938,48.011803],[-3.661868,48.00873],[-3.648384,47.967298],[-3.624732,47.930545],[-3.562793,47.932776],[-3.535412,47.939296],[-3.49364,47.920735],[-3.474399,47.922165],[-3.457578,47.896047],[-3.437903,47.892544],[-3.385544,47.92002],[-3.363833,47.901401],[-3.373526,47.887035],[-3.35824,47.868344],[-3.378804,47.859688],[-3.375877,47.805731],[-3.423356,47.800991],[-3.43305,47.774305],[-3.464447,47.760352],[-3.489025,47.769024],[-3.500947,47.787118],[-3.518413,47.773305],[-3.521423,47.757768],[-3.500684,47.737472],[-3.51706,47.695487],[-3.54388,47.701669],[-3.599846,47.702353],[-3.651943,47.713908],[-3.666659,47.709726],[-3.724728,47.740016],[-3.75209,47.723891],[-3.792616,47.720582],[-3.813808,47.730442],[-3.845724,47.729133],[-3.89888,47.773492],[-3.934563,47.820516],[-3.98097,47.843939],[-3.99135,47.818678],[-3.97933,47.789599],[-4.046071,47.780695],[-4.077881,47.799937],[-4.135163,47.799911],[-4.174548,47.783859],[-4.186787,47.812141],[-4.209901,47.796211],[-4.191196,47.773283],[-4.170115,47.765493],[-4.194829,47.732269],[-4.230112,47.724273],[-4.285459,47.721718],[-4.316319,47.731592],[-4.383457,47.726276],[-4.401261,47.754031],[-4.370335,47.763432],[-4.370907,47.791384],[-4.389169,47.831314],[-4.410872,47.864689],[-4.448313,47.902882],[-4.480008,47.922696],[-4.539372,47.947066],[-4.571588,47.955036],[-4.596989,47.941215],[-4.652156,47.958782],[-4.66883,47.972132],[-4.689203,47.964199],[-4.738777,47.969954],[-4.756641,48.006723],[-4.711851,48.005219],[-4.703653,48.015212],[-4.657159,48.013646],[-4.613474,48.028005],[-4.585563,48.023094],[-4.563413,48.03496],[-4.516252,48.033387],[-4.494239,48.046824],[-4.455006,48.047088],[-4.397233,48.058955],[-4.326268,48.037101],[-4.303806,48.053682],[-4.301935,48.077138],[-4.289343,48.083717],[-4.290844,48.106064],[-4.314809,48.113615],[-4.310881,48.129432],[-4.322573,48.148915],[-4.353023,48.160873],[-4.390239,48.159559],[-4.39973,48.172148],[-4.490815,48.194026],[-4.531485,48.185576],[-4.551223,48.144267],[-4.586447,48.119006],[-4.584774,48.161562],[-4.597077,48.187172],[-4.576606,48.196757],[-4.589031,48.214901],[-4.617788,48.207866],[-4.641792,48.217192],[-4.600002,48.244423],[-4.614752,48.279474],[-4.586071,48.299981],[-4.577758,48.284948],[-4.585388,48.252949],[-4.566801,48.242189],[-4.548824,48.254178],[-4.532677,48.23895],[-4.48271,48.251799],[-4.449825,48.250798],[-4.437512,48.235795],[-4.408456,48.23352],[-4.359609,48.244805],[-4.328131,48.257207],[-4.289885,48.256068],[-4.279521,48.23872],[-4.238795,48.256727],[-4.300007,48.275631],[-4.349858,48.275856],[-4.336787,48.298071],[-4.390543,48.306161],[-4.398933,48.2877],[-4.469377,48.287846],[-4.471176,48.311192],[-4.428276,48.35499],[-4.451445,48.362892],[-4.462258,48.347807],[-4.486282,48.350311],[-4.537675,48.338739],[-4.570208,48.319476],[-4.58247,48.324577],[-4.644474,48.298757],[-4.664859,48.298259],[-4.717854,48.316959],[-4.735091,48.314081],[-4.7484,48.292363],[-4.816462,48.288705],[-4.814081,48.323228],[-4.804646,48.334861],[-4.81895,48.352403],[-4.818193,48.368848],[-4.840549,48.377355]]]}},{"type":"Feature","properties":{"id":"CPAM FLANDRES","name":"CPAM FLANDRES","title":"CPAM FLANDRES","label":"CPAM FLANDRES","nom_court":"FLANDRES","organisme":"CPAM FLANDRES","type_zone":"decoupage_cpam_special","svg":"035_Flandres.svg","source_svg":"https://raw.githubusercontent.com/brenda-ramirez-santillan/carte-fr/refs/heads/main/035_Flandres.svg","canvas_element":"svg_035_flandres","canvas_left":683,"canvas_top":18,"canvas_width":50.92499923706055,"canvas_height":51.70000076293945,"label_longitude":2.455475,"label_latitude":50.813577,"centroid_longitude":2.457483,"centroid_latitude":50.852732,"fill":"#D9D9D9","stroke":"#A6A6A6","stroke_width":1,"modele":"Canvas utilisateur - geometrie issue des SVG et placement Canvas; conversion affine approximative vers WGS84"},"geometry":{"type":"Polygon","coordinates":[[[2.020991,51.029699],[2.065545,51.028487],[2.095563,51.044851],[2.149717,51.042537],[2.151315,51.060186],[2.179426,51.05769],[2.221893,51.069821],[2.309248,51.084869],[2.36501,51.077759],[2.396018,51.083512],[2.523653,51.118823],[2.541159,51.093726],[2.555097,51.039984],[2.553044,51.029148],[2.58887,51.012033],[2.614939,50.968586],[2.570184,50.939894],[2.588624,50.932901],[2.591744,50.879641],[2.617843,50.827597],[2.705279,50.828502],[2.725694,50.796287],[2.772511,50.763105],[2.777615,50.744851],[2.80556,50.727133],[2.842423,50.733628],[2.865218,50.71274],[2.865845,50.533169],[2.819621,50.524494],[2.794319,50.534361],[2.806356,50.549779],[2.800689,50.581311],[2.780617,50.585334],[2.798875,50.610506],[2.836531,50.634277],[2.865205,50.636575],[2.834339,50.663377],[2.801436,50.676769],[2.759268,50.670534],[2.747202,50.622389],[2.713847,50.617865],[2.701391,50.635981],[2.670501,50.637343],[2.613864,50.621438],[2.567664,50.64253],[2.54463,50.628052],[2.515589,50.634183],[2.511951,50.647534],[2.472403,50.634811],[2.424447,50.658491],[2.401933,50.661735],[2.379607,50.678297],[2.35367,50.677174],[2.333041,50.690633],[2.353452,50.703048],[2.309998,50.7368],[2.309051,50.750051],[2.383131,50.777748],[2.345777,50.795886],[2.310993,50.792582],[2.215981,50.799558],[2.174372,50.829066],[2.162576,50.865666],[2.112099,50.944955],[2.092213,50.98534],[2.052427,51.021305],[2.020991,51.029699]]]}},{"type":"Feature","properties":{"id":"CPAM GARD","name":"CPAM GARD","title":"CPAM GARD","label":"CPAM GARD","nom_court":"GARD","organisme":"CPAM GARD","type_zone":"zone_cpam","svg":"036_Gard.svg","source_svg":"https://raw.githubusercontent.com/brenda-ramirez-santillan/carte-fr/refs/heads/main/036_Gard.svg","canvas_element":"svg_036_gard","canvas_left":752,"canvas_top":596,"canvas_width":100.2750015258789,"canvas_height":91.80000305175781,"label_longitude":4.270159,"label_latitude":43.931128,"centroid_longitude":4.151914,"centroid_latitude":43.972654,"fill":"#D9D9D9","stroke":"#A6A6A6","stroke_width":1,"modele":"Canvas utilisateur - geometrie issue des SVG et placement Canvas; conversion affine approximative vers WGS84"},"geometry":{"type":"Polygon","coordinates":[[[3.187646,44.071665],[3.251058,44.09711],[3.246648,44.11885],[3.263166,44.143029],[3.302649,44.156013],[3.362897,44.132219],[3.372331,44.112261],[3.416194,44.107091],[3.4419,44.109618],[3.484694,44.096646],[3.507689,44.106006],[3.548769,44.099299],[3.57551,44.10492],[3.580257,44.162715],[3.601564,44.160185],[3.628633,44.167912],[3.65258,44.151304],[3.672968,44.150929],[3.711773,44.134775],[3.748175,44.112293],[3.774888,44.121743],[3.82716,44.114245],[3.851094,44.134399],[3.911722,44.159026],[3.919299,44.180718],[3.897012,44.183181],[3.908953,44.214848],[3.904684,44.234748],[3.933018,44.245687],[3.915765,44.265945],[3.893424,44.268958],[3.894069,44.288795],[3.87993,44.301135],[3.902824,44.315963],[3.869089,44.368057],[3.840761,44.388547],[3.863867,44.404137],[3.902211,44.401099],[3.919805,44.416417],[3.935576,44.445227],[3.958581,44.465111],[4.000121,44.45042],[4.010948,44.421202],[4.032727,44.407598],[4.016555,44.379569],[4.017149,44.337829],[3.999781,44.328762],[4.015171,44.314609],[4.036367,44.32527],[4.094317,44.336599],[4.111358,44.31088],[4.14803,44.315851],[4.157527,44.296644],[4.187593,44.28725],[4.215093,44.265613],[4.23354,44.260075],[4.253093,44.270697],[4.265592,44.290319],[4.264483,44.313006],[4.299479,44.323057],[4.314513,44.33957],[4.346817,44.339696],[4.367561,44.34733],[4.385171,44.33396],[4.372203,44.301251],[4.380871,44.286366],[4.41644,44.284467],[4.432856,44.294735],[4.435587,44.334937],[4.442385,44.342429],[4.490454,44.340136],[4.533818,44.320799],[4.546995,44.30327],[4.599523,44.289056],[4.611487,44.276493],[4.63242,44.281273],[4.644206,44.26799],[4.649361,44.251068],[4.671266,44.234461],[4.673272,44.206966],[4.704724,44.209099],[4.703992,44.186192],[4.72116,44.180595],[4.706097,44.091891],[4.730026,44.065921],[4.759203,44.064181],[4.790938,44.05143],[4.792181,44.037831],[4.843402,43.998655],[4.848172,43.96855],[4.820687,43.970881],[4.819788,43.94847],[4.78198,43.916814],[4.739995,43.901966],[4.72356,43.882728],[4.692029,43.860369],[4.638005,43.84159],[4.663755,43.817693],[4.638671,43.803458],[4.651761,43.772695],[4.648133,43.751477],[4.625844,43.730613],[4.608765,43.695767],[4.608192,43.679335],[4.62367,43.654265],[4.58724,43.650838],[4.575486,43.660207],[4.528165,43.671761],[4.475901,43.662755],[4.463654,43.632905],[4.441324,43.628067],[4.412873,43.579297],[4.426274,43.568784],[4.46362,43.566449],[4.437431,43.540138],[4.411427,43.541778],[4.394484,43.51619],[4.335931,43.501366],[4.275258,43.466297],[4.216214,43.449748],[4.206463,43.408443],[4.138404,43.420519],[4.097915,43.438887],[4.087018,43.459493],[4.110043,43.484107],[4.070167,43.50745],[4.078913,43.522429],[4.067812,43.540105],[4.094193,43.544159],[4.141202,43.565642],[4.164498,43.597726],[4.168099,43.612786],[4.134687,43.648463],[4.13543,43.668842],[4.115507,43.697656],[4.083152,43.70157],[4.053078,43.732916],[4.019874,43.737747],[4.019326,43.75192],[3.96506,43.779011],[3.935963,43.768301],[3.922625,43.784432],[3.933971,43.806131],[3.880785,43.828256],[3.87806,43.852488],[3.813614,43.847698],[3.804182,43.83828],[3.758642,43.848318],[3.751739,43.861941],[3.782626,43.897765],[3.773395,43.916655],[3.748323,43.91776],[3.734819,43.943252],[3.692789,43.941872],[3.680568,43.947534],[3.628198,43.921275],[3.617971,43.88329],[3.566537,43.88873],[3.516077,43.834022],[3.541334,43.822731],[3.518696,43.811175],[3.469047,43.823319],[3.461117,43.855355],[3.450635,43.86618],[3.418304,43.859324],[3.397468,43.84036],[3.364479,43.840749],[3.372736,43.867606],[3.357064,43.882012],[3.287529,43.884031],[3.280317,43.909617],[3.308149,43.940982],[3.336908,43.944],[3.352591,43.969339],[3.372217,43.973561],[3.383474,43.997133],[3.3649,44.010086],[3.296159,44.036873],[3.26849,44.035268],[3.255923,44.058701],[3.215295,44.05078],[3.187646,44.071665]]]}},{"type":"Feature","properties":{"id":"CPAM GERS","name":"CPAM GERS","title":"CPAM GERS","label":"CPAM GERS","nom_court":"GERS","organisme":"CPAM GERS","type_zone":"zone_cpam","svg":"037_Gers.svg","source_svg":"https://raw.githubusercontent.com/brenda-ramirez-santillan/carte-fr/refs/heads/main/037_Gers.svg","canvas_element":"svg_037_gers","canvas_left":540,"canvas_top":630,"canvas_width":94.2249984741211,"canvas_height":70.20000457763672,"label_longitude":0.405768,"label_latitude":43.657063,"centroid_longitude":0.452185,"centroid_latitude":43.651257,"fill":"#D9D9D9","stroke":"#A6A6A6","stroke_width":1,"modele":"Canvas utilisateur - geometrie issue des SVG et placement Canvas; conversion affine approximative vers WGS84"},"geometry":{"type":"Polygon","coordinates":[[[-0.320591,43.594962],[-0.279668,43.607272],[-0.276126,43.624998],[-0.293162,43.633967],[-0.275556,43.649035],[-0.283558,43.666696],[-0.264591,43.671774],[-0.228431,43.694852],[-0.241007,43.708615],[-0.263388,43.770101],[-0.22694,43.772294],[-0.233543,43.827554],[-0.229402,43.847847],[-0.271398,43.866094],[-0.235345,43.883025],[-0.210043,43.905897],[-0.199888,43.897185],[-0.15616,43.914647],[-0.101131,43.91723],[-0.074027,43.932725],[-0.063222,43.956796],[-0.023573,43.931742],[-0.02061,43.91434],[-0.044573,43.901473],[0.007503,43.869111],[0.03369,43.866148],[0.051321,43.883329],[0.049673,43.903957],[0.033077,43.929989],[0.054793,43.956743],[0.122999,43.969285],[0.119897,43.950436],[0.146748,43.949557],[0.150136,43.971698],[0.174061,43.990665],[0.210984,43.995635],[0.222054,43.984372],[0.289799,43.968071],[0.350706,43.993367],[0.375937,43.982901],[0.38949,43.997374],[0.439923,44.006908],[0.457764,44.035018],[0.485411,44.038713],[0.540764,44.033007],[0.568757,44.039785],[0.580725,44.056759],[0.607782,44.055306],[0.634817,44.041598],[0.638805,44.029839],[0.686671,44.006224],[0.697723,44.0263],[0.718847,44.039243],[0.754669,44.047022],[0.773417,44.030465],[0.778107,44.009495],[0.844577,44.03693],[0.876755,44.015553],[0.853316,44.004557],[0.83029,44.004744],[0.845155,43.977999],[0.81272,43.952487],[0.799938,43.931456],[0.774316,43.920263],[0.785491,43.895903],[0.826046,43.906708],[0.858457,43.88996],[0.883158,43.897741],[0.91086,43.876463],[0.904285,43.846718],[0.921095,43.835621],[0.916956,43.809826],[0.949,43.800753],[0.923598,43.771012],[0.945619,43.75897],[0.978741,43.754059],[0.994445,43.724268],[1.034632,43.692455],[1.094896,43.665091],[1.081152,43.638612],[1.119866,43.60404],[1.14843,43.595435],[1.164975,43.601802],[1.194095,43.562741],[1.218073,43.571742],[1.239562,43.551533],[1.237566,43.524399],[1.200427,43.527607],[1.190311,43.511879],[1.159513,43.50833],[1.130154,43.485802],[1.10354,43.499571],[1.088885,43.478999],[1.092183,43.463984],[1.082762,43.436636],[1.051607,43.428288],[1.070339,43.411035],[1.062231,43.387706],[1.048463,43.376993],[1.052479,43.356813],[1.021995,43.352724],[1.031267,43.320062],[1.005643,43.304664],[0.991111,43.329807],[0.967298,43.327159],[0.941523,43.350582],[0.918003,43.349351],[0.883805,43.359166],[0.8649,43.35396],[0.839773,43.361344],[0.824861,43.343279],[0.787079,43.360917],[0.761014,43.337692],[0.748653,43.312206],[0.73166,43.318118],[0.681153,43.262916],[0.656271,43.249406],[0.61542,43.247961],[0.552921,43.267167],[0.507556,43.271378],[0.500969,43.263588],[0.445131,43.278717],[0.443119,43.265157],[0.393351,43.270916],[0.385515,43.294814],[0.33377,43.281059],[0.32241,43.286327],[0.321673,43.310099],[0.293451,43.31081],[0.269793,43.326008],[0.220754,43.306175],[0.168497,43.309591],[0.15974,43.342983],[0.138769,43.339232],[0.121388,43.375841],[0.15137,43.385243],[0.133736,43.409102],[0.118698,43.409409],[0.113817,43.440263],[0.094452,43.463951],[0.070939,43.456224],[0.061248,43.470666],[0.03551,43.465192],[0.007538,43.492665],[-0.006964,43.491001],[-0.025673,43.514352],[-0.030724,43.54477],[-0.040388,43.555684],[-0.101576,43.557132],[-0.104931,43.540029],[-0.125479,43.53171],[-0.151592,43.535642],[-0.192427,43.52944],[-0.205594,43.543218],[-0.239004,43.532416],[-0.245217,43.542586],[-0.279069,43.533683],[-0.283785,43.56644],[-0.315859,43.56655],[-0.320591,43.594962]]]}},{"type":"Feature","properties":{"id":"CPAM GIRONDE","name":"CPAM GIRONDE","title":"CPAM GIRONDE","label":"CPAM GIRONDE","nom_court":"GIRONDE","organisme":"CPAM GIRONDE","type_zone":"zone_cpam","svg":"038_Gironde.svg","source_svg":"https://raw.githubusercontent.com/brenda-ramirez-santillan/carte-fr/refs/heads/main/038_Gironde.svg","canvas_element":"svg_038_gironde","canvas_left":480,"canvas_top":500,"canvas_width":100.20000457763672,"canvas_height":125.70000457763672,"label_longitude":-0.623507,"label_latitude":44.843561,"centroid_longitude":-0.595485,"centroid_latitude":44.768287,"fill":"#D9D9D9","stroke":"#A6A6A6","stroke_width":1,"modele":"Canvas utilisateur - geometrie issue des SVG et placement Canvas; conversion affine approximative vers WGS84"},"geometry":{"type":"Polygon","coordinates":[[[-1.317331,44.561012],[-1.30676,44.645542],[-1.278735,44.795776],[-1.25772,44.939777],[-1.243539,45.064552],[-1.214915,45.266068],[-1.211484,45.329284],[-1.21344,45.385477],[-1.203567,45.418248],[-1.20996,45.448665],[-1.188429,45.491763],[-1.150536,45.524397],[-1.141059,45.546417],[-1.109148,45.54369],[-1.087063,45.518999],[-1.086409,45.49319],[-1.050392,45.473276],[-1.01757,45.442206],[-0.975177,45.421423],[-0.936814,45.390252],[-0.87414,45.352534],[-0.838034,45.321379],[-0.799777,45.259424],[-0.782157,45.215518],[-0.771937,45.153542],[-0.709601,45.036559],[-0.678424,45.006321],[-0.631348,44.969962],[-0.612651,44.998141],[-0.660381,45.03215],[-0.677607,45.067337],[-0.694067,45.087406],[-0.696515,45.132517],[-0.715892,45.185437],[-0.732471,45.253365],[-0.748476,45.299626],[-0.670106,45.294317],[-0.61768,45.293618],[-0.590895,45.304743],[-0.592535,45.271187],[-0.532484,45.257198],[-0.503696,45.264988],[-0.455635,45.25491],[-0.429155,45.239714],[-0.421709,45.216965],[-0.434554,45.175328],[-0.415642,45.15633],[-0.409547,45.135022],[-0.391161,45.119252],[-0.374228,45.135123],[-0.347723,45.131675],[-0.329037,45.120424],[-0.281357,45.105028],[-0.251242,45.070498],[-0.221158,45.068313],[-0.190557,45.055787],[-0.152415,45.049993],[-0.12897,45.058436],[-0.11251,45.076753],[-0.083889,45.084818],[-0.058428,45.061404],[-0.033854,45.064942],[0.004619,45.083324],[0.051333,45.079092],[0.075277,45.058335],[0.08564,45.031386],[0.046475,44.968776],[0.051019,44.950127],[0.029054,44.936084],[0.012421,44.90118],[0.045252,44.867503],[-0.013714,44.798655],[0.02899,44.797734],[0.058809,44.771372],[0.121502,44.780298],[0.212305,44.768127],[0.226388,44.787214],[0.263036,44.806181],[0.259256,44.819619],[0.302826,44.817442],[0.340778,44.7948],[0.308245,44.771623],[0.286853,44.774286],[0.298042,44.728943],[0.322424,44.706726],[0.278723,44.693619],[0.246746,44.705993],[0.221724,44.664804],[0.213985,44.685929],[0.170735,44.672319],[0.150211,44.64487],[0.133789,44.653423],[0.117384,44.639017],[0.125583,44.623152],[0.151339,44.620685],[0.15893,44.603514],[0.180594,44.608907],[0.202212,44.599018],[0.173301,44.550277],[0.101016,44.508785],[0.08486,44.48017],[0.049209,44.484703],[0.029575,44.459214],[-0.005619,44.432866],[0.000655,44.384095],[0.018766,44.371683],[-0.001713,44.345148],[0.007971,44.327523],[0.030239,44.311133],[0.026626,44.28649],[-0.001625,44.291335],[-0.020365,44.279814],[-0.071715,44.272334],[-0.078955,44.255279],[-0.051291,44.238234],[-0.025221,44.212274],[-0.023205,44.185819],[-0.044616,44.179413],[-0.080994,44.150757],[-0.114745,44.148346],[-0.136323,44.137304],[-0.163453,44.153293],[-0.176331,44.173929],[-0.226211,44.177481],[-0.22329,44.115165],[-0.274439,44.102123],[-0.31573,44.11193],[-0.398101,44.118103],[-0.405172,44.147938],[-0.391831,44.199454],[-0.414282,44.200475],[-0.44107,44.218754],[-0.442927,44.237591],[-0.492403,44.239797],[-0.533233,44.254647],[-0.544342,44.281623],[-0.589497,44.300319],[-0.649159,44.316555],[-0.650518,44.364233],[-0.700271,44.378954],[-0.706427,44.364916],[-0.757745,44.367069],[-0.801601,44.360191],[-0.808264,44.349092],[-0.843614,44.339199],[-0.876119,44.336649],[-0.948434,44.356155],[-0.955973,44.362897],[-1.008956,44.347863],[-1.049376,44.354965],[-1.020831,44.404427],[-1.031937,44.435024],[-1.069245,44.429844],[-1.130899,44.45608],[-1.153219,44.424826],[-1.30813,44.386856],[-1.306048,44.436883],[-1.313399,44.471003],[-1.280676,44.501439],[-1.255718,44.551275],[-1.256462,44.569551],[-1.243267,44.591562],[-1.211957,44.594525],[-1.189818,44.577541],[-1.126705,44.570839],[-1.111167,44.577564],[-1.059402,44.580439],[-1.067911,44.608542],[-1.100892,44.642277],[-1.154305,44.678707],[-1.165424,44.680086],[-1.216617,44.712935],[-1.231499,44.694682],[-1.224934,44.681229],[-1.274004,44.642964],[-1.292028,44.612225],[-1.300693,44.571319],[-1.317331,44.561012]]]}},{"type":"Feature","properties":{"id":"CPAM HAINAUT","name":"CPAM HAINAUT","title":"CPAM HAINAUT","label":"CPAM HAINAUT","nom_court":"HAINAUT","organisme":"CPAM HAINAUT","type_zone":"decoupage_cpam_special","svg":"041_Hainaut.svg","source_svg":"https://raw.githubusercontent.com/brenda-ramirez-santillan/carte-fr/refs/heads/main/041_Hainaut.svg","canvas_element":"svg_041_hainaut","canvas_left":739,"canvas_top":66,"canvas_width":76.9749984741211,"canvas_height":51.82500076293945,"label_longitude":3.646047,"label_latitude":50.271249,"centroid_longitude":3.594889,"centroid_latitude":50.22609,"fill":"#D9D9D9","stroke":"#A6A6A6","stroke_width":1,"modele":"Canvas utilisateur - geometrie issue des SVG et placement Canvas; conversion affine approximative vers WGS84"},"geometry":{"type":"Polygon","coordinates":[[[2.950669,50.303456],[3.023131,50.332818],[2.964622,50.373596],[3.375891,50.375611],[3.375324,50.538165],[3.388183,50.541937],[3.431936,50.570131],[3.479752,50.559048],[3.455578,50.533339],[3.482914,50.529543],[3.531281,50.536134],[3.549186,50.525178],[3.572023,50.532427],[3.610584,50.496562],[3.632248,50.48605],[3.642475,50.418955],[3.626293,50.399423],[3.642625,50.360965],[3.681383,50.327549],[3.703598,50.337381],[3.70834,50.370102],[3.71865,50.377289],[3.720074,50.378282],[3.830816,50.379523],[3.83369,50.377853],[3.869841,50.356846],[3.890033,50.355345],[3.951863,50.37882],[3.979217,50.377102],[3.984704,50.378593],[4.014369,50.386662],[4.025179,50.371331],[4.114028,50.324532],[4.116618,50.298411],[4.204069,50.298158],[4.219179,50.281277],[4.185187,50.259868],[4.154488,50.223382],[4.143298,50.193962],[4.148281,50.179666],[4.119844,50.151756],[4.19354,50.152433],[4.194121,50.124779],[4.225809,50.093723],[4.215672,50.073696],[4.169556,50.057388],[4.157258,50.060905],[4.130195,50.030595],[4.152729,49.996616],[4.135103,49.986483],[4.078605,49.976079],[4.046559,49.993104],[4.000667,49.99313],[3.965289,50.011297],[3.981276,50.035228],[3.975764,50.051936],[3.885267,50.026797],[3.862743,50.042584],[3.81398,50.058513],[3.793153,50.048598],[3.773874,50.058406],[3.720089,50.063654],[3.687241,50.080073],[3.635325,50.064435],[3.631763,50.047885],[3.580647,50.033146],[3.566958,50.048429],[3.53171,50.062368],[3.506029,50.06294],[3.491215,50.046212],[3.468654,50.043556],[3.451398,50.025609],[3.385754,50.028639],[3.377089,50.03237],[3.354882,50.041919],[3.306602,50.042859],[3.289991,50.022914],[3.23014,50.020596],[3.178019,50.03812],[3.148597,50.02258],[3.117435,50.015948],[3.059147,50.032975],[3.030339,50.06042],[3.034972,50.091569],[3.05529,50.101194],[3.045455,50.125621],[3.031775,50.131209],[3.070604,50.178944],[3.099109,50.198297],[3.073067,50.214771],[3.08496,50.235816],[3.122899,50.235828],[3.132816,50.246035],[3.098431,50.261222],[3.075203,50.285499],[2.988787,50.2961],[2.954194,50.282959],[2.950669,50.303456]]]}},{"type":"Feature","properties":{"id":"CPAM HAUT-RHIN","name":"CPAM HAUT-RHIN","title":"CPAM HAUT-RHIN","label":"CPAM HAUT-RHIN","nom_court":"HAUT-RHIN","organisme":"CPAM HAUT-RHIN","type_zone":"zone_cpam","svg":"042_Haut-Rhin.svg","source_svg":"https://raw.githubusercontent.com/brenda-ramirez-santillan/carte-fr/refs/heads/main/042_Haut-Rhin.svg","canvas_element":"svg_042_hautrhin","canvas_left":972,"canvas_top":260,"canvas_width":49.275001525878906,"canvas_height":81.57500457763672,"label_longitude":7.226028,"label_latitude":47.884432,"centroid_longitude":7.265949,"centroid_latitude":47.875786,"fill":"#D9D9D9","stroke":"#A6A6A6","stroke_width":1,"modele":"Canvas utilisateur - geometrie issue des SVG et placement Canvas; conversion affine approximative vers WGS84"},"geometry":{"type":"Polygon","coordinates":[[[6.816862,47.83515],[6.87087,47.850888],[6.894423,47.864464],[6.873422,47.907652],[6.902393,47.925805],[6.894825,47.962504],[6.918386,48.020866],[6.937359,48.023393],[6.97983,48.047037],[7.009008,48.099569],[7.027683,48.10829],[7.065942,48.160501],[7.038425,48.169343],[7.066983,48.215169],[7.100713,48.244034],[7.13238,48.303356],[7.144632,48.308558],[7.15814,48.339026],[7.185258,48.352902],[7.230972,48.344618],[7.26613,48.347761],[7.305669,48.309121],[7.318252,48.284592],[7.34528,48.287196],[7.395515,48.271423],[7.407032,48.262587],[7.444648,48.255702],[7.478637,48.241176],[7.468926,48.204569],[7.479357,48.19146],[7.516245,48.187157],[7.523529,48.15945],[7.584474,48.153677],[7.587309,48.138509],[7.576117,48.112396],[7.578826,48.058412],[7.614477,48.030413],[7.6321,47.997175],[7.591455,47.953423],[7.591809,47.922235],[7.563694,47.899131],[7.570992,47.869733],[7.537289,47.800382],[7.538385,47.780646],[7.555141,47.750551],[7.550369,47.731859],[7.519186,47.711457],[7.528375,47.668646],[7.57487,47.637739],[7.602027,47.598145],[7.594255,47.578958],[7.511737,47.543707],[7.531952,47.517907],[7.513125,47.512889],[7.512593,47.492167],[7.491728,47.477354],[7.436684,47.494221],[7.424251,47.479834],[7.453148,47.470349],[7.421875,47.438582],[7.380557,47.424035],[7.334904,47.433381],[7.276037,47.426005],[7.239021,47.413113],[7.224789,47.430623],[7.197327,47.426268],[7.159586,47.436169],[7.175982,47.485856],[7.146933,47.485215],[7.116819,47.49805],[7.122446,47.533462],[7.091269,47.549102],[7.070143,47.592579],[7.047456,47.601455],[7.00616,47.592388],[6.98458,47.62054],[6.999068,47.653728],[7.027845,47.675914],[7.006886,47.707031],[7.018312,47.728924],[6.991251,47.750055],[6.948537,47.761438],[6.916145,47.781265],[6.89888,47.780013],[6.834096,47.796524],[6.819331,47.812855],[6.816862,47.83515]]]}},{"type":"Feature","properties":{"id":"CPAM HAUTE-CORSE","name":"CPAM HAUTE-CORSE","title":"CPAM HAUTE-CORSE","label":"CPAM HAUTE-CORSE","nom_court":"HAUTE-CORSE","organisme":"CPAM HAUTE-CORSE","type_zone":"zone_cpam","svg":"043_Haute-Corse.svg","source_svg":"https://raw.githubusercontent.com/brenda-ramirez-santillan/carte-fr/refs/heads/main/043_Haute-Corse.svg","canvas_element":"svg_043_hautecorse","canvas_left":1039,"canvas_top":610,"canvas_width":62.60000228881836,"canvas_height":107.875,"label_longitude":8.494254,"label_latitude":43.709974,"centroid_longitude":8.606279,"centroid_latitude":43.678675,"fill":"#D9D9D9","stroke":"#A6A6A6","stroke_width":1,"modele":"Canvas utilisateur - geometrie issue des SVG et placement Canvas; conversion affine approximative vers WGS84"},"geometry":{"type":"Polygon","coordinates":[[[7.940688,43.661466],[7.977896,43.666919],[7.977349,43.699138],[7.993119,43.703653],[8.02654,43.698222],[8.046869,43.762368],[8.036049,43.780042],[8.036957,43.801889],[8.06985,43.814692],[8.084159,43.812773],[8.094623,43.846638],[8.132292,43.862709],[8.136566,43.849939],[8.164539,43.849504],[8.182395,43.862109],[8.187365,43.893038],[8.256782,43.908308],[8.263542,43.925458],[8.28549,43.92323],[8.301975,43.933653],[8.326829,43.930803],[8.398887,43.937769],[8.452853,43.964227],[8.444372,43.979911],[8.477823,44.016747],[8.518532,44.034972],[8.564314,44.040218],[8.595789,44.028301],[8.619505,44.039668],[8.696072,43.975177],[8.726755,44.000499],[8.72655,44.020302],[8.750304,44.041428],[8.742187,44.071409],[8.744876,44.109064],[8.714733,44.139746],[8.735965,44.182762],[8.725606,44.213791],[8.752337,44.22813],[8.763961,44.261913],[8.744853,44.314242],[8.76391,44.327314],[8.821305,44.327396],[8.873801,44.306346],[8.861611,44.282953],[8.876673,44.258263],[8.879863,44.220314],[8.893881,44.177445],[8.903433,44.103886],[8.883553,44.077931],[8.856706,43.97518],[8.887035,43.923739],[8.929157,43.881504],[8.942336,43.861853],[8.95032,43.816282],[8.945055,43.78074],[8.9575,43.745323],[8.959758,43.716294],[8.948409,43.668913],[8.95405,43.626425],[8.977454,43.560667],[8.97011,43.511812],[8.97698,43.470786],[8.974693,43.413318],[8.96788,43.373081],[8.947176,43.353973],[8.880973,43.275904],[8.85435,43.251433],[8.825311,43.215253],[8.827684,43.185901],[8.807992,43.129354],[8.813564,43.112537],[8.781641,43.119057],[8.737159,43.088967],[8.715764,43.083951],[8.707665,43.097412],[8.675385,43.092692],[8.639857,43.098795],[8.629936,43.108343],[8.637695,43.133517],[8.655737,43.154403],[8.652125,43.164828],[8.622779,43.178459],[8.632794,43.189571],[8.625005,43.208739],[8.622554,43.290351],[8.588165,43.293874],[8.559987,43.287223],[8.527708,43.318255],[8.531702,43.352784],[8.519633,43.372316],[8.475894,43.393683],[8.457119,43.437025],[8.442897,43.440188],[8.437559,43.479246],[8.415454,43.475644],[8.380583,43.489185],[8.361165,43.506033],[8.33387,43.507628],[8.319125,43.524711],[8.289346,43.528183],[8.265309,43.547035],[8.258137,43.57083],[8.241109,43.576738],[8.243791,43.60655],[8.199576,43.59517],[8.148403,43.60254],[8.13594,43.616527],[8.089764,43.626121],[8.056192,43.627112],[8.05486,43.637746],[8.021669,43.641711],[8.011535,43.653385],[7.963383,43.649978],[7.940688,43.661466]]]}},{"type":"Feature","properties":{"id":"CPAM HAUTE-GARONNE","name":"CPAM HAUTE-GARONNE","title":"CPAM HAUTE-GARONNE","label":"CPAM HAUTE-GARONNE","nom_court":"HAUTE-GARONNE","organisme":"CPAM HAUTE-GARONNE","type_zone":"zone_cpam","svg":"044_Haute-Gar.svg","source_svg":"https://raw.githubusercontent.com/brenda-ramirez-santillan/carte-fr/refs/heads/main/044_Haute-Gar.svg","canvas_element":"svg_044_hautegar","canvas_left":582,"canvas_top":644,"canvas_width":102.05000305175781,"canvas_height":113.0999984741211,"label_longitude":0.934097,"label_latitude":43.242034,"centroid_longitude":1.144989,"centroid_latitude":43.302878,"fill":"#D9D9D9","stroke":"#A6A6A6","stroke_width":1,"modele":"Canvas utilisateur - geometrie issue des SVG et placement Canvas; conversion affine approximative vers WGS84"},"geometry":{"type":"Polygon","coordinates":[[[0.376639,43.058231],[0.406043,43.085928],[0.4247,43.094425],[0.453974,43.120349],[0.455629,43.144456],[0.491915,43.141219],[0.51497,43.153165],[0.491037,43.169876],[0.561495,43.227502],[0.579772,43.237874],[0.549321,43.249168],[0.590204,43.25062],[0.615078,43.264128],[0.665606,43.319324],[0.682606,43.313412],[0.694951,43.3389],[0.721025,43.362123],[0.758831,43.344492],[0.773737,43.36255],[0.798869,43.355166],[0.817776,43.360382],[0.851988,43.350552],[0.875503,43.351789],[0.901284,43.328363],[0.925097,43.331009],[0.939646,43.305873],[0.965274,43.321273],[0.956003,43.353929],[0.986486,43.358014],[0.982461,43.378196],[0.996245,43.388913],[1.004357,43.412243],[0.98561,43.429498],[1.016788,43.437848],[1.026205,43.465186],[1.022909,43.480198],[1.037552,43.500771],[1.064177,43.487009],[1.093547,43.509531],[1.124353,43.513083],[1.134468,43.528811],[1.171616,43.525592],[1.173616,43.552737],[1.152122,43.572938],[1.128145,43.563945],[1.099016,43.602994],[1.082464,43.59663],[1.053898,43.605235],[1.015154,43.639806],[1.028915,43.666293],[0.968639,43.693654],[0.92845,43.725454],[0.912736,43.755249],[0.937778,43.754382],[0.951677,43.765685],[0.999142,43.773515],[1.02329,43.767664],[1.046045,43.783104],[1.079338,43.766336],[1.093669,43.779661],[1.126989,43.789117],[1.150237,43.764794],[1.188436,43.760614],[1.191755,43.739061],[1.241617,43.752429],[1.242609,43.763642],[1.288284,43.7711],[1.339703,43.788908],[1.336737,43.806358],[1.30597,43.810938],[1.290922,43.804583],[1.272872,43.820473],[1.342258,43.831291],[1.328148,43.846484],[1.355117,43.860041],[1.390554,43.858429],[1.401458,43.846531],[1.437246,43.850591],[1.459972,43.879375],[1.476965,43.865578],[1.511141,43.88119],[1.521026,43.900032],[1.545063,43.896943],[1.535712,43.879916],[1.550266,43.858456],[1.549379,43.84173],[1.563162,43.823459],[1.584824,43.81757],[1.581856,43.787279],[1.620038,43.773467],[1.639285,43.772453],[1.63695,43.749269],[1.650889,43.734414],[1.644852,43.72126],[1.697665,43.693418],[1.705282,43.679783],[1.665,43.670972],[1.659428,43.660153],[1.715352,43.655409],[1.730353,43.622065],[1.703795,43.616448],[1.685123,43.593221],[1.745471,43.564688],[1.765357,43.564902],[1.781705,43.547426],[1.838557,43.538438],[1.855406,43.527208],[1.856808,43.507886],[1.88808,43.49855],[1.901822,43.468042],[1.92666,43.457775],[1.967828,43.449988],[2.003573,43.432607],[2.024845,43.437338],[2.029831,43.461201],[2.053474,43.463949],[2.064855,43.44164],[2.0332,43.425219],[2.028713,43.403549],[2.044878,43.389864],[2.028268,43.366388],[2.002039,43.358648],[1.968402,43.377342],[1.942981,43.37598],[1.912414,43.357023],[1.905039,43.369655],[1.865646,43.396311],[1.832945,43.369236],[1.808344,43.340861],[1.808587,43.305124],[1.775093,43.28279],[1.758022,43.294149],[1.724147,43.27489],[1.726977,43.257765],[1.703551,43.246194],[1.708052,43.234082],[1.687118,43.215237],[1.672762,43.223274],[1.633457,43.195841],[1.5963,43.206763],[1.538904,43.216754],[1.508652,43.209723],[1.507379,43.231143],[1.484895,43.234579],[1.477876,43.198194],[1.493723,43.188757],[1.493979,43.159003],[1.472858,43.164023],[1.458008,43.149039],[1.434387,43.149797],[1.40245,43.16545],[1.410487,43.19591],[1.395838,43.210331],[1.330741,43.258431],[1.303648,43.251299],[1.297448,43.236972],[1.270663,43.228877],[1.287375,43.203726],[1.310883,43.201756],[1.312709,43.187336],[1.348942,43.179981],[1.365802,43.165571],[1.357019,43.150318],[1.325251,43.146929],[1.299983,43.125001],[1.251591,43.131255],[1.219632,43.124046],[1.18851,43.095182],[1.193765,43.085393],[1.252104,43.076387],[1.270137,43.055034],[1.259034,43.04153],[1.23718,43.039063],[1.238799,43.020369],[1.198946,43.014399],[1.18315,43.04808],[1.147567,43.072278],[1.134268,43.063023],[1.102434,43.083656],[1.058002,43.072725],[1.026412,43.071489],[1.004512,43.028789],[0.983131,43.035916],[0.954143,43.020318],[0.969275,43.007567],[0.948763,42.988685],[0.949991,42.951207],[0.981108,42.933074],[0.965443,42.924694],[0.942145,42.894994],[0.872102,42.878737],[0.832624,42.876837],[0.843635,42.853874],[0.831354,42.844039],[0.800894,42.843003],[0.781474,42.830553],[0.799225,42.803439],[0.817251,42.750312],[0.815642,42.736984],[0.755829,42.752318],[0.740083,42.747457],[0.688724,42.760722],[0.657827,42.773982],[0.605975,42.749525],[0.617448,42.734606],[0.618281,42.713835],[0.590958,42.690761],[0.597109,42.670773],[0.630918,42.612522],[0.618689,42.592274],[0.552459,42.601646],[0.530579,42.597252],[0.470369,42.605077],[0.458751,42.593589],[0.415841,42.601968],[0.423002,42.612455],[0.391898,42.631554],[0.400517,42.665001],[0.392571,42.675832],[0.400133,42.697296],[0.393001,42.726963],[0.41476,42.790622],[0.472717,42.775082],[0.501547,42.773125],[0.518475,42.783269],[0.529518,42.813952],[0.549934,42.850676],[0.587662,42.870451],[0.591345,42.880191],[0.563225,42.891015],[0.555598,42.907908],[0.572146,42.920357],[0.551645,42.95615],[0.534641,42.943751],[0.508931,42.942021],[0.481464,42.921633],[0.473964,42.935634],[0.477869,42.963857],[0.50661,42.963516],[0.498186,42.990167],[0.472682,43.007389],[0.471729,43.019102],[0.399769,43.044098],[0.376639,43.058231]]]}},{"type":"Feature","properties":{"id":"CPAM HAUTE-LOIRE","name":"CPAM HAUTE-LOIRE","title":"CPAM HAUTE-LOIRE","label":"CPAM HAUTE-LOIRE","nom_court":"HAUTE-LOIRE","organisme":"CPAM HAUTE-LOIRE","type_zone":"zone_cpam","svg":"045_Haute-Loire.svg","source_svg":"https://raw.githubusercontent.com/brenda-ramirez-santillan/carte-fr/refs/heads/main/045_Haute-Loire.svg","canvas_element":"svg_045_hauteloire","canvas_left":744,"canvas_top":512,"canvas_width":88.30000305175781,"canvas_height":62.775001525878906,"label_longitude":3.833857,"label_latitude":45.08052,"centroid_longitude":3.794738,"centroid_latitude":45.115019,"fill":"#D9D9D9","stroke":"#A6A6A6","stroke_width":1,"modele":"Canvas utilisateur - geometrie issue des SVG et placement Canvas; conversion affine approximative vers WGS84"},"geometry":{"type":"Polygon","coordinates":[[[3.050872,45.31087],[3.065012,45.322507],[3.054473,45.351225],[3.122401,45.349323],[3.177898,45.377799],[3.251215,45.402393],[3.267594,45.421224],[3.286575,45.407441],[3.319788,45.424822],[3.342435,45.402977],[3.43313,45.403342],[3.450062,45.42376],[3.472697,45.430728],[3.493403,45.404201],[3.537784,45.396483],[3.564125,45.375785],[3.56662,45.35675],[3.596426,45.336251],[3.64319,45.361733],[3.660665,45.385742],[3.688089,45.361027],[3.758009,45.349188],[3.776646,45.354234],[3.772036,45.37208],[3.792235,45.394763],[3.824206,45.377934],[3.826774,45.367009],[3.860536,45.356707],[3.889637,45.35818],[3.910242,45.339574],[3.931641,45.374192],[3.982703,45.374261],[4.000306,45.357478],[4.014557,45.328684],[4.043081,45.35773],[4.063258,45.340013],[4.085437,45.36021],[4.12519,45.372037],[4.159561,45.367459],[4.154999,45.388553],[4.185536,45.397146],[4.200813,45.388777],[4.235631,45.394402],[4.254684,45.389417],[4.283355,45.363009],[4.303402,45.361792],[4.321718,45.374822],[4.361718,45.366011],[4.382963,45.339452],[4.346854,45.319142],[4.382366,45.301325],[4.374619,45.280381],[4.386785,45.258283],[4.438172,45.27447],[4.506236,45.233562],[4.513092,45.221263],[4.500166,45.205328],[4.495308,45.173162],[4.469017,45.153748],[4.467693,45.122541],[4.394465,45.13558],[4.38785,45.120675],[4.419479,45.105703],[4.390414,45.093711],[4.362799,45.056378],[4.376972,45.041676],[4.396332,45.040273],[4.39751,45.021131],[4.354784,45.010909],[4.329786,45.015106],[4.31149,45.000447],[4.303771,44.979554],[4.326847,44.952646],[4.263654,44.938745],[4.232242,44.941137],[4.226951,44.911733],[4.198998,44.891095],[4.188587,44.862594],[4.163611,44.847691],[4.108468,44.851566],[4.071227,44.841032],[4.034988,44.844645],[4.020668,44.817788],[4.029336,44.805503],[3.987411,44.783437],[3.94118,44.793584],[3.93336,44.764125],[3.915352,44.742016],[3.883568,44.717901],[3.855209,44.709197],[3.82787,44.713274],[3.834434,44.73427],[3.791956,44.749419],[3.739376,44.790223],[3.73063,44.807976],[3.707982,44.80066],[3.651327,44.798147],[3.654213,44.813511],[3.636277,44.846042],[3.606359,44.852283],[3.572593,44.847017],[3.576541,44.830189],[3.567073,44.795108],[3.51533,44.796743],[3.479487,44.79198],[3.450695,44.776851],[3.430192,44.808761],[3.412202,44.823799],[3.405702,44.851293],[3.378914,44.890877],[3.384603,44.902284],[3.372645,44.931704],[3.353522,44.927747],[3.327125,44.947367],[3.313038,44.949895],[3.314993,44.98031],[3.301504,45.004304],[3.274499,45.001444],[3.262681,45.011202],[3.262329,45.03668],[3.277192,45.06733],[3.297926,45.095052],[3.263481,45.108599],[3.24946,45.104653],[3.220417,45.157956],[3.232776,45.198476],[3.198129,45.206525],[3.178439,45.235241],[3.185813,45.258737],[3.169489,45.273769],[3.1222,45.27301],[3.113708,45.284767],[3.069979,45.277044],[3.050872,45.31087]]]}},{"type":"Feature","properties":{"id":"CPAM HAUTE-MARNE","name":"CPAM HAUTE-MARNE","title":"CPAM HAUTE-MARNE","label":"CPAM HAUTE-MARNE","nom_court":"HAUTE-MARNE","organisme":"CPAM HAUTE-MARNE","type_zone":"zone_cpam","svg":"046_Haute-Marne.svg","source_svg":"https://raw.githubusercontent.com/brenda-ramirez-santillan/carte-fr/refs/heads/main/046_Haute-Marne.svg","canvas_element":"svg_046_hautemarne","canvas_left":836,"canvas_top":227,"canvas_width":79.7249984741211,"canvas_height":102.07500457763672,"label_longitude":5.214952,"label_latitude":48.136366,"centroid_longitude":5.184367,"centroid_latitude":48.111115,"fill":"#D9D9D9","stroke":"#A6A6A6","stroke_width":1,"modele":"Canvas utilisateur - geometrie issue des SVG et placement Canvas; conversion affine approximative vers WGS84"},"geometry":{"type":"Polygon","coordinates":[[[4.562994,48.47524],[4.577277,48.49006],[4.598949,48.554745],[4.649213,48.565683],[4.734617,48.553175],[4.710132,48.591343],[4.702867,48.615362],[4.731854,48.622492],[4.766373,48.640846],[4.788291,48.642753],[4.788262,48.669983],[4.742974,48.684995],[4.70601,48.687096],[4.715685,48.70167],[4.758833,48.70594],[4.806243,48.698938],[4.850962,48.721754],[4.877004,48.710765],[4.892951,48.721336],[4.933063,48.717791],[4.95405,48.702885],[4.937767,48.690137],[4.951901,48.663975],[4.939854,48.651588],[4.960383,48.639397],[4.979443,48.64276],[4.997685,48.661858],[5.019567,48.624759],[5.069592,48.613206],[5.098027,48.589973],[5.127749,48.583178],[5.164956,48.564633],[5.224385,48.544387],[5.267242,48.541114],[5.290063,48.529463],[5.313484,48.505441],[5.373048,48.488171],[5.375694,48.467445],[5.414312,48.445721],[5.440526,48.44145],[5.412931,48.432704],[5.376162,48.401105],[5.410716,48.398239],[5.388093,48.378932],[5.386314,48.355362],[5.411131,48.351273],[5.453478,48.373018],[5.495823,48.356981],[5.519375,48.329583],[5.565073,48.291329],[5.58989,48.305555],[5.634313,48.281118],[5.62084,48.253362],[5.659286,48.239399],[5.670183,48.244958],[5.703445,48.222548],[5.715766,48.198106],[5.67976,48.197072],[5.664565,48.183057],[5.666856,48.150615],[5.638093,48.124396],[5.608912,48.086176],[5.641155,48.086805],[5.726365,48.050381],[5.765531,48.030799],[5.782337,47.987865],[5.766506,47.974354],[5.775839,47.94751],[5.841771,47.958666],[5.878415,47.919911],[5.884926,47.903839],[5.862987,47.893027],[5.843353,47.898518],[5.795525,47.836188],[5.748756,47.848686],[5.730845,47.837318],[5.73297,47.810791],[5.718867,47.804371],[5.684409,47.810871],[5.665611,47.792276],[5.663673,47.753695],[5.690089,47.752919],[5.694757,47.727558],[5.67785,47.719454],[5.668256,47.69234],[5.674614,47.66367],[5.636073,47.655587],[5.576448,47.649272],[5.564068,47.678949],[5.545318,47.684621],[5.506079,47.65014],[5.456393,47.662354],[5.418021,47.647533],[5.376276,47.650104],[5.375739,47.622024],[5.341607,47.591707],[5.342608,47.577068],[5.322476,47.562972],[5.306755,47.58168],[5.264534,47.577098],[5.215286,47.547249],[5.200228,47.568701],[5.200753,47.588642],[5.171409,47.615753],[5.131601,47.626862],[5.136485,47.656917],[5.083891,47.621476],[5.038318,47.631358],[4.994781,47.65153],[4.98038,47.686264],[4.94078,47.663744],[4.906654,47.672753],[4.90027,47.683238],[4.919072,47.707997],[4.895634,47.744687],[4.875809,47.740709],[4.862657,47.757548],[4.93505,47.785404],[4.942025,47.80266],[4.915092,47.815607],[4.899969,47.852387],[4.872763,47.856865],[4.872639,47.873532],[4.844833,47.909813],[4.817964,47.908553],[4.797767,47.88267],[4.768182,47.902921],[4.807157,47.929968],[4.785091,47.951808],[4.749157,47.949598],[4.72184,47.959556],[4.731858,47.974768],[4.725933,48.000806],[4.684104,47.996813],[4.653215,48.001578],[4.63666,48.013496],[4.643666,48.044949],[4.620244,48.069395],[4.640839,48.098056],[4.664031,48.117308],[4.698399,48.114617],[4.757364,48.101874],[4.774489,48.107638],[4.767759,48.129884],[4.789599,48.142848],[4.776722,48.17157],[4.802004,48.204136],[4.782908,48.248482],[4.797103,48.277065],[4.780972,48.292866],[4.789808,48.306318],[4.751193,48.334455],[4.779788,48.352004],[4.688469,48.380363],[4.694132,48.40254],[4.631605,48.410845],[4.602161,48.462751],[4.562994,48.47524]]]}},{"type":"Feature","properties":{"id":"CPAM HAUTE-SAONE","name":"CPAM HAUTE-SAONE","title":"CPAM HAUTE-SAONE","label":"CPAM HAUTE-SAONE","nom_court":"HAUTE-SAONE","organisme":"CPAM HAUTE-SAONE","type_zone":"zone_cpam","svg":"047_Haute-Saone.svg","source_svg":"https://raw.githubusercontent.com/brenda-ramirez-santillan/carte-fr/refs/heads/main/047_Haute-Saone.svg","canvas_element":"svg_047_hautesaone","canvas_left":880,"canvas_top":286,"canvas_width":92.1500015258789,"canvas_height":70.70000457763672,"label_longitude":6.051599,"label_latitude":47.635167,"centroid_longitude":6.045704,"centroid_latitude":47.642822,"fill":"#D9D9D9","stroke":"#A6A6A6","stroke_width":1,"modele":"Canvas utilisateur - geometrie issue des SVG et placement Canvas; conversion affine approximative vers WGS84"},"geometry":{"type":"Polygon","coordinates":[[[5.294467,47.614767],[5.328627,47.64507],[5.329154,47.673149],[5.370905,47.670575],[5.409284,47.685395],[5.458987,47.673181],[5.498243,47.707658],[5.516983,47.701989],[5.529368,47.672312],[5.589013,47.678633],[5.627569,47.686716],[5.6212,47.71538],[5.630807,47.742485],[5.647715,47.750601],[5.643049,47.775957],[5.616622,47.776732],[5.618563,47.815302],[5.63737,47.833898],[5.67184,47.827394],[5.685931,47.833809],[5.683825,47.860343],[5.701726,47.871706],[5.748516,47.859209],[5.796357,47.921525],[5.815995,47.916042],[5.837942,47.926854],[5.831433,47.942922],[5.847536,47.96279],[5.866398,47.965644],[5.866574,47.984922],[5.885947,47.999079],[5.909947,47.985411],[5.887072,47.969535],[5.90395,47.954903],[5.921833,47.976336],[5.946866,47.977135],[5.977228,47.998818],[5.995711,48.026658],[6.090534,48.047922],[6.116503,48.029343],[6.112715,48.017356],[6.129289,47.972212],[6.155923,47.97323],[6.17178,47.958919],[6.202988,47.951935],[6.244301,47.974323],[6.29393,47.969767],[6.337714,47.983384],[6.406739,47.964543],[6.43237,47.925464],[6.453831,47.909266],[6.523053,47.921516],[6.545312,47.952072],[6.591449,47.964739],[6.627066,47.935991],[6.6299,47.924599],[6.693025,47.89992],[6.728966,47.879092],[6.778516,47.866699],[6.786354,47.846051],[6.81937,47.828207],[6.80674,47.810147],[6.779604,47.795236],[6.750287,47.75891],[6.749304,47.734113],[6.766134,47.720638],[6.776047,47.69534],[6.77,47.675097],[6.796345,47.640812],[6.774691,47.629292],[6.800678,47.583762],[6.802902,47.563346],[6.792957,47.549235],[6.761344,47.536917],[6.731234,47.556885],[6.706595,47.552414],[6.658992,47.557453],[6.634407,47.533386],[6.596712,47.528028],[6.565631,47.542273],[6.551909,47.530555],[6.56815,47.506315],[6.557541,47.490929],[6.536572,47.487975],[6.516508,47.501906],[6.499547,47.491721],[6.475867,47.501317],[6.454878,47.491534],[6.441745,47.507952],[6.393503,47.517192],[6.305942,47.500778],[6.249189,47.434905],[6.231666,47.437085],[6.224163,47.414292],[6.193479,47.410712],[6.165364,47.418812],[6.122251,47.374678],[6.079446,47.382436],[6.038985,47.338724],[5.99575,47.329526],[5.987615,47.321314],[5.933408,47.308534],[5.918797,47.32026],[5.878004,47.328208],[5.858999,47.313792],[5.80774,47.295665],[5.79092,47.280364],[5.727733,47.270106],[5.716076,47.257103],[5.673537,47.241211],[5.638212,47.242546],[5.614251,47.25381],[5.577618,47.232626],[5.536607,47.237322],[5.507553,47.230336],[5.504998,47.245542],[5.462405,47.262191],[5.44854,47.283087],[5.399779,47.296372],[5.421357,47.312463],[5.416196,47.344105],[5.425506,47.37389],[5.404907,47.379263],[5.377609,47.36725],[5.357361,47.42459],[5.330104,47.44929],[5.29862,47.452159],[5.322293,47.488603],[5.372633,47.485932],[5.398423,47.51908],[5.413909,47.518635],[5.425022,47.547481],[5.404287,47.605087],[5.349553,47.629522],[5.322555,47.592442],[5.295464,47.60013],[5.294467,47.614767]]]}},{"type":"Feature","properties":{"id":"CPAM HAUTE-SAVOIE","name":"CPAM HAUTE-SAVOIE","title":"CPAM HAUTE-SAVOIE","label":"CPAM HAUTE-SAVOIE","nom_court":"HAUTE-SAVOIE","organisme":"CPAM HAUTE-SAVOIE","type_zone":"zone_cpam","svg":"048_Haute-Savoie.svg","source_svg":"https://raw.githubusercontent.com/brenda-ramirez-santillan/carte-fr/refs/heads/main/048_Haute-Savoie.svg","canvas_element":"svg_048_hautesavoie","canvas_left":908,"canvas_top":427,"canvas_width":78.57500457763672,"canvas_height":66.4000015258789,"label_longitude":6.329371,"label_latitude":46.045252,"centroid_longitude":6.416699,"centroid_latitude":46.030545,"fill":"#D9D9D9","stroke":"#A6A6A6","stroke_width":1,"modele":"Canvas utilisateur - geometrie issue des SVG et placement Canvas; conversion affine approximative vers WGS84"},"geometry":{"type":"Polygon","coordinates":[[[5.763545,46.036653],[5.768062,46.073274],[5.789932,46.102557],[5.814576,46.082332],[5.843515,46.080515],[5.853108,46.116074],[5.88445,46.129977],[5.920001,46.130801],[5.950725,46.142821],[6.014064,46.139526],[6.020866,46.151725],[6.06339,46.15231],[6.099348,46.140533],[6.150238,46.159498],[6.161637,46.180742],[6.214114,46.211017],[6.257621,46.220818],[6.291952,46.250706],[6.288916,46.263102],[6.247252,46.254864],[6.215766,46.285913],[6.225132,46.312128],[6.256752,46.361844],[6.284786,46.380329],[6.327832,46.384512],[6.340813,46.366226],[6.375645,46.353167],[6.398251,46.372568],[6.458055,46.387705],[6.473084,46.408409],[6.504817,46.422176],[6.538612,46.411691],[6.583725,46.419946],[6.633106,46.423838],[6.725449,46.42618],[6.795908,46.411038],[6.813216,46.397855],[6.775871,46.370714],[6.790522,46.34731],[6.828315,46.328106],[6.838502,46.31299],[6.874873,46.295125],[6.863819,46.26415],[6.849153,46.258233],[6.811173,46.211607],[6.819954,46.189468],[6.799111,46.167705],[6.803922,46.142032],[6.82309,46.132692],[6.911096,46.125571],[6.89591,46.097177],[6.903951,46.085256],[6.884271,46.050835],[6.900812,46.041473],[6.938796,46.065012],[6.967237,46.04903],[7.002286,46.003276],[7.024554,45.997041],[7.042385,45.975695],[7.037477,45.954568],[7.057713,45.948714],[7.064865,45.915846],[7.0408,45.90787],[7.02211,45.88835],[7.024488,45.874106],[7.010198,45.856943],[6.967446,45.847575],[6.955472,45.833964],[6.908682,45.829358],[6.886061,45.832324],[6.828545,45.822202],[6.812958,45.800601],[6.822159,45.792359],[6.811536,45.760935],[6.762147,45.747976],[6.745923,45.725951],[6.716502,45.701803],[6.695428,45.705809],[6.702495,45.723252],[6.689234,45.735957],[6.691998,45.752919],[6.662638,45.782136],[6.600315,45.777935],[6.574441,45.80019],[6.548138,45.810966],[6.534631,45.848967],[6.565032,45.849445],[6.569701,45.864687],[6.55467,45.881049],[6.508448,45.892806],[6.48636,45.877447],[6.46204,45.871711],[6.435074,45.830122],[6.414312,45.785602],[6.371217,45.758441],[6.313551,45.668205],[6.28843,45.668365],[6.262224,45.658733],[6.219928,45.659681],[6.211434,45.677988],[6.167062,45.677511],[6.173353,45.709098],[6.155243,45.724696],[6.117867,45.739701],[6.102136,45.729248],[6.054828,45.716605],[6.023067,45.725571],[6.012826,45.715473],[5.978962,45.726939],[5.940104,45.753047],[5.947417,45.774907],[5.928244,45.79297],[5.876149,45.783617],[5.834327,45.824288],[5.839898,45.84229],[5.829428,45.870909],[5.821911,45.919048],[5.789419,45.925301],[5.792234,45.960827],[5.766528,45.979508],[5.769304,46.015685],[5.763545,46.036653]]]}},{"type":"Feature","properties":{"id":"CPAM HAUTE-VIENNE","name":"CPAM HAUTE-VIENNE","title":"CPAM HAUTE-VIENNE","label":"CPAM HAUTE-VIENNE","nom_court":"HAUTE-VIENNE","organisme":"CPAM HAUTE-VIENNE","type_zone":"zone_cpam","svg":"049_Haute-Vienne.svg","source_svg":"https://raw.githubusercontent.com/brenda-ramirez-santillan/carte-fr/refs/heads/main/049_Haute-Vienne.svg","canvas_element":"svg_049_hautevienne","canvas_left":595,"canvas_top":427,"canvas_width":80.9749984741211,"canvas_height":87.80000305175781,"label_longitude":1.196643,"label_latitude":45.897416,"centroid_longitude":1.217613,"centroid_latitude":45.861957,"fill":"#D9D9D9","stroke":"#A6A6A6","stroke_width":1,"modele":"Canvas utilisateur - geometrie issue des SVG et placement Canvas; conversion affine approximative vers WGS84"},"geometry":{"type":"Polygon","coordinates":[[[0.582753,45.670461],[0.599233,45.673658],[0.606615,45.697998],[0.644306,45.719278],[0.67214,45.722288],[0.664714,45.756541],[0.673604,45.767279],[0.70587,45.764766],[0.732257,45.748525],[0.74275,45.783988],[0.759292,45.796343],[0.790006,45.849491],[0.775161,45.866273],[0.784396,45.901682],[0.823647,45.886959],[0.850171,45.89315],[0.890025,45.924346],[0.910922,45.929133],[0.892883,45.985169],[0.859603,45.998443],[0.831226,45.993305],[0.814394,46.010393],[0.779436,46.024225],[0.788843,46.041259],[0.780374,46.055483],[0.79583,46.086196],[0.776384,46.096067],[0.784957,46.109667],[0.795354,46.149916],[0.776688,46.181746],[0.75552,46.19685],[0.770568,46.214711],[0.810434,46.215818],[0.807729,46.229898],[0.824442,46.250691],[0.849548,46.255529],[0.865425,46.277583],[0.89928,46.272649],[0.93687,46.277062],[0.957965,46.271165],[0.992883,46.303451],[0.998273,46.337706],[1.022559,46.358729],[1.071735,46.358252],[1.099976,46.344579],[1.107494,46.360834],[1.135423,46.386752],[1.156193,46.381784],[1.185098,46.385893],[1.200354,46.362918],[1.243647,46.376739],[1.288546,46.368723],[1.308762,46.388572],[1.344141,46.399824],[1.373166,46.373114],[1.40004,46.359039],[1.406581,46.344138],[1.43679,46.300535],[1.418718,46.293072],[1.394771,46.251664],[1.408716,46.231577],[1.384836,46.228789],[1.364677,46.204457],[1.407289,46.164133],[1.449303,46.168438],[1.462709,46.137512],[1.502066,46.111996],[1.488198,46.09845],[1.50189,46.07039],[1.541963,46.058344],[1.530275,46.038778],[1.548657,46.014788],[1.535231,46.005081],[1.537617,45.974536],[1.565263,45.974337],[1.577575,45.957339],[1.56678,45.938498],[1.531428,45.927275],[1.528825,45.905054],[1.547084,45.889279],[1.579686,45.889904],[1.580603,45.903811],[1.61835,45.905625],[1.644396,45.871442],[1.640523,45.859687],[1.605121,45.862184],[1.605299,45.826722],[1.683458,45.80345],[1.697866,45.812514],[1.723672,45.808877],[1.766687,45.8256],[1.801839,45.798686],[1.843219,45.777439],[1.862175,45.777674],[1.898456,45.76491],[1.912513,45.724276],[1.892636,45.696151],[1.898824,45.675096],[1.917578,45.659759],[1.923499,45.638055],[1.897906,45.638383],[1.892874,45.624306],[1.841649,45.624308],[1.798884,45.642644],[1.789055,45.616988],[1.759285,45.603334],[1.713803,45.594309],[1.667016,45.562947],[1.664932,45.549551],[1.629979,45.530976],[1.597325,45.529976],[1.587992,45.50763],[1.558885,45.500385],[1.52191,45.515795],[1.505322,45.501833],[1.478361,45.517445],[1.451528,45.504008],[1.446491,45.47975],[1.406309,45.477116],[1.382805,45.443196],[1.36385,45.438824],[1.342416,45.415317],[1.299534,45.428907],[1.257432,45.423025],[1.251407,45.398034],[1.239472,45.387524],[1.193486,45.407272],[1.169424,45.398907],[1.145767,45.420212],[1.115983,45.415129],[1.09903,45.432944],[1.11596,45.452746],[1.148856,45.472394],[1.117672,45.488066],[1.08887,45.493368],[1.057394,45.48166],[1.051343,45.494095],[1.022743,45.506824],[1.009992,45.523052],[1.010334,45.551516],[0.997039,45.561771],[0.958303,45.555783],[0.916844,45.565223],[0.865537,45.550351],[0.840856,45.573056],[0.824613,45.563668],[0.807124,45.531529],[0.77445,45.52459],[0.766022,45.546109],[0.741642,45.540648],[0.711205,45.569224],[0.723273,45.579876],[0.7366,45.621465],[0.723822,45.622132],[0.701125,45.645655],[0.674081,45.650127],[0.65896,45.641786],[0.608602,45.643209],[0.582753,45.670461]]]}},{"type":"Feature","properties":{"id":"CPAM HAUTES-ALPES","name":"CPAM HAUTES-ALPES","title":"CPAM HAUTES-ALPES","label":"CPAM HAUTES-ALPES","nom_court":"HAUTES-ALPES","organisme":"CPAM HAUTES-ALPES","type_zone":"zone_cpam","svg":"050_Hautes-Alpes.svg","source_svg":"https://raw.githubusercontent.com/brenda-ramirez-santillan/carte-fr/refs/heads/main/050_Hautes-Alpes.svg","canvas_element":"svg_050_hautesalpes","canvas_left":883,"canvas_top":538,"canvas_width":105.4000015258789,"canvas_height":86.32500457763672,"label_longitude":6.33306,"label_latitude":44.645066,"centroid_longitude":6.244583,"centroid_latitude":44.654711,"fill":"#D9D9D9","stroke":"#A6A6A6","stroke_width":1,"modele":"Canvas utilisateur - geometrie issue des SVG et placement Canvas; conversion affine approximative vers WGS84"},"geometry":{"type":"Polygon","coordinates":[[[5.355361,44.397811],[5.38549,44.405259],[5.416351,44.392578],[5.43925,44.411312],[5.403577,44.422309],[5.397507,44.441599],[5.419663,44.468248],[5.458193,44.468586],[5.506554,44.451345],[5.54997,44.441708],[5.563274,44.449354],[5.577338,44.479545],[5.61386,44.48047],[5.574684,44.514857],[5.542947,44.523903],[5.564367,44.566177],[5.591823,44.594434],[5.589331,44.638173],[5.678108,44.626252],[5.707372,44.651057],[5.745989,44.641278],[5.75516,44.663179],[5.78288,44.675739],[5.784221,44.691185],[5.757202,44.697917],[5.784755,44.733297],[5.804729,44.745591],[5.848974,44.742823],[5.860839,44.752948],[5.884064,44.748577],[5.944917,44.777544],[5.942402,44.787897],[5.912617,44.802086],[5.943765,44.817111],[5.970789,44.819203],[5.997388,44.838016],[6.025526,44.815293],[6.083358,44.844793],[6.100568,44.863699],[6.145233,44.8558],[6.172141,44.860955],[6.229137,44.85455],[6.248912,44.873498],[6.281811,44.876832],[6.319404,44.850456],[6.338694,44.858588],[6.3345,44.885268],[6.34252,44.896786],[6.338374,44.930132],[6.342757,44.948865],[6.311344,44.955098],[6.310738,44.97879],[6.296285,44.989792],[6.303609,45.010868],[6.280807,45.014884],[6.229879,45.006936],[6.179513,45.023371],[6.196296,45.079411],[6.220434,45.083438],[6.205943,45.125347],[6.238682,45.144657],[6.279409,45.125498],[6.313122,45.13579],[6.346465,45.121539],[6.357674,45.100067],[6.348634,45.085241],[6.379202,45.076556],[6.426208,45.077593],[6.44014,45.066171],[6.476367,45.070954],[6.470078,45.107651],[6.502207,45.126809],[6.521946,45.116132],[6.5496,45.122216],[6.571116,45.142317],[6.612164,45.140806],[6.627407,45.128029],[6.624803,45.11943],[6.661347,45.088323],[6.657964,45.067754],[6.672386,45.035256],[6.728418,45.035609],[6.747091,45.029802],[6.755327,45.010415],[6.741093,45.003929],[6.768354,44.982614],[6.757517,44.952668],[6.755178,44.913192],[6.776719,44.91096],[6.813358,44.882788],[6.87376,44.855539],[6.926949,44.850317],[6.947846,44.867978],[6.988859,44.851476],[7.024814,44.844331],[7.037023,44.81582],[7.017425,44.791541],[7.044013,44.763041],[7.043498,44.740755],[7.064104,44.716334],[7.087364,44.711654],[7.099403,44.677134],[7.081119,44.676029],[7.043211,44.687841],[7.003769,44.684246],[6.973579,44.664779],[6.964019,44.648855],[6.928386,44.653635],[6.89234,44.622251],[6.869226,44.620089],[6.864806,44.606001],[6.808081,44.594592],[6.773419,44.576137],[6.742242,44.539576],[6.704391,44.525066],[6.683094,44.52711],[6.670175,44.483963],[6.644081,44.470564],[6.63228,44.427302],[6.542919,44.426706],[6.528084,44.432145],[6.4608,44.431108],[6.453064,44.442879],[6.42289,44.453355],[6.399549,44.451609],[6.386446,44.476076],[6.34268,44.505985],[6.316518,44.492487],[6.333278,44.479975],[6.323215,44.453215],[6.306916,44.443605],[6.275705,44.461538],[6.243496,44.445055],[6.215435,44.440631],[6.243344,44.388719],[6.221547,44.359635],[6.207389,44.356233],[6.149677,44.417139],[6.13145,44.419756],[6.130714,44.440763],[6.088993,44.454843],[6.050778,44.454727],[6.04324,44.42988],[5.994758,44.411198],[5.988583,44.395738],[5.943836,44.38209],[5.918491,44.368944],[5.901452,44.331099],[5.858206,44.287782],[5.889269,44.27729],[5.876173,44.23466],[5.876454,44.213918],[5.841576,44.237344],[5.838353,44.25614],[5.808173,44.268607],[5.782392,44.2454],[5.78535,44.228076],[5.820506,44.209825],[5.843544,44.173867],[5.878244,44.166028],[5.872568,44.152292],[5.787584,44.162659],[5.752637,44.176027],[5.732808,44.167534],[5.710665,44.172381],[5.666959,44.160587],[5.644043,44.146955],[5.627149,44.152105],[5.632546,44.195992],[5.623759,44.203301],[5.627014,44.241049],[5.596838,44.237698],[5.580442,44.250569],[5.586476,44.266426],[5.555207,44.275604],[5.564648,44.301007],[5.480727,44.301711],[5.464265,44.318322],[5.434106,44.305342],[5.409169,44.320361],[5.399893,44.338122],[5.372844,44.338835],[5.381259,44.362273],[5.355361,44.397811]]]}},{"type":"Feature","properties":{"id":"CPAM HAUTES-PYRENEES","name":"CPAM HAUTES-PYRENEES","title":"CPAM HAUTES-PYRENEES","label":"CPAM HAUTES-PYRENEES","nom_court":"HAUTES-PYRENEES","organisme":"CPAM HAUTES-PYRENEES","type_zone":"zone_cpam","svg":"051_Hautes-Pyrenees.svg","source_svg":"https://raw.githubusercontent.com/brenda-ramirez-santillan/carte-fr/refs/heads/main/051_Hautes-Pyrenees.svg","canvas_element":"svg_051_hautespyrenees","canvas_left":538,"canvas_top":670,"canvas_width":61.775001525878906,"canvas_height":85.55000305175781,"label_longitude":0.160483,"label_latitude":43.104886,"centroid_longitude":0.167006,"centroid_latitude":43.006661,"fill":"#D9D9D9","stroke":"#A6A6A6","stroke_width":1,"modele":"Canvas utilisateur - geometrie issue des SVG et placement Canvas; conversion affine approximative vers WGS84"},"geometry":{"type":"Polygon","coordinates":[[[-0.351143,42.861088],[-0.30328,42.879383],[-0.314733,42.940234],[-0.309478,42.955945],[-0.285941,42.960338],[-0.2809,42.990333],[-0.243554,42.985735],[-0.218346,42.995342],[-0.217076,43.018309],[-0.205181,43.03839],[-0.208668,43.067869],[-0.187526,43.07033],[-0.161573,43.086142],[-0.140777,43.117386],[-0.131871,43.141417],[-0.079474,43.138282],[-0.084537,43.188289],[-0.056532,43.196638],[-0.026329,43.237335],[-0.055175,43.252888],[-0.057063,43.269363],[-0.034822,43.299786],[0.002196,43.295541],[0.022289,43.317704],[-0.014357,43.346735],[-0.013027,43.367602],[0.001142,43.398096],[-0.026479,43.420971],[-0.044488,43.408736],[-0.053918,43.385364],[-0.08223,43.409074],[-0.078302,43.441399],[-0.044912,43.45363],[-0.061126,43.472163],[-0.051545,43.493525],[-0.077172,43.527844],[-0.10302,43.540475],[-0.111366,43.567111],[-0.090818,43.575425],[-0.087472,43.592536],[-0.026275,43.591081],[-0.016623,43.580176],[-0.011567,43.549747],[0.007139,43.526405],[0.021637,43.528063],[0.049601,43.500585],[0.075336,43.506066],[0.08503,43.49162],[0.108527,43.499356],[0.127898,43.475663],[0.132773,43.4448],[0.147818,43.444498],[0.165453,43.420629],[0.135477,43.411234],[0.152849,43.374616],[0.173801,43.378375],[0.182572,43.344979],[0.234814,43.341557],[0.283848,43.361396],[0.307506,43.346192],[0.335726,43.345483],[0.336465,43.321716],[0.347814,43.316438],[0.39955,43.330199],[0.407396,43.306301],[0.457151,43.30054],[0.45916,43.314106],[0.514994,43.298969],[0.521584,43.306762],[0.566937,43.302546],[0.629422,43.283343],[0.659859,43.272046],[0.641588,43.261663],[0.571158,43.204041],[0.595076,43.18733],[0.572034,43.175376],[0.535757,43.17861],[0.534102,43.154506],[0.504838,43.128583],[0.486184,43.120074],[0.456795,43.092385],[0.479916,43.078252],[0.551841,43.053248],[0.552794,43.041541],[0.578299,43.024304],[0.586729,42.997659],[0.557988,42.998001],[0.554087,42.969766],[0.561581,42.955765],[0.589044,42.976158],[0.614728,42.977881],[0.631745,42.990287],[0.652234,42.954492],[0.635677,42.94205],[0.643315,42.925149],[0.671427,42.914324],[0.667727,42.904577],[0.630015,42.884803],[0.609619,42.848078],[0.598587,42.817393],[0.581665,42.807244],[0.552837,42.809203],[0.494905,42.824742],[0.473149,42.761078],[0.480279,42.731408],[0.472723,42.709939],[0.480667,42.699104],[0.47205,42.665661],[0.503136,42.646569],[0.495973,42.636065],[0.451744,42.625674],[0.416468,42.631968],[0.406435,42.649527],[0.371696,42.66023],[0.336641,42.640834],[0.331017,42.617412],[0.301633,42.608583],[0.273092,42.630595],[0.26712,42.651368],[0.231939,42.653157],[0.210132,42.665689],[0.178307,42.67345],[0.162234,42.660299],[0.137164,42.657948],[0.110587,42.645001],[0.088665,42.652219],[0.041981,42.63044],[0.019501,42.636344],[-0.017467,42.617037],[-0.069209,42.626356],[-0.078801,42.652217],[-0.11413,42.655938],[-0.174649,42.735891],[-0.194322,42.723047],[-0.257448,42.746882],[-0.297764,42.775589],[-0.336463,42.79011],[-0.32983,42.811939],[-0.351143,42.861088]]]}},{"type":"Feature","properties":{"id":"CPAM HAUTS-DE-SEINE","name":"CPAM HAUTS-DE-SEINE","title":"CPAM HAUTS-DE-SEINE","label":"CPAM HAUTS-DE-SEINE","nom_court":"HAUTS-DE-SEINE","organisme":"CPAM HAUTS-DE-SEINE","type_zone":"ile_de_france","svg":"094_Hauts-de-Seine.svg","source_svg":"https://raw.githubusercontent.com/brenda-ramirez-santillan/carte-fr/refs/heads/main/094_Hauts-de-Seine.svg","canvas_element":"svg_centre_idf_hautsdeseine","canvas_left":686,"canvas_top":204,"canvas_width":11.475000381469727,"canvas_height":19.225000381469727,"label_longitude":2.12989,"label_latitude":48.86673,"centroid_longitude":2.177595,"centroid_latitude":48.87048,"fill":"#D9D9D9","stroke":"#A6A6A6","stroke_width":1,"modele":"Canvas utilisateur - geometrie issue des SVG et placement Canvas; conversion affine approximative vers WGS84"},"geometry":{"type":"Polygon","coordinates":[[[2.078239,48.857751],[2.085087,48.895272],[2.100477,48.917185],[2.13256,48.931006],[2.20038,48.969411],[2.222556,48.973927],[2.258477,48.968476],[2.26788,48.955449],[2.251447,48.938879],[2.251567,48.923332],[2.209359,48.900534],[2.190386,48.902871],[2.163761,48.891369],[2.156324,48.875709],[2.211087,48.854855],[2.263841,48.839566],[2.250777,48.810353],[2.257896,48.804275],[2.240923,48.777575],[2.25293,48.770944],[2.246738,48.752501],[2.197239,48.783424],[2.165361,48.788035],[2.158923,48.797955],[2.134984,48.82024],[2.115345,48.818961],[2.109037,48.835584],[2.083995,48.838692],[2.078239,48.857751]]]}},{"type":"Feature","properties":{"id":"CPAM HERAULT","name":"CPAM HERAULT","title":"CPAM HERAULT","label":"CPAM HERAULT","nom_court":"HERAULT","organisme":"CPAM HERAULT","type_zone":"zone_cpam","svg":"053_Herault.svg","source_svg":"https://raw.githubusercontent.com/brenda-ramirez-santillan/carte-fr/refs/heads/main/053_Herault.svg","canvas_element":"svg_053_herault","canvas_left":710,"canvas_top":638,"canvas_width":104.625,"canvas_height":69.7249984741211,"label_longitude":3.360666,"label_latitude":43.578201,"centroid_longitude":3.357161,"centroid_latitude":43.562486,"fill":"#D9D9D9","stroke":"#A6A6A6","stroke_width":1,"modele":"Canvas utilisateur - geometrie issue des SVG et placement Canvas; conversion affine approximative vers WGS84"},"geometry":{"type":"Polygon","coordinates":[[[2.494968,43.303725],[2.504685,43.333807],[2.500923,43.349096],[2.517675,43.368992],[2.543125,43.382118],[2.513987,43.39295],[2.558673,43.404072],[2.59235,43.428487],[2.618331,43.438618],[2.607441,43.471628],[2.608095,43.503113],[2.565854,43.545266],[2.581631,43.56159],[2.564383,43.579753],[2.579379,43.591365],[2.596119,43.638451],[2.675556,43.629125],[2.711769,43.596256],[2.754151,43.607358],[2.776248,43.624011],[2.872348,43.639467],[2.885309,43.648015],[2.884558,43.674791],[2.901749,43.682413],[2.91343,43.680637],[2.953592,43.697708],[3.004823,43.680153],[3.032914,43.68123],[3.041239,43.697935],[3.025761,43.705775],[3.025235,43.737542],[3.049161,43.76129],[3.029309,43.776138],[3.021177,43.798524],[3.032605,43.80451],[3.032073,43.828018],[3.062877,43.831454],[3.105033,43.81281],[3.189717,43.809015],[3.231037,43.826806],[3.233139,43.840042],[3.215587,43.856347],[3.258149,43.899719],[3.303266,43.892146],[3.345687,43.916531],[3.415191,43.91451],[3.430866,43.900108],[3.422628,43.873246],[3.455592,43.872854],[3.476416,43.891829],[3.50875,43.898681],[3.519231,43.887854],[3.527138,43.855825],[3.576773,43.843678],[3.599408,43.855222],[3.574166,43.866524],[3.624606,43.921232],[3.676018,43.915795],[3.686244,43.95377],[3.738603,43.980036],[3.750818,43.974374],[3.792835,43.975753],[3.806332,43.950261],[3.831383,43.949154],[3.840613,43.930261],[3.809749,43.894442],[3.816656,43.880817],[3.862178,43.870779],[3.871604,43.880202],[3.936023,43.884984],[3.938741,43.860757],[3.991927,43.838623],[3.980571,43.816931],[3.993912,43.800797],[4.022993,43.811513],[4.077235,43.784412],[4.077787,43.770241],[4.110994,43.765406],[4.141051,43.734065],[4.173389,43.730149],[4.193304,43.701337],[4.192562,43.680957],[4.225962,43.645275],[4.22236,43.630209],[4.199086,43.598133],[4.152081,43.57665],[4.125697,43.572591],[4.136809,43.554913],[4.128063,43.539932],[4.080832,43.54306],[4.033563,43.537436],[3.988797,43.524065],[3.924274,43.499217],[3.865562,43.466782],[3.808378,43.418421],[3.733019,43.391335],[3.733817,43.375888],[3.699378,43.366906],[3.667111,43.366128],[3.604629,43.326821],[3.558083,43.287904],[3.507279,43.237992],[3.462537,43.2429],[3.423688,43.256914],[3.378033,43.250262],[3.332823,43.235499],[3.248395,43.191133],[3.224393,43.174022],[3.19249,43.198028],[3.182688,43.212297],[3.155756,43.20638],[3.12609,43.20973],[3.099533,43.225027],[3.087922,43.216389],[3.053613,43.225067],[3.028845,43.243877],[2.977312,43.249136],[2.975588,43.286386],[2.915236,43.277573],[2.851824,43.296113],[2.855349,43.333661],[2.836249,43.341844],[2.832495,43.295696],[2.801222,43.287637],[2.752138,43.256598],[2.747099,43.235932],[2.731723,43.219208],[2.710984,43.215732],[2.695555,43.229147],[2.655885,43.244806],[2.662789,43.256908],[2.648763,43.285163],[2.612245,43.256958],[2.552121,43.261637],[2.534308,43.298454],[2.494968,43.303725]]]}},{"type":"Feature","properties":{"id":"CPAM ILLE et VILAINE","name":"CPAM ILLE et VILAINE","title":"CPAM ILLE et VILAINE","label":"CPAM ILLE et VILAINE","nom_court":"ILLE et VILAINE","organisme":"CPAM ILLE et VILAINE","type_zone":"zone_cpam","svg":"054_Ille-Vilaine.svg","source_svg":"https://raw.githubusercontent.com/brenda-ramirez-santillan/carte-fr/refs/heads/main/054_Ille-Vilaine.svg","canvas_element":"svg_054_illevilaine","canvas_left":420,"canvas_top":227,"canvas_width":80.625,"canvas_height":98.0250015258789,"label_longitude":-1.652312,"label_latitude":48.120052,"centroid_longitude":-1.635569,"centroid_latitude":48.110364,"fill":"#D9D9D9","stroke":"#A6A6A6","stroke_width":1,"modele":"Canvas utilisateur - geometrie issue des SVG et placement Canvas; conversion affine approximative vers WGS84"},"geometry":{"type":"Polygon","coordinates":[[[-2.323009,48.088576],[-2.318806,48.100818],[-2.282007,48.10894],[-2.257365,48.127891],[-2.252289,48.161285],[-2.215074,48.173113],[-2.217908,48.208265],[-2.192637,48.218861],[-2.15474,48.22275],[-2.137109,48.215574],[-2.101609,48.248348],[-2.077502,48.263932],[-2.036215,48.244241],[-2.019634,48.262779],[-1.974018,48.284308],[-1.986807,48.311446],[-1.947045,48.316114],[-1.966735,48.339186],[-1.957072,48.362989],[-1.955417,48.393339],[-1.971362,48.402909],[-1.96798,48.421202],[-1.942006,48.436613],[-1.945201,48.453485],[-1.928667,48.496468],[-1.943598,48.525913],[-1.967695,48.518915],[-1.981526,48.530991],[-2.014084,48.577202],[-2.031753,48.591428],[-2.050018,48.619703],[-2.050069,48.637788],[-2.017785,48.647051],[-1.991158,48.674891],[-1.95779,48.683662],[-1.92386,48.679614],[-1.907766,48.688651],[-1.863648,48.684383],[-1.850836,48.670178],[-1.878429,48.655291],[-1.887754,48.634223],[-1.859674,48.601511],[-1.78485,48.588232],[-1.666158,48.596505],[-1.571538,48.613585],[-1.53831,48.585677],[-1.541815,48.565056],[-1.516442,48.550529],[-1.531485,48.530789],[-1.517026,48.522398],[-1.491735,48.489606],[-1.485684,48.468974],[-1.442879,48.465728],[-1.421633,48.440913],[-1.372612,48.435063],[-1.332841,48.452463],[-1.316068,48.477069],[-1.264097,48.491002],[-1.256873,48.517234],[-1.187815,48.526327],[-1.168638,48.51212],[-1.150373,48.51474],[-1.12516,48.500495],[-1.107784,48.50503],[-1.044224,48.491368],[-1.050038,48.481704],[-1.039448,48.430754],[-1.057483,48.412004],[-1.051194,48.388912],[-1.026706,48.359707],[-1.037899,48.343036],[-1.017114,48.300223],[-1.056009,48.26899],[-1.076296,48.230179],[-1.046773,48.165733],[-1.052955,48.147425],[-1.032515,48.112212],[-1.021055,48.048457],[-0.993292,48.026486],[-1.005135,47.989083],[-0.987745,47.966621],[-0.990898,47.948227],[-1.043133,47.934076],[-1.076504,47.941595],[-1.101059,47.924801],[-1.130385,47.916739],[-1.136106,47.888561],[-1.153531,47.844228],[-1.174953,47.835515],[-1.16709,47.812556],[-1.19302,47.787859],[-1.195134,47.773932],[-1.218441,47.751418],[-1.226354,47.71618],[-1.302776,47.732321],[-1.347088,47.738564],[-1.378567,47.769995],[-1.407408,47.769006],[-1.457225,47.776297],[-1.467788,47.766508],[-1.458633,47.747609],[-1.498172,47.740479],[-1.523185,47.724384],[-1.591878,47.713678],[-1.615967,47.700976],[-1.636097,47.678127],[-1.638771,47.656595],[-1.657041,47.644035],[-1.694424,47.64628],[-1.728597,47.631145],[-1.758462,47.640239],[-1.779866,47.630657],[-1.832608,47.638678],[-1.876246,47.63921],[-1.952202,47.617318],[-1.971434,47.60141],[-1.986659,47.618969],[-2.028977,47.60079],[-2.056704,47.597649],[-2.07231,47.57916],[-2.097673,47.579589],[-2.121051,47.557989],[-2.139326,47.577069],[-2.128935,47.606027],[-2.148204,47.612146],[-2.14481,47.641747],[-2.157615,47.653975],[-2.13372,47.669262],[-2.081134,47.671294],[-2.108589,47.697038],[-2.154302,47.695402],[-2.095582,47.726439],[-2.093779,47.748633],[-2.071775,47.75457],[-2.057348,47.770918],[-2.074037,47.779579],[-2.074104,47.79885],[-2.115748,47.782425],[-2.121145,47.802618],[-2.142235,47.82199],[-2.130341,47.844708],[-2.109142,47.848055],[-2.103241,47.862983],[-2.123896,47.879826],[-2.137172,47.904883],[-2.1717,47.930312],[-2.203442,47.926236],[-2.235783,47.941203],[-2.265314,47.946143],[-2.317903,47.93748],[-2.314537,47.975],[-2.274951,48.003208],[-2.224302,48.001909],[-2.199799,48.01494],[-2.217764,48.033265],[-2.265958,48.027359],[-2.289186,48.016728],[-2.289535,48.063018],[-2.323009,48.088576]]]}},{"type":"Feature","properties":{"id":"CPAM INDRE","name":"CPAM INDRE","title":"CPAM INDRE","label":"CPAM INDRE","nom_court":"INDRE","organisme":"CPAM INDRE","type_zone":"zone_cpam","svg":"055_Indre.svg","source_svg":"https://raw.githubusercontent.com/brenda-ramirez-santillan/carte-fr/refs/heads/main/055_Indre.svg","canvas_element":"svg_055_indre","canvas_left":610,"canvas_top":351,"canvas_width":84.9000015258789,"canvas_height":85.3499984741211,"label_longitude":1.527811,"label_latitude":46.79506,"centroid_longitude":1.572948,"centroid_latitude":46.749174,"fill":"#D9D9D9","stroke":"#A6A6A6","stroke_width":1,"modele":"Canvas utilisateur - geometrie issue des SVG et placement Canvas; conversion affine approximative vers WGS84"},"geometry":{"type":"Polygon","coordinates":[[[0.827454,46.713842],[0.845478,46.720963],[0.888142,46.723611],[0.911072,46.702065],[0.923762,46.703238],[0.94926,46.731326],[0.979054,46.724724],[0.953197,46.767333],[0.969962,46.784254],[0.989753,46.837049],[1.001736,46.883198],[1.006063,46.919768],[1.032826,46.936078],[1.018375,46.960695],[1.043285,46.984107],[1.05414,47.003596],[1.081687,47.012425],[1.104687,47.010837],[1.156899,47.025049],[1.17139,47.013179],[1.231902,47.005253],[1.257584,47.025099],[1.27446,47.058888],[1.293788,47.058588],[1.300694,47.093569],[1.339459,47.09786],[1.349531,47.111945],[1.329765,47.161271],[1.308616,47.179649],[1.387119,47.20778],[1.410894,47.225983],[1.436474,47.235019],[1.471314,47.236459],[1.516496,47.222724],[1.532085,47.255129],[1.560262,47.260647],[1.586309,47.256378],[1.5877,47.276715],[1.648701,47.273306],[1.665007,47.257108],[1.706961,47.265881],[1.717561,47.27746],[1.742704,47.254439],[1.78098,47.229743],[1.815381,47.232547],[1.847228,47.217292],[1.850701,47.173157],[1.830978,47.169205],[1.816946,47.15032],[1.782935,47.125014],[1.799843,47.11294],[1.830312,47.114319],[1.857909,47.101018],[1.89354,47.093334],[1.931059,47.096567],[1.981445,47.1186],[2.013246,47.120428],[2.042636,47.096711],[2.067693,47.098505],[2.075494,47.062211],[2.048287,47.036456],[2.115337,47.003206],[2.131683,46.983665],[2.091191,46.938213],[2.091801,46.916597],[2.133187,46.895004],[2.171038,46.899536],[2.180337,46.893366],[2.163808,46.868884],[2.130135,46.851339],[2.100079,46.816049],[2.069163,46.805866],[2.09416,46.784163],[2.126497,46.770158],[2.140681,46.753596],[2.115893,46.727293],[2.087307,46.713953],[2.13531,46.681505],[2.181794,46.661156],[2.164245,46.634909],[2.217723,46.608407],[2.21575,46.581507],[2.194474,46.552045],[2.200926,46.527959],[2.185708,46.518531],[2.209341,46.488688],[2.23402,46.441588],[2.222266,46.426561],[2.183784,46.417137],[2.18158,46.388082],[2.195759,46.377558],[2.155714,46.372916],[2.112911,46.36111],[2.097383,46.372611],[2.066033,46.374041],[2.012049,46.383907],[1.996275,46.393203],[1.939742,46.384595],[1.923788,46.396792],[1.896772,46.385073],[1.829551,46.382088],[1.807251,46.408191],[1.753885,46.402855],[1.767138,46.379186],[1.733194,46.338625],[1.715515,46.341342],[1.686716,46.368839],[1.646098,46.335455],[1.613911,46.354851],[1.567006,46.354828],[1.542355,46.341979],[1.539921,46.366754],[1.517115,46.376841],[1.454882,46.322381],[1.425955,46.310073],[1.404793,46.292374],[1.398259,46.307283],[1.371392,46.321353],[1.342385,46.348042],[1.307016,46.336794],[1.286803,46.316955],[1.241936,46.324977],[1.198649,46.311153],[1.183402,46.334114],[1.154516,46.330018],[1.189798,46.378237],[1.127288,46.39896],[1.128649,46.424066],[1.109618,46.447569],[1.124506,46.45499],[1.081444,46.485789],[1.05966,46.492726],[0.989231,46.491249],[0.982975,46.523666],[0.954042,46.521193],[0.905208,46.537723],[0.878897,46.553696],[0.856116,46.584379],[0.868882,46.607742],[0.870777,46.644693],[0.891238,46.658258],[0.862794,46.701179],[0.827454,46.713842]]]}},{"type":"Feature","properties":{"id":"CPAM INDRE-ET-LOIRE","name":"CPAM INDRE-ET-LOIRE","title":"CPAM INDRE-ET-LOIRE","label":"CPAM INDRE-ET-LOIRE","nom_court":"INDRE-ET-LOIRE","organisme":"CPAM INDRE-ET-LOIRE","type_zone":"zone_cpam","svg":"056_Indre-et-Loire.svg","source_svg":"https://raw.githubusercontent.com/brenda-ramirez-santillan/carte-fr/refs/heads/main/056_Indre-et-Loire.svg","canvas_element":"svg_056_indreetloire","canvas_left":561,"canvas_top":312,"canvas_width":83.3499984741211,"canvas_height":89.30000305175781,"label_longitude":0.680074,"label_latitude":47.213636,"centroid_longitude":0.685051,"centroid_latitude":47.244715,"fill":"#D9D9D9","stroke":"#A6A6A6","stroke_width":1,"modele":"Canvas utilisateur - geometrie issue des SVG et placement Canvas; conversion affine approximative vers WGS84"},"geometry":{"type":"Polygon","coordinates":[[[0.014588,47.176791],[0.034717,47.201577],[0.029802,47.229934],[0.040901,47.268734],[0.081595,47.32016],[0.112926,47.334104],[0.115072,47.351988],[0.150291,47.371281],[0.134534,47.378191],[0.134095,47.397741],[0.152583,47.41828],[0.148216,47.447803],[0.177499,47.491343],[0.188921,47.500176],[0.193809,47.527008],[0.169196,47.544916],[0.183313,47.572853],[0.203805,47.580712],[0.198932,47.612878],[0.229677,47.617103],[0.249438,47.601466],[0.296853,47.597058],[0.314291,47.582828],[0.355233,47.571452],[0.380544,47.582145],[0.374582,47.598488],[0.340489,47.632218],[0.373663,47.648074],[0.402823,47.623858],[0.430196,47.625578],[0.437161,47.646245],[0.48109,47.652748],[0.500414,47.663523],[0.529648,47.665509],[0.545685,47.680633],[0.571816,47.678393],[0.603364,47.693541],[0.602921,47.705673],[0.620613,47.721514],[0.666367,47.711056],[0.694005,47.695931],[0.733607,47.70834],[0.765442,47.696692],[0.834936,47.688769],[0.860757,47.680478],[0.844174,47.655277],[0.865636,47.606861],[0.902463,47.612414],[0.923485,47.64205],[1.000063,47.629109],[0.994872,47.598027],[1.012753,47.591426],[1.02431,47.613011],[1.043827,47.615545],[1.089195,47.569427],[1.057844,47.541231],[1.086846,47.515318],[1.108654,47.470145],[1.128,47.466638],[1.149604,47.448787],[1.129726,47.426965],[1.10796,47.427539],[1.137415,47.378339],[1.11937,47.365253],[1.138905,47.350849],[1.121585,47.323915],[1.109533,47.321161],[1.123371,47.29049],[1.143998,47.287709],[1.18071,47.26204],[1.192103,47.275823],[1.214065,47.273439],[1.244796,47.285466],[1.265874,47.264051],[1.299663,47.246023],[1.319937,47.225695],[1.353865,47.171753],[1.375015,47.153374],[1.394796,47.104045],[1.384716,47.089949],[1.345926,47.085662],[1.339026,47.050671],[1.319691,47.050967],[1.302807,47.017172],[1.277127,46.997329],[1.216588,47.005255],[1.202099,47.017132],[1.149861,47.002911],[1.126853,47.004496],[1.099299,46.995676],[1.088436,46.976184],[1.063528,46.952763],[1.077978,46.928147],[1.051196,46.911829],[1.046879,46.875245],[1.034896,46.829094],[1.015101,46.776277],[0.998324,46.75936],[1.02418,46.716749],[0.994392,46.723353],[0.968878,46.695248],[0.956187,46.694085],[0.933245,46.715634],[0.890573,46.712987],[0.872535,46.70586],[0.830906,46.73592],[0.813923,46.754556],[0.811095,46.78984],[0.750794,46.824471],[0.700382,46.869132],[0.702284,46.904974],[0.687755,46.944224],[0.628445,46.955727],[0.610135,46.978925],[0.555538,46.973162],[0.567612,46.94946],[0.591647,46.942466],[0.592099,46.927671],[0.553061,46.923693],[0.526604,46.928523],[0.488167,46.925897],[0.427304,46.907857],[0.420945,46.89558],[0.344934,46.916344],[0.301176,46.896125],[0.28684,46.90366],[0.275669,46.941691],[0.283397,46.969309],[0.273333,46.990119],[0.284446,47.016146],[0.272735,47.026442],[0.245027,47.018342],[0.217255,47.04455],[0.177841,47.025246],[0.142255,47.044171],[0.170291,47.065456],[0.149699,47.089826],[0.123867,47.078021],[0.100571,47.082692],[0.10201,47.097208],[0.039146,47.099391],[0.015292,47.141394],[0.028622,47.169039],[0.014588,47.176791]]]}},{"type":"Feature","properties":{"id":"CPAM ISERE","name":"CPAM ISERE","title":"CPAM ISERE","label":"CPAM ISERE","nom_court":"ISERE","organisme":"CPAM ISERE","type_zone":"zone_cpam","svg":"057_Isere.svg","source_svg":"https://raw.githubusercontent.com/brenda-ramirez-santillan/carte-fr/refs/heads/main/057_Isere.svg","canvas_element":"svg_057_isere","canvas_left":842,"canvas_top":472,"canvas_width":102.55000305175781,"canvas_height":109.07500457763672,"label_longitude":5.609572,"label_latitude":45.268405,"centroid_longitude":5.54685,"centroid_latitude":45.245786,"fill":"#D9D9D9","stroke":"#A6A6A6","stroke_width":1,"modele":"Canvas utilisateur - geometrie issue des SVG et placement Canvas; conversion affine approximative vers WGS84"},"geometry":{"type":"Polygon","coordinates":[[[4.673034,45.4082],[4.687616,45.418603],[4.685709,45.444651],[4.705679,45.443166],[4.712302,45.462241],[4.774252,45.492598],[4.802793,45.516909],[4.798498,45.531595],[4.772889,45.537766],[4.739726,45.568311],[4.760094,45.584915],[4.786069,45.575502],[4.798306,45.591135],[4.837173,45.604738],[4.864595,45.604281],[4.911326,45.611888],[4.938695,45.602217],[4.945754,45.623093],[4.980859,45.614755],[4.977687,45.638169],[5.001738,45.655255],[5.003239,45.667807],[5.054276,45.69233],[5.078311,45.713275],[5.108153,45.714628],[5.072885,45.745213],[5.039773,45.746685],[5.038163,45.77487],[5.012155,45.774089],[5.002549,45.802085],[5.034123,45.794094],[5.046375,45.82495],[5.108794,45.813553],[5.126212,45.804287],[5.141692,45.781298],[5.172773,45.778031],[5.220897,45.800402],[5.243975,45.823529],[5.257626,45.86226],[5.28626,45.879257],[5.309037,45.900673],[5.374486,45.867672],[5.397502,45.845423],[5.384464,45.820183],[5.42132,45.792509],[5.447834,45.764697],[5.483367,45.741241],[5.493356,45.724848],[5.514268,45.721631],[5.546132,45.698723],[5.521966,45.68601],[5.557427,45.672621],[5.574583,45.656252],[5.596897,45.615862],[5.596184,45.606355],[5.651214,45.55176],[5.64764,45.534948],[5.667077,45.526019],[5.690387,45.501798],[5.69763,45.479787],[5.71589,45.467507],[5.711328,45.44662],[5.719942,45.430284],[5.764089,45.434007],[5.804365,45.413591],[5.84012,45.408876],[5.866932,45.398675],[5.878836,45.383297],[5.898435,45.381471],[5.889911,45.410678],[5.909741,45.44049],[5.91488,45.461645],[5.904162,45.472565],[5.957533,45.489619],[5.983912,45.471586],[6.004666,45.469626],[6.002225,45.449126],[6.045663,45.432483],[6.089003,45.439156],[6.095838,45.426582],[6.132726,45.428107],[6.145584,45.407229],[6.180142,45.38578],[6.198492,45.342555],[6.187788,45.306214],[6.162307,45.300307],[6.132668,45.274545],[6.142154,45.246687],[6.126261,45.227931],[6.161949,45.183849],[6.164565,45.169003],[6.145623,45.133075],[6.164074,45.12942],[6.193349,45.143025],[6.233936,45.120988],[6.256235,45.128439],[6.273558,45.11789],[6.268545,45.104365],[6.235827,45.085049],[6.250303,45.043113],[6.226192,45.039085],[6.209391,44.983018],[6.259773,44.966572],[6.31068,44.974526],[6.333478,44.970516],[6.32615,44.949426],[6.340585,44.938422],[6.341195,44.91472],[6.372609,44.908475],[6.368243,44.889738],[6.372366,44.856374],[6.36436,44.844858],[6.368561,44.818169],[6.349269,44.810029],[6.311687,44.836418],[6.278795,44.833076],[6.259014,44.814126],[6.20203,44.820534],[6.17512,44.815373],[6.130474,44.823274],[6.113272,44.804362],[6.055445,44.774854],[6.027317,44.79758],[6.00071,44.778771],[5.973706,44.776665],[5.942569,44.761644],[5.972347,44.747448],[5.974861,44.73709],[5.91401,44.708108],[5.890804,44.712481],[5.878936,44.702356],[5.834699,44.705118],[5.814741,44.692815],[5.787191,44.657422],[5.740574,44.645831],[5.721243,44.66307],[5.689566,44.671915],[5.624748,44.674967],[5.603591,44.704878],[5.55811,44.718282],[5.556129,44.731532],[5.510453,44.727587],[5.432068,44.746335],[5.453635,44.778857],[5.431569,44.781829],[5.443266,44.825943],[5.452097,44.883869],[5.445651,44.930897],[5.461773,44.962463],[5.448397,44.980774],[5.433275,45.022846],[5.450771,45.054808],[5.426014,45.055264],[5.415929,45.040848],[5.351473,45.003867],[5.304613,45.018207],[5.276423,45.019702],[5.259081,45.031407],[5.204079,45.029391],[5.180634,45.048582],[5.135604,45.054396],[5.122878,45.037541],[5.09912,45.04401],[5.114043,45.068632],[5.139782,45.092464],[5.140785,45.145852],[5.11618,45.176],[5.13637,45.209244],[5.127852,45.227415],[5.069871,45.227069],[5.087692,45.277823],[5.021361,45.262264],[4.999032,45.30156],[4.96278,45.302514],[4.951953,45.325853],[4.930433,45.327671],[4.900709,45.312065],[4.865981,45.304516],[4.815446,45.277244],[4.793398,45.289869],[4.732113,45.278356],[4.699891,45.296877],[4.690818,45.32289],[4.702515,45.338005],[4.685056,45.349358],[4.684739,45.3819],[4.673034,45.4082]]]}},{"type":"Feature","properties":{"id":"CPAM JURA","name":"CPAM JURA","title":"CPAM JURA","label":"CPAM JURA","nom_court":"JURA","organisme":"CPAM JURA","type_zone":"zone_cpam","svg":"058_Jura.svg","source_svg":"https://raw.githubusercontent.com/brenda-ramirez-santillan/carte-fr/refs/heads/main/058_Jura.svg","canvas_element":"svg_058_jura","canvas_left":876,"canvas_top":348,"canvas_width":60.42499923706055,"canvas_height":95.82500457763672,"label_longitude":5.786186,"label_latitude":46.776849,"centroid_longitude":5.696443,"centroid_latitude":46.72364,"fill":"#D9D9D9","stroke":"#A6A6A6","stroke_width":1,"modele":"Canvas utilisateur - geometrie issue des SVG et placement Canvas; conversion affine approximative vers WGS84"},"geometry":{"type":"Polygon","coordinates":[[[5.230436,46.986041],[5.255226,47.006415],[5.28047,47.010735],[5.287927,47.026672],[5.251391,47.035924],[5.260346,47.058175],[5.30049,47.084896],[5.367573,47.094743],[5.393353,47.128858],[5.391269,47.141536],[5.424074,47.161088],[5.444157,47.202496],[5.432306,47.215922],[5.465901,47.238514],[5.459548,47.253004],[5.472019,47.274102],[5.474328,47.314727],[5.491649,47.310914],[5.506086,47.330586],[5.519955,47.309684],[5.56254,47.29303],[5.565074,47.277826],[5.59412,47.284815],[5.635124,47.280123],[5.671746,47.301306],[5.695694,47.290038],[5.717793,47.264107],[5.718658,47.242469],[5.754064,47.228099],[5.762055,47.214545],[5.788123,47.209095],[5.787008,47.193166],[5.814593,47.189095],[5.824379,47.16306],[5.807537,47.130092],[5.76976,47.104609],[5.786884,47.068164],[5.740855,47.042783],[5.750009,47.028119],[5.790092,47.03187],[5.813645,47.05967],[5.822361,47.027523],[5.843816,47.019777],[5.919941,47.010168],[5.938764,46.991277],[5.956124,46.999147],[5.980465,46.9903],[5.992331,46.972402],[5.975862,46.956023],[6.01007,46.940753],[5.995526,46.91419],[6.02618,46.893668],[6.019996,46.876842],[6.041548,46.867462],[6.049765,46.852164],[6.08307,46.862984],[6.109715,46.844276],[6.155192,46.827779],[6.198954,46.800674],[6.231613,46.764725],[6.209165,46.752987],[6.203954,46.738606],[6.161617,46.721139],[6.133299,46.70246],[6.08802,46.682957],[6.125689,46.64182],[6.07705,46.615786],[6.065963,46.596275],[6.153286,46.539579],[6.160295,46.543754],[6.179628,46.530951],[6.133752,46.492806],[6.11717,46.462634],[6.093155,46.444251],[6.105765,46.420031],[6.082907,46.393704],[6.046751,46.362408],[5.998583,46.336287],[5.954392,46.280074],[5.929784,46.279689],[5.920342,46.25293],[5.905286,46.255661],[5.888254,46.237203],[5.858289,46.229459],[5.769741,46.235617],[5.727223,46.227404],[5.716441,46.249646],[5.716042,46.278189],[5.684341,46.280309],[5.647192,46.310373],[5.613896,46.299201],[5.592726,46.265305],[5.560105,46.261856],[5.534613,46.236486],[5.511738,46.22997],[5.462104,46.230688],[5.445013,46.240576],[5.464112,46.283525],[5.455437,46.292262],[5.424845,46.283477],[5.412173,46.308625],[5.387093,46.308613],[5.357063,46.322435],[5.359159,46.352061],[5.323186,46.37471],[5.278338,46.386008],[5.30004,46.405307],[5.290577,46.422144],[5.303965,46.438863],[5.356505,46.43658],[5.401073,46.450591],[5.392569,46.479039],[5.368404,46.495395],[5.341438,46.502608],[5.352198,46.563793],[5.390098,46.565392],[5.401977,46.601205],[5.427137,46.624707],[5.400152,46.643026],[5.407008,46.662163],[5.378863,46.674747],[5.391846,46.686272],[5.376891,46.720863],[5.342658,46.72318],[5.348136,46.744684],[5.373354,46.762321],[5.333765,46.788973],[5.312807,46.791939],[5.308172,46.809751],[5.393523,46.830907],[5.434623,46.824471],[5.449194,46.839892],[5.445449,46.85519],[5.402404,46.860301],[5.384979,46.86873],[5.386568,46.89163],[5.373247,46.896235],[5.344497,46.884333],[5.308018,46.891531],[5.284922,46.927815],[5.286596,46.941306],[5.251141,46.938471],[5.235754,46.94976],[5.230436,46.986041]]]}},{"type":"Feature","properties":{"id":"CPAM LANDES","name":"CPAM LANDES","title":"CPAM LANDES","label":"CPAM LANDES","nom_court":"LANDES","organisme":"CPAM LANDES","type_zone":"zone_cpam","svg":"060_Landes.svg","source_svg":"https://raw.githubusercontent.com/brenda-ramirez-santillan/carte-fr/refs/heads/main/060_Landes.svg","canvas_element":"svg_060_landes","canvas_left":464,"canvas_top":590,"canvas_width":105.57500457763672,"canvas_height":95.57500457763672,"label_longitude":-0.644007,"label_latitude":43.977554,"centroid_longitude":-0.800273,"centroid_latitude":43.911502,"fill":"#D9D9D9","stroke":"#A6A6A6","stroke_width":1,"modele":"Canvas utilisateur - geometrie issue des SVG et placement Canvas; conversion affine approximative vers WGS84"},"geometry":{"type":"Polygon","coordinates":[[[-1.578338,43.446139],[-1.543835,43.49142],[-1.510453,43.542358],[-1.492106,43.589136],[-1.486053,43.638012],[-1.458762,43.736234],[-1.422459,43.851815],[-1.383359,44.002159],[-1.360829,44.082582],[-1.321081,44.28302],[-1.296757,44.440152],[-1.141832,44.478137],[-1.119516,44.509383],[-1.057844,44.483152],[-1.020545,44.488336],[-1.009426,44.457728],[-1.037973,44.408279],[-0.997536,44.401164],[-0.944557,44.416204],[-0.937017,44.409468],[-0.864708,44.389963],[-0.832187,44.392502],[-0.796844,44.4024],[-0.790188,44.413491],[-0.746323,44.42038],[-0.695013,44.41823],[-0.688841,44.432258],[-0.639096,44.417545],[-0.63774,44.369874],[-0.578063,44.353633],[-0.532901,44.334933],[-0.521794,44.307959],[-0.480964,44.293114],[-0.431474,44.290901],[-0.429624,44.272077],[-0.402835,44.253792],[-0.380372,44.252768],[-0.393721,44.201257],[-0.386643,44.171434],[-0.304276,44.165261],[-0.262992,44.155452],[-0.211841,44.168489],[-0.21475,44.230803],[-0.164869,44.227247],[-0.151984,44.206614],[-0.124854,44.190623],[-0.112972,44.166826],[-0.112451,44.112365],[-0.087239,44.115374],[-0.039541,44.111037],[0.019699,44.110358],[0.059883,44.09019],[0.166371,44.083872],[0.167403,44.068722],[0.130709,44.045204],[0.122944,44.021663],[0.089919,43.95295],[0.104038,43.934285],[0.082318,43.907525],[0.098926,43.881504],[0.100572,43.860872],[0.082942,43.843692],[0.056731,43.846659],[0.004653,43.879027],[0.028606,43.891876],[0.025644,43.909286],[-0.014017,43.934335],[-0.024821,43.910261],[-0.051948,43.894774],[-0.10698,43.892193],[-0.150723,43.874731],[-0.160873,43.883437],[-0.18619,43.860568],[-0.222261,43.84364],[-0.180247,43.825398],[-0.184388,43.805101],[-0.17778,43.749843],[-0.214252,43.74765],[-0.191857,43.68617],[-0.179276,43.672409],[-0.215447,43.649334],[-0.234411,43.644252],[-0.226414,43.626592],[-0.244034,43.611527],[-0.226994,43.602567],[-0.230534,43.584829],[-0.271461,43.572524],[-0.266731,43.544121],[-0.23464,43.544003],[-0.229944,43.511248],[-0.265234,43.510845],[-0.293862,43.4848],[-0.327769,43.474656],[-0.346356,43.486128],[-0.40156,43.492677],[-0.449876,43.473616],[-0.461926,43.490651],[-0.430445,43.505354],[-0.447823,43.521536],[-0.508448,43.493221],[-0.511518,43.486829],[-0.560436,43.464991],[-0.57091,43.481262],[-0.606354,43.45991],[-0.680062,43.489715],[-0.711764,43.48348],[-0.729711,43.461881],[-0.78264,43.502727],[-0.796794,43.486444],[-0.860814,43.474908],[-0.874405,43.462517],[-0.917609,43.471381],[-0.974593,43.451662],[-1.00082,43.459111],[-1.015585,43.452882],[-1.019171,43.423149],[-1.053997,43.420843],[-1.103592,43.43756],[-1.141082,43.431804],[-1.151926,43.418402],[-1.197089,43.407619],[-1.198653,43.425453],[-1.164544,43.428055],[-1.205958,43.464802],[-1.232056,43.465193],[-1.254826,43.448825],[-1.329972,43.414578],[-1.370634,43.420943],[-1.413104,43.41013],[-1.463049,43.412286],[-1.479667,43.430663],[-1.514398,43.435968],[-1.527597,43.456597],[-1.553666,43.443352],[-1.578338,43.446139]]]}},{"type":"Feature","properties":{"id":"CPAM LE HAVRE","name":"CPAM LE HAVRE","title":"CPAM LE HAVRE","label":"CPAM LE HAVRE","nom_court":"LE HAVRE","organisme":"CPAM LE HAVRE","type_zone":"decoupage_cpam_special","svg":"061_Le-Havre.svg","source_svg":"https://raw.githubusercontent.com/brenda-ramirez-santillan/carte-fr/refs/heads/main/061_Le-Havre.svg","canvas_element":"svg_061_lehavre","canvas_left":564,"canvas_top":126,"canvas_width":33.650001525878906,"canvas_height":39.025001525878906,"label_longitude":0.373987,"label_latitude":49.62802,"centroid_longitude":0.380375,"centroid_latitude":49.605272,"fill":"#D9D9D9","stroke":"#A6A6A6","stroke_width":1,"modele":"Canvas utilisateur - geometrie issue des SVG et placement Canvas; conversion affine approximative vers WGS84"},"geometry":{"type":"Polygon","coordinates":[[[0.056173,49.493081],[0.061712,49.524763],[0.094948,49.574812],[0.125414,49.612086],[0.144903,49.643955],[0.154941,49.684001],[0.183619,49.70516],[0.245626,49.723238],[0.279771,49.737611],[0.318788,49.742961],[0.354961,49.757475],[0.36584,49.768892],[0.437297,49.792892],[0.530978,49.831865],[0.583594,49.858764],[0.61199,49.864893],[0.613559,49.415186],[0.591552,49.420268],[0.534552,49.465249],[0.497914,49.47114],[0.436516,49.444765],[0.370689,49.428589],[0.339385,49.425229],[0.339709,49.434685],[0.270192,49.438091],[0.253053,49.430514],[0.21196,49.437328],[0.185468,49.435615],[0.110629,49.447652],[0.078022,49.467783],[0.074431,49.487913],[0.056173,49.493081]]]}},{"type":"Feature","properties":{"id":"CPAM LILLE DOUAI","name":"CPAM LILLE DOUAI","title":"CPAM LILLE DOUAI","label":"CPAM LILLE DOUAI","nom_court":"LILLE DOUAI","organisme":"CPAM LILLE DOUAI","type_zone":"decoupage_cpam_special","svg":"062_Lille-Douai.svg","source_svg":"https://raw.githubusercontent.com/brenda-ramirez-santillan/carte-fr/refs/heads/main/062_Lille-Douai.svg","canvas_element":"svg_062_lilledouai","canvas_left":733,"canvas_top":46,"canvas_width":35.70000076293945,"canvas_height":37.900001525878906,"label_longitude":3.066028,"label_latitude":50.570579,"centroid_longitude":3.127435,"centroid_latitude":50.537662,"fill":"#D9D9D9","stroke":"#A6A6A6","stroke_width":1,"modele":"Canvas utilisateur - geometrie issue des SVG et placement Canvas; conversion affine approximative vers WGS84"},"geometry":{"type":"Polygon","coordinates":[[[2.850454,50.555096],[2.849827,50.734706],[2.850011,50.73454],[2.879695,50.725501],[2.904837,50.734696],[2.920549,50.77636],[2.954424,50.784479],[2.986263,50.798423],[2.986661,50.684495],[3.241282,50.685742],[3.255055,50.651497],[3.270962,50.63912],[3.283108,50.603737],[3.277113,50.583822],[3.288339,50.551104],[3.368473,50.525588],[3.382757,50.51294],[3.428734006095261,50.52642725526368],[3.429302,50.363842],[3.018047,50.361828],[2.992742,50.379471],[2.977536,50.409554],[3.01404,50.422748],[3.067752,50.457974],[3.044541,50.47319],[3.027053,50.458866],[3.005054,50.465852],[3.003868,50.506188],[2.950092,50.533785],[2.881005,50.521572],[2.860904,50.536645],[2.862391,50.557337],[2.850454,50.555096]]]}},{"type":"Feature","properties":{"id":"CPAM LOIR-ET-CHER","name":"CPAM LOIR-ET-CHER","title":"CPAM LOIR-ET-CHER","label":"CPAM LOIR-ET-CHER","nom_court":"LOIR-ET-CHER","organisme":"CPAM LOIR-ET-CHER","type_zone":"zone_cpam","svg":"063_Loir-et-Cher.svg","source_svg":"https://raw.githubusercontent.com/brenda-ramirez-santillan/carte-fr/refs/heads/main/063_Loir-et-Cher.svg","canvas_element":"svg_063_loiretcher","canvas_left":591,"canvas_top":276,"canvas_width":105.92500305175781,"canvas_height":86.9000015258789,"label_longitude":1.278535,"label_latitude":47.636498,"centroid_longitude":1.402139,"centroid_latitude":47.594581,"fill":"#D9D9D9","stroke":"#A6A6A6","stroke_width":1,"modele":"Canvas utilisateur - geometrie issue des SVG et placement Canvas; conversion affine approximative vers WGS84"},"geometry":{"type":"Polygon","coordinates":[[[0.509477,47.691137],[0.542107,47.70802],[0.551611,47.728546],[0.583745,47.736925],[0.660956,47.783488],[0.682302,47.812534],[0.713117,47.826914],[0.694777,47.881303],[0.719082,47.90175],[0.749191,47.902197],[0.757539,47.927435],[0.787291,47.93484],[0.778983,47.96375],[0.758915,47.985413],[0.773321,47.993244],[0.781806,48.019172],[0.736537,48.036085],[0.74025,48.072375],[0.784247,48.073782],[0.782221,48.105957],[0.818676,48.112885],[0.83452,48.105162],[0.89032,48.116341],[0.896944,48.102514],[0.929505,48.124133],[0.962322,48.138043],[0.989856,48.137237],[0.997169,48.122422],[0.940355,48.100753],[0.958295,48.08572],[0.976636,48.091397],[1.05784,48.084054],[1.078544,48.036419],[1.124766,48.027561],[1.127913,48.005666],[1.170211,47.965466],[1.208052,47.977057],[1.226,47.959751],[1.264807,47.965568],[1.274381,47.950475],[1.311266,47.954541],[1.338953,47.95068],[1.356651,47.979898],[1.377667,47.968165],[1.409577,47.9751],[1.411971,48.012625],[1.496713,47.981646],[1.543702,47.989797],[1.544425,47.973347],[1.502526,47.939355],[1.502486,47.925415],[1.535915,47.914383],[1.561493,47.896934],[1.568637,47.86998],[1.536981,47.839882],[1.513007,47.830682],[1.511603,47.810547],[1.55043,47.785402],[1.551219,47.775221],[1.526696,47.756895],[1.59068,47.719295],[1.609555,47.748008],[1.660794,47.724605],[1.698733,47.717651],[1.716459,47.683549],[1.729103,47.643364],[1.773347,47.633807],[1.839794,47.639189],[1.838126,47.670165],[1.865949,47.657413],[1.896921,47.656554],[1.93327,47.663291],[1.943126,47.642881],[2.004263,47.652272],[2.011018,47.661428],[2.072478,47.658565],[2.077538,47.666261],[2.149558,47.662187],[2.158792,47.654881],[2.215599,47.663322],[2.233928,47.652536],[2.256156,47.620349],[2.254357,47.603015],[2.211022,47.588193],[2.164537,47.581246],[2.12867,47.562164],[2.141085,47.527646],[2.2088,47.526174],[2.229575,47.498267],[2.232391,47.469961],[2.263813,47.466299],[2.25256,47.444584],[2.264156,47.413036],[2.259836,47.384884],[2.219414,47.374563],[2.201845,47.408865],[2.153795,47.378096],[2.126625,47.379244],[2.112623,47.361301],[2.138682,47.296367],[2.163312,47.274256],[2.150199,47.247485],[2.121496,47.240944],[2.085294,47.247507],[2.036776,47.230335],[2.002496,47.224078],[1.94174,47.25138],[1.921499,47.22227],[1.893434,47.21361],[1.916459,47.193956],[1.903103,47.171948],[1.870731,47.161286],[1.852245,47.177158],[1.835009,47.175911],[1.803143,47.191166],[1.768729,47.188365],[1.730447,47.213073],[1.705289,47.236093],[1.694684,47.224503],[1.652713,47.215726],[1.6364,47.231939],[1.575376,47.235345],[1.573975,47.21501],[1.547917,47.219279],[1.519736,47.213753],[1.504153,47.181351],[1.458947,47.195079],[1.424089,47.193646],[1.398517,47.184609],[1.374729,47.166396],[1.296191,47.138263],[1.262261,47.192203],[1.241988,47.212533],[1.208201,47.230563],[1.187116,47.25196],[1.156381,47.239943],[1.134417,47.242329],[1.12303,47.228534],[1.086325,47.25421],[1.06569,47.256983],[1.051852,47.287659],[1.063889,47.290412],[1.081211,47.317344],[1.061694,47.331749],[1.079728,47.344837],[1.05027,47.394022],[1.072036,47.393458],[1.091917,47.415286],[1.070302,47.433135],[1.050963,47.436635],[1.029165,47.481802],[1.000156,47.507717],[1.031501,47.535911],[0.986148,47.582024],[0.966621,47.579495],[0.955068,47.557907],[0.937175,47.56451],[0.942381,47.595589],[0.865786,47.608523],[0.844775,47.578898],[0.807931,47.57334],[0.786473,47.621753],[0.803062,47.64695],[0.777235,47.655245],[0.707743,47.663167],[0.675908,47.674808],[0.636301,47.662407],[0.608663,47.677522],[0.562905,47.687984],[0.545214,47.672145],[0.509477,47.691137]]]}},{"type":"Feature","properties":{"id":"CPAM LOIRE","name":"CPAM LOIRE","title":"CPAM LOIRE","label":"CPAM LOIRE","nom_court":"LOIRE","organisme":"CPAM LOIRE","type_zone":"zone_cpam","svg":"064_Loire.svg","source_svg":"https://raw.githubusercontent.com/brenda-ramirez-santillan/carte-fr/refs/heads/main/064_Loire.svg","canvas_element":"svg_064_loire","canvas_left":780,"canvas_top":437,"canvas_width":67.80000305175781,"canvas_height":95.625,"label_longitude":4.017137,"label_latitude":45.755212,"centroid_longitude":4.144303,"centroid_latitude":45.717982,"fill":"#D9D9D9","stroke":"#A6A6A6","stroke_width":1,"modele":"Canvas utilisateur - geometrie issue des SVG et placement Canvas; conversion affine approximative vers WGS84"},"geometry":{"type":"Polygon","coordinates":[[[3.645242,45.783852],[3.667204,45.791773],[3.681528,45.820968],[3.68789,45.866598],[3.711818,45.88352],[3.679202,45.921278],[3.648222,45.930516],[3.647973,45.950372],[3.6637,45.976157],[3.697762,45.968082],[3.736342,45.974409],[3.784418,45.991108],[3.7892,46.003969],[3.766299,46.052685],[3.766488,46.069248],[3.782036,46.0976],[3.761647,46.121149],[3.748025,46.168202],[3.767027,46.175436],[3.748958,46.199624],[3.748368,46.227533],[3.725111,46.255916],[3.76132,46.25681],[3.763562,46.274122],[3.831012,46.28384],[3.840116,46.296811],[3.862959,46.296889],[3.873398,46.277701],[3.853297,46.231838],[3.877962,46.223947],[3.939961,46.219799],[3.94978,46.191935],[4.001,46.185232],[4.023507,46.197959],[4.078246,46.215903],[4.109114,46.193751],[4.166985,46.191719],[4.16283,46.205342],[4.187376,46.212668],[4.205073,46.194936],[4.239395,46.202234],[4.239239,46.173187],[4.265204,46.172586],[4.276169,46.189456],[4.300797,46.189092],[4.349482,46.214268],[4.376647,46.240011],[4.413011,46.22195],[4.385078,46.20761],[4.429933,46.185328],[4.400817,46.152115],[4.368698,46.166117],[4.349111,46.153801],[4.307072,46.143821],[4.290975,46.114981],[4.29474,46.091384],[4.269704,46.063524],[4.23665,46.062514],[4.244976,46.044208],[4.298011,46.01293],[4.285515,45.997749],[4.231507,46.001793],[4.283016,45.970596],[4.278661,45.957594],[4.332645,45.93109],[4.332928,45.917604],[4.309645,45.90539],[4.329645,45.877168],[4.345608,45.86734],[4.386517,45.859319],[4.365647,45.821739],[4.365434,45.776702],[4.337613,45.76516],[4.363062,45.742199],[4.388804,45.744374],[4.36356,45.702333],[4.355382,45.65925],[4.382486,45.650655],[4.402155,45.618089],[4.433929,45.609175],[4.443407,45.592119],[4.497884,45.5693],[4.518819,45.555948],[4.568743,45.567499],[4.583826,45.558317],[4.628264,45.552528],[4.64071,45.527794],[4.677785,45.554059],[4.691156,45.537375],[4.655018,45.509473],[4.667002,45.465608],[4.707467,45.456814],[4.730114,45.474005],[4.748619,45.465842],[4.767154,45.433249],[4.769063,45.407196],[4.754485,45.3968],[4.766182,45.370488],[4.766499,45.337948],[4.734803,45.333705],[4.708146,45.31657],[4.686829,45.317006],[4.617987,45.278133],[4.624924,45.258454],[4.601348,45.256508],[4.593045,45.239057],[4.605505,45.216539],[4.566737,45.212382],[4.540543,45.198281],[4.480192,45.199781],[4.412183,45.240694],[4.360839,45.224509],[4.348672,45.246609],[4.356412,45.267563],[4.320934,45.285384],[4.357009,45.305704],[4.33579,45.332268],[4.295821,45.341076],[4.277524,45.328049],[4.257494,45.329273],[4.228847,45.355679],[4.209813,45.360666],[4.175024,45.355041],[4.159763,45.363418],[4.12926,45.354817],[4.133813,45.333725],[4.099458,45.338295],[4.059753,45.326464],[4.037597,45.306268],[4.01742,45.323986],[3.988932,45.294932],[3.974688,45.323734],[3.957106,45.340518],[3.906089,45.340456],[3.884714,45.305827],[3.864117,45.324437],[3.855382,45.364021],[3.865785,45.380777],[3.929734,45.416166],[3.942924,45.435273],[3.936419,45.446624],[3.955039,45.469912],[3.934452,45.479453],[3.914444,45.523025],[3.923224,45.535212],[3.903391,45.557121],[3.869723,45.580527],[3.84983,45.584386],[3.825634,45.605403],[3.78537,45.615453],[3.736269,45.677056],[3.742327,45.693857],[3.716859,45.735342],[3.683644,45.745263],[3.687736,45.765712],[3.645242,45.783852]]]}},{"type":"Feature","properties":{"id":"CPAM LOIRE-ATLANTIQUE","name":"CPAM LOIRE-ATLANTIQUE","title":"CPAM LOIRE-ATLANTIQUE","label":"CPAM LOIRE-ATLANTIQUE","nom_court":"LOIRE-ATLANTIQUE","organisme":"CPAM LOIRE-ATLANTIQUE","type_zone":"zone_cpam","svg":"065_Loire-Atl.svg","source_svg":"https://raw.githubusercontent.com/brenda-ramirez-santillan/carte-fr/refs/heads/main/065_Loire-Atl.svg","canvas_element":"svg_065_loireatl","canvas_left":401,"canvas_top":302,"canvas_width":102.25,"canvas_height":89.5,"label_longitude":-1.921362,"label_latitude":47.309822,"centroid_longitude":-1.708889,"centroid_latitude":47.325947,"fill":"#D9D9D9","stroke":"#A6A6A6","stroke_width":1,"modele":"Canvas utilisateur - geometrie issue des SVG et placement Canvas; conversion affine approximative vers WGS84"},"geometry":{"type":"Polygon","coordinates":[[[-2.634942,47.333935],[-2.608836,47.342943],[-2.55611,47.37438],[-2.521405,47.388205],[-2.529512,47.41229],[-2.524249,47.427084],[-2.49231,47.443155],[-2.467939,47.420914],[-2.437478,47.428902],[-2.420518,47.419991],[-2.376355,47.430346],[-2.376721,47.453024],[-2.36203,47.468526],[-2.322348,47.482613],[-2.304296,47.461526],[-2.248111,47.481336],[-2.24013,47.45983],[-2.209508,47.464921],[-2.211533,47.492066],[-2.151108,47.504987],[-2.149101,47.545653],[-2.156764,47.563676],[-2.13914,47.577881],[-2.137177,47.597425],[-2.149877,47.608078],[-2.12649,47.629677],[-2.101111,47.629254],[-2.0855,47.64774],[-2.057765,47.650888],[-2.015421,47.669072],[-2.000194,47.65151],[-1.980968,47.667416],[-1.904965,47.689313],[-1.861322,47.688795],[-1.80856,47.68076],[-1.787147,47.690354],[-1.757269,47.681249],[-1.723091,47.696392],[-1.685706,47.694152],[-1.667416,47.70671],[-1.664733,47.728248],[-1.644599,47.751099],[-1.620503,47.7638],[-1.551776,47.774513],[-1.526761,47.790611],[-1.487206,47.797735],[-1.496363,47.816647],[-1.4858,47.826435],[-1.435954,47.81914],[-1.40711,47.820127],[-1.375632,47.78869],[-1.331291,47.782451],[-1.254836,47.766303],[-1.243896,47.745533],[-1.263835,47.720671],[-1.222577,47.705187],[-1.201223,47.708178],[-1.195216,47.684518],[-1.179878,47.679725],[-1.187669,47.651581],[-1.164874,47.639316],[-1.161753,47.618467],[-1.140701,47.600728],[-1.101447,47.60192],[-1.054908,47.581819],[-1.022838,47.579676],[-1.002654,47.568925],[-1.050587,47.541792],[-1.037143,47.526192],[-1.041908,47.480303],[-1.004131,47.463141],[-0.96086,47.46726],[-0.960498,47.441283],[-0.946766,47.426167],[-0.953829,47.388292],[-0.942215,47.373569],[-0.942935,47.35168],[-0.968181,47.338725],[-1.013407,47.33181],[-1.077469,47.337561],[-1.108479,47.332108],[-1.170962,47.331916],[-1.187069,47.319583],[-1.235112,47.314707],[-1.269376,47.304938],[-1.310027,47.301324],[-1.347792,47.281389],[-1.356714,47.262244],[-1.311897,47.264701],[-1.288807,47.255718],[-1.288346,47.235144],[-1.259147,47.20713],[-1.234417,47.198072],[-1.202557,47.212225],[-1.18455,47.199472],[-1.191939,47.177198],[-1.181735,47.149298],[-1.165877,47.140991],[-1.178897,47.117278],[-1.212361,47.096745],[-1.243578,47.087134],[-1.231333,47.070795],[-1.248651,47.051433],[-1.172782,47.043152],[-1.146113,47.017168],[-1.115062,47.011307],[-1.116553,46.987423],[-1.149694,46.976061],[-1.204563,46.986868],[-1.236176,47.012911],[-1.254742,47.016502],[-1.275879,47.033859],[-1.299,47.018337],[-1.303407,46.985818],[-1.32209,46.979404],[-1.375085,46.986746],[-1.391741,46.976257],[-1.375241,46.949223],[-1.390442,46.934018],[-1.370989,46.923737],[-1.385525,46.893025],[-1.433025,46.883138],[-1.475165,46.864707],[-1.48914,46.872126],[-1.474154,46.8952],[-1.495039,46.922955],[-1.486924,46.945241],[-1.494134,46.974281],[-1.519331,46.986039],[-1.535992,46.97225],[-1.577557,46.958927],[-1.564258,46.946224],[-1.576471,46.919586],[-1.551667,46.884589],[-1.548457,46.862162],[-1.519734,46.820088],[-1.569872,46.794646],[-1.66076,46.81357],[-1.691981,46.809601],[-1.715706,46.826183],[-1.750674,46.819669],[-1.76846,46.832545],[-1.7676,46.848031],[-1.78353,46.867189],[-1.809024,46.862608],[-1.86735,46.869336],[-1.868327,46.892382],[-1.911238,46.89145],[-1.958481,46.914455],[-1.95768,46.931848],[-1.985691,46.935094],[-2.01278,46.969843],[-2.024939,46.971092],[-2.050637,47.005416],[-2.080018,47.018039],[-2.102052,47.039735],[-2.165896,47.05611],[-2.209565,47.059011],[-2.232842,47.068664],[-2.271563,47.070424],[-2.28459,47.077806],[-2.28394,47.100387],[-2.221848,47.115408],[-2.212848,47.160833],[-2.236281,47.18605],[-2.225776,47.193258],[-2.225308,47.223655],[-2.243618,47.236416],[-2.30457,47.210055],[-2.330307,47.192551],[-2.363713,47.189035],[-2.403717,47.208723],[-2.435522,47.232114],[-2.465653,47.236206],[-2.511452,47.213899],[-2.525734,47.221833],[-2.587227,47.238973],[-2.575829,47.285729],[-2.595119,47.317453],[-2.634942,47.333935]]]}},{"type":"Feature","properties":{"id":"CPAM LOIRET","name":"CPAM LOIRET","title":"CPAM LOIRET","label":"CPAM LOIRET","nom_court":"LOIRET","organisme":"CPAM LOIRET","type_zone":"zone_cpam","svg":"066_Loiret.svg","source_svg":"https://raw.githubusercontent.com/brenda-ramirez-santillan/carte-fr/refs/heads/main/066_Loiret.svg","canvas_element":"svg_066_loiret","canvas_left":647,"canvas_top":258,"canvas_width":102.6500015258789,"canvas_height":79.125,"label_longitude":2.258299,"label_latitude":47.888577,"centroid_longitude":2.310418,"centroid_latitude":47.894841,"fill":"#D9D9D9","stroke":"#A6A6A6","stroke_width":1,"modele":"Canvas utilisateur - geometrie issue des SVG et placement Canvas; conversion affine approximative vers WGS84"},"geometry":{"type":"Polygon","coordinates":[[[1.435496,48.013516],[1.469444,48.030468],[1.520853,48.016022],[1.541534,48.031241],[1.552769,48.05483],[1.585434,48.064464],[1.610012,48.053634],[1.679264,48.054311],[1.735137,48.065936],[1.806318,48.073679],[1.825963,48.088383],[1.843384,48.122397],[1.863665,48.140131],[1.845695,48.146836],[1.868456,48.169888],[1.896168,48.186],[1.907773,48.220997],[1.910694,48.255797],[1.934199,48.269919],[1.94066,48.28887],[1.992969,48.28898],[2.0023,48.298582],[2.032608,48.296751],[2.110623,48.30866],[2.136888,48.316393],[2.159437,48.351334],[2.182257,48.342793],[2.197202,48.321649],[2.257578,48.313327],[2.275561,48.337305],[2.29146,48.339772],[2.329002,48.315127],[2.370361,48.327102],[2.389833,48.303863],[2.392778,48.263265],[2.423066,48.252553],[2.440484,48.258182],[2.480342,48.227385],[2.497553,48.194571],[2.483121,48.181388],[2.48002,48.153782],[2.455689,48.162216],[2.431471,48.132818],[2.46329,48.122132],[2.496103,48.123032],[2.51288,48.136909],[2.547649,48.137582],[2.581469,48.127881],[2.620428,48.135868],[2.645403,48.118365],[2.690769,48.121359],[2.705356,48.134223],[2.741863,48.143658],[2.727364,48.15853],[2.787801,48.167817],[2.786713,48.138616],[2.811022,48.127072],[2.86053,48.155646],[2.932339,48.163355],[2.969143,48.151307],[2.989771,48.152111],[3.030442,48.131895],[3.052088,48.085051],[3.052759,48.067584],[3.092647,48.048313],[3.109382,48.005648],[3.130941,47.997803],[3.135167,47.96073],[3.082731,47.918613],[3.068154,47.917583],[3.007919,47.880013],[3.00608,47.846942],[3.031036,47.839733],[3.031782,47.816412],[3.013737,47.815577],[3.030243,47.779968],[3.025758,47.765028],[2.988336,47.764298],[2.953147,47.753038],[2.947879,47.742764],[2.910852,47.746293],[2.850026,47.737051],[2.841879,47.699927],[2.85264,47.684561],[2.908148,47.663816],[2.915045,47.640927],[2.953099,47.6157],[2.934251,47.605952],[2.938605,47.570869],[2.961816,47.542734],[2.976833,47.535021],[2.958081,47.522172],[2.911383,47.531034],[2.886668,47.517291],[2.851661,47.516854],[2.842694,47.500617],[2.869812,47.482631],[2.827844,47.470244],[2.818064,47.457815],[2.788106,47.457129],[2.775356,47.477392],[2.756695,47.487029],[2.709533,47.482859],[2.715019,47.459088],[2.703125,47.449126],[2.669873,47.442016],[2.642528,47.447098],[2.639725,47.470892],[2.593527,47.48758],[2.598436,47.502967],[2.577475,47.519296],[2.552274,47.522975],[2.525231,47.53889],[2.474617,47.530536],[2.449232,47.543496],[2.411631,47.574652],[2.37304,47.563885],[2.34189,47.548943],[2.309646,47.569684],[2.291232,47.57202],[2.254003,47.594579],[2.200994,47.585766],[2.202785,47.603099],[2.180561,47.635287],[2.162222,47.646075],[2.105402,47.637627],[2.096166,47.64494],[2.024128,47.649009],[2.019072,47.641316],[1.957592,47.644188],[1.950827,47.635028],[1.889695,47.625629],[1.879834,47.646041],[1.843471,47.639298],[1.812504,47.640168],[1.784673,47.652915],[1.786328,47.62194],[1.719864,47.616563],[1.675608,47.626112],[1.662977,47.666297],[1.645234,47.700404],[1.607311,47.707358],[1.556041,47.730759],[1.537175,47.702054],[1.473161,47.739653],[1.497688,47.757974],[1.496905,47.768154],[1.458068,47.793304],[1.459476,47.813434],[1.483459,47.822634],[1.515135,47.852742],[1.507971,47.879688],[1.482401,47.897142],[1.448967,47.908167],[1.448986,47.922118],[1.490895,47.956106],[1.490175,47.972561],[1.44318,47.964407],[1.449986,47.990883],[1.435496,48.013516]]]}},{"type":"Feature","properties":{"id":"CPAM LOT","name":"CPAM LOT","title":"CPAM LOT","label":"CPAM LOT","nom_court":"LOT","organisme":"CPAM LOT","type_zone":"zone_cpam","svg":"067_Lot.svg","source_svg":"https://raw.githubusercontent.com/brenda-ramirez-santillan/carte-fr/refs/heads/main/067_Lot.svg","canvas_element":"svg_067_lot","canvas_left":617,"canvas_top":545,"canvas_width":77.8499984741211,"canvas_height":77.32500457763672,"label_longitude":1.671494,"label_latitude":44.598425,"centroid_longitude":1.60611,"centroid_latitude":44.595601,"fill":"#D9D9D9","stroke":"#A6A6A6","stroke_width":1,"modele":"Canvas utilisateur - geometrie issue des SVG et placement Canvas; conversion affine approximative vers WGS84"},"geometry":{"type":"Polygon","coordinates":[[[0.951044,44.508377],[1.000797,44.51549],[1.044882,44.532502],[1.048468,44.542554],[1.07006,44.556328],[1.130948,44.608033],[1.123382,44.641357],[1.146635,44.651709],[1.205265,44.656489],[1.230143,44.681418],[1.262889,44.690177],[1.301335,44.716339],[1.308359,44.742571],[1.280356,44.755854],[1.283855,44.776091],[1.313774,44.786403],[1.351623,44.791926],[1.34868,44.822842],[1.391295,44.832202],[1.39429,44.845868],[1.430976,44.859387],[1.43104,44.874205],[1.400188,44.895226],[1.424259,44.926398],[1.398425,44.997914],[1.439401,45.012202],[1.468919,45.011429],[1.476683,45.02462],[1.536495,45.040961],[1.548547,45.022432],[1.574048,45.035496],[1.626362,45.028516],[1.652661,45.01928],[1.674225,44.997465],[1.707165,44.980197],[1.716043,44.958507],[1.757758,44.945657],[1.761264,44.930846],[1.783097,44.912535],[1.796185,44.921804],[1.83496,44.917174],[1.842536,44.936057],[1.900458,44.947532],[1.923407,44.971302],[1.955944,44.965956],[1.957751,44.946832],[2.00076,44.9658],[2.06782,44.977561],[2.086238,44.970068],[2.104482,44.946393],[2.102923,44.923582],[2.134027,44.900603],[2.111326,44.890377],[2.118674,44.860598],[2.16769,44.808889],[2.196181,44.796214],[2.196441,44.755396],[2.182349,44.734128],[2.176011,44.699987],[2.18167,44.677737],[2.209642,44.651017],[2.194798,44.638995],[2.19953,44.612465],[2.239658,44.588816],[2.225176,44.557406],[2.200127,44.563101],[2.177727,44.540947],[2.155012,44.549658],[2.132292,44.541411],[2.108851,44.558431],[2.081853,44.553514],[2.042965,44.524328],[2.009561,44.519593],[1.975681,44.484791],[1.923023,44.464867],[1.906349,44.471157],[1.895565,44.447767],[1.876206,44.45136],[1.853125,44.439156],[1.866965,44.421571],[1.864784,44.396477],[1.888657,44.384555],[1.882773,44.35693],[1.924294,44.322007],[1.898325,44.295628],[1.83987,44.277903],[1.803399,44.288133],[1.78529,44.265759],[1.765056,44.279907],[1.706328,44.266914],[1.656058,44.238082],[1.646283,44.221068],[1.618275,44.229004],[1.619493,44.249255],[1.570901,44.253223],[1.588481,44.19775],[1.575862,44.186817],[1.54069,44.175087],[1.527323,44.183024],[1.506792,44.223219],[1.49149,44.220657],[1.46837,44.234418],[1.447346,44.216476],[1.447808,44.20247],[1.370905,44.171128],[1.346172,44.148953],[1.332422,44.170335],[1.305168,44.179378],[1.269754,44.181567],[1.269707,44.199094],[1.29048,44.211056],[1.283776,44.244786],[1.252494,44.230473],[1.220925,44.224403],[1.176501,44.230038],[1.13805,44.260754],[1.098679,44.267039],[1.089614,44.290384],[1.055697,44.306659],[1.068595,44.318974],[1.104258,44.326581],[1.110809,44.347785],[1.082378,44.34696],[1.037577,44.332099],[1.024199,44.346407],[1.033863,44.358645],[1.030447,44.384086],[1.001477,44.390244],[0.99239,44.401658],[0.994003,44.434467],[0.979266,44.43926],[0.986749,44.466635],[0.951044,44.508377]]]}},{"type":"Feature","properties":{"id":"CPAM LOT ET GARONNE","name":"CPAM LOT ET GARONNE","title":"CPAM LOT ET GARONNE","label":"CPAM LOT ET GARONNE","nom_court":"LOT ET GARONNE","organisme":"CPAM LOT ET GARONNE","type_zone":"zone_cpam","svg":"068_Lot-et-Garonne.svg","source_svg":"https://raw.githubusercontent.com/brenda-ramirez-santillan/carte-fr/refs/heads/main/068_Lot-et-Garonne.svg","canvas_element":"svg_068_lotetgaronne","canvas_left":549,"canvas_top":570,"canvas_width":77.25,"canvas_height":72.20000457763672,"label_longitude":0.44883,"label_latitude":44.329332,"centroid_longitude":0.458393,"centroid_latitude":44.329759,"fill":"#D9D9D9","stroke":"#A6A6A6","stroke_width":1,"modele":"Canvas utilisateur - geometrie issue des SVG et placement Canvas; conversion affine approximative vers WGS84"},"geometry":{"type":"Polygon","coordinates":[[[-0.173619,44.177497],[-0.152043,44.188544],[-0.118299,44.190947],[-0.08191,44.219589],[-0.060485,44.226001],[-0.062509,44.252439],[-0.088574,44.278395],[-0.116248,44.295442],[-0.109005,44.312492],[-0.057641,44.319966],[-0.03892,44.331481],[-0.010662,44.326643],[-0.007053,44.351281],[-0.029325,44.367663],[-0.039004,44.385279],[-0.018519,44.411813],[-0.036633,44.42422],[-0.042917,44.47297],[-0.007709,44.499302],[0.011923,44.524783],[0.047571,44.520257],[0.06374,44.548857],[0.136009,44.590337],[0.164922,44.63906],[0.143325,44.648948],[0.121653,44.643566],[0.114059,44.660727],[0.088294,44.663196],[0.080104,44.679048],[0.096513,44.693455],[0.112939,44.684899],[0.133461,44.712348],[0.176706,44.725947],[0.184454,44.704836],[0.20948,44.746001],[0.241446,44.733645],[0.285154,44.746738],[0.312513,44.731355],[0.3367,44.70494],[0.330826,44.684286],[0.350948,44.671637],[0.340537,44.638922],[0.360933,44.640129],[0.412044,44.624587],[0.441589,44.631613],[0.467694,44.649546],[0.48557,44.646563],[0.515148,44.659047],[0.547274,44.644719],[0.572751,44.655685],[0.579754,44.675954],[0.614025,44.677553],[0.635398,44.687891],[0.660584,44.679228],[0.667949,44.658048],[0.739623,44.657759],[0.793005,44.665749],[0.81175,44.685285],[0.842583,44.674987],[0.841684,44.658167],[0.85994,44.64501],[0.852628,44.618633],[0.832309,44.606277],[0.853784,44.594851],[0.855198,44.578601],[0.888156,44.575135],[0.909922,44.593961],[0.960284,44.62035],[1.015122,44.617897],[1.040365,44.593644],[1.102038,44.574359],[1.104025,44.555051],[1.100441,44.544998],[1.056363,44.527992],[1.00661,44.520885],[1.042325,44.479142],[1.034835,44.451782],[1.04956,44.446979],[1.047961,44.414182],[1.057043,44.40277],[1.086008,44.396613],[1.089421,44.371177],[1.079757,44.358942],[1.093133,44.344639],[1.078165,44.327775],[1.021638,44.333846],[1.005421,44.322951],[0.973251,44.324215],[0.941457,44.349861],[0.918638,44.346804],[0.907247,44.330889],[0.916555,44.309618],[0.888836,44.270495],[0.915702,44.257305],[0.938088,44.263132],[0.946067,44.248885],[0.973999,44.23452],[0.941126,44.195511],[0.951834,44.187078],[0.926646,44.15211],[0.878803,44.147025],[0.87245,44.12819],[0.892107,44.120781],[0.909251,44.100655],[0.888616,44.076809],[0.837755,44.094456],[0.81104,44.09683],[0.812355,44.064596],[0.768013,44.053587],[0.751689,44.022016],[0.755359,44.011484],[0.719537,44.003704],[0.698402,43.990771],[0.687345,43.970698],[0.639468,43.994301],[0.635463,44.006055],[0.608429,44.019766],[0.58136,44.021215],[0.569398,44.004241],[0.541386,43.997472],[0.486026,44.003175],[0.458374,43.999487],[0.440515,43.971386],[0.390068,43.961854],[0.376511,43.947385],[0.351278,43.957845],[0.290348,43.932552],[0.222584,43.948852],[0.211506,43.960114],[0.174574,43.955141],[0.150635,43.936186],[0.147258,43.914046],[0.120397,43.914921],[0.123504,43.933765],[0.055264,43.921226],[0.041154,43.939885],[0.074181,44.00858],[0.081952,44.032114],[0.118627,44.055624],[0.117603,44.070778],[0.011119,44.077087],[-0.029072,44.097258],[-0.088315,44.097933],[-0.136011,44.102275],[-0.161209,44.099265],[-0.161744,44.153701],[-0.173619,44.177497]]]}},{"type":"Feature","properties":{"id":"CPAM MAINE-ET-LOIRE","name":"CPAM MAINE-ET-LOIRE","title":"CPAM MAINE-ET-LOIRE","label":"CPAM MAINE-ET-LOIRE","nom_court":"MAINE-ET-LOIRE","organisme":"CPAM MAINE-ET-LOIRE","type_zone":"zone_cpam","svg":"070_Maine-et-Loire.svg","source_svg":"https://raw.githubusercontent.com/brenda-ramirez-santillan/carte-fr/refs/heads/main/070_Maine-et-Loire.svg","canvas_element":"svg_070_maineetloire","canvas_left":474,"canvas_top":304,"canvas_width":100.30000305175781,"canvas_height":76.57500457763672,"label_longitude":-0.420145,"label_latitude":47.360482,"centroid_longitude":-0.600459,"centroid_latitude":47.364014,"fill":"#D9D9D9","stroke":"#A6A6A6","stroke_width":1,"modele":"Canvas utilisateur - geometrie issue des SVG et placement Canvas; conversion affine approximative vers WGS84"},"geometry":{"type":"Polygon","coordinates":[[[-1.426104,47.265149],[-1.417187,47.284289],[-1.379445,47.304213],[-1.338807,47.307827],[-1.304566,47.317596],[-1.256543,47.322464],[-1.240445,47.334791],[-1.177991,47.334982],[-1.146991,47.340438],[-1.082955,47.334688],[-1.037744,47.341599],[-1.012516,47.354545],[-1.011796,47.376432],[-1.023404,47.391138],[-1.016346,47.429003],[-1.030066,47.444104],[-1.030438,47.470073],[-1.073682,47.46596],[-1.111438,47.483116],[-1.106683,47.528981],[-1.120121,47.54457],[-1.072208,47.571691],[-1.092388,47.582448],[-1.124446,47.584584],[-1.170962,47.60467],[-1.210196,47.603473],[-1.231233,47.621211],[-1.23436,47.642057],[-1.257137,47.654309],[-1.249347,47.682443],[-1.264691,47.687231],[-1.270684,47.710886],[-1.292029,47.707887],[-1.333265,47.723365],[-1.313327,47.748224],[-1.324275,47.768979],[-1.316377,47.804217],[-1.274642,47.788653],[-1.268851,47.780104],[-1.22654,47.770825],[-1.19468,47.77751],[-1.136851,47.765935],[-1.087184,47.766195],[-1.042973,47.754826],[-1.018532,47.760319],[-1.023986,47.791178],[-0.986959,47.78227],[-0.940788,47.756923],[-0.896577,47.745218],[-0.897366,47.762006],[-0.872219,47.765386],[-0.838284,47.743712],[-0.812458,47.747192],[-0.793885,47.730738],[-0.760914,47.737763],[-0.719968,47.734285],[-0.701408,47.726186],[-0.656217,47.728852],[-0.628918,47.752962],[-0.57429,47.745261],[-0.550011,47.782636],[-0.502438,47.764408],[-0.491998,47.751647],[-0.464407,47.763562],[-0.419496,47.765371],[-0.415345,47.756347],[-0.40816,47.733844],[-0.365101,47.714916],[-0.315294,47.713209],[-0.265023,47.697492],[-0.226627,47.7199],[-0.205475,47.706952],[-0.224338,47.687597],[-0.245225,47.682128],[-0.218685,47.65238],[-0.216644,47.638156],[-0.178756,47.635844],[-0.156581,47.623793],[-0.126686,47.646388],[-0.089019,47.649837],[-0.071015,47.639398],[-0.018239,47.638881],[0.004525,47.610869],[0.040994,47.595614],[0.108333,47.595114],[0.133794,47.579787],[0.181171,47.588906],[0.182025,47.606065],[0.228547,47.598526],[0.233425,47.566377],[0.212929,47.558512],[0.19881,47.530592],[0.223417,47.512685],[0.218529,47.485879],[0.207119,47.477043],[0.177827,47.433519],[0.182182,47.404014],[0.163704,47.383486],[0.164156,47.363933],[0.179904,47.357031],[0.144685,47.337745],[0.142539,47.319866],[0.111203,47.305928],[0.070514,47.25453],[0.059424,47.215746],[0.064323,47.187391],[0.044199,47.16262],[0.058242,47.154869],[0.044905,47.127237],[0.026849,47.123576],[0.008244,47.139783],[-0.022973,47.120322],[-0.049389,47.085902],[-0.057889,47.052168],[-0.101824,47.060169],[-0.114573,47.049887],[-0.118743,47.021779],[-0.14632,47.010675],[-0.166653,47.026892],[-0.199083,47.026645],[-0.171465,47.05966],[-0.205901,47.067406],[-0.224435,47.054098],[-0.265521,47.064353],[-0.314292,47.059586],[-0.37055,47.04439],[-0.387893,47.050985],[-0.414704,47.044553],[-0.432875,47.026559],[-0.462076,47.028472],[-0.499618,47.022852],[-0.498028,47.038038],[-0.532369,47.038356],[-0.599795,47.016344],[-0.595576,46.996951],[-0.60588,46.971397],[-0.658605,46.943114],[-0.688248,46.943587],[-0.721888,46.952095],[-0.763691,46.934736],[-0.792907,46.950671],[-0.812419,46.941523],[-0.839418,46.955138],[-0.911208,46.927228],[-0.949105,46.923583],[-0.960546,46.942596],[-0.992867,46.958375],[-1.028157,46.954135],[-1.063301,46.970613],[-1.07953,46.952903],[-1.140803,46.956988],[-1.214861,46.974725],[-1.219177,46.979098],[-1.186055,46.990458],[-1.18456,47.014335],[-1.2156,47.020193],[-1.242261,47.046164],[-1.318095,47.054441],[-1.300777,47.073799],[-1.313023,47.090125],[-1.28182,47.099729],[-1.248381,47.120259],[-1.235345,47.143963],[-1.251215,47.152259],[-1.261409,47.180139],[-1.254032,47.202413],[-1.272026,47.215155],[-1.303878,47.201004],[-1.328585,47.210068],[-1.357759,47.238067],[-1.358246,47.258634],[-1.38131,47.26761],[-1.426104,47.265149]]]}},{"type":"Feature","properties":{"id":"CPAM MANCHE","name":"CPAM MANCHE","title":"CPAM MANCHE","label":"CPAM MANCHE","nom_court":"MANCHE","organisme":"CPAM MANCHE","type_zone":"zone_cpam","svg":"071_Manche.svg","source_svg":"https://raw.githubusercontent.com/brenda-ramirez-santillan/carte-fr/refs/heads/main/071_Manche.svg","canvas_element":"svg_071_manche","canvas_left":440,"canvas_top":136,"canvas_width":76.9749984741211,"canvas_height":116.5250015258789,"label_longitude":-1.253529,"label_latitude":49.062934,"centroid_longitude":-1.345497,"centroid_latitude":49.058314,"fill":"#D9D9D9","stroke":"#A6A6A6","stroke_width":1,"modele":"Canvas utilisateur - geometrie issue des SVG et placement Canvas; conversion affine approximative vers WGS84"},"geometry":{"type":"Polygon","coordinates":[[[-1.997562,49.715054],[-1.99235,49.7369],[-1.965292,49.736322],[-1.92987,49.716205],[-1.904483,49.726816],[-1.88428,49.722618],[-1.866654,49.700213],[-1.815859,49.690471],[-1.75614,49.689676],[-1.723464,49.682665],[-1.708331,49.666425],[-1.666734,49.669796],[-1.658079,49.654826],[-1.548279,49.666966],[-1.512118,49.679725],[-1.496735,49.708765],[-1.480582,49.703178],[-1.444257,49.716462],[-1.388946,49.719821],[-1.316641,49.706304],[-1.28308,49.708388],[-1.28626,49.691829],[-1.252692,49.663097],[-1.241878,49.616916],[-1.268425,49.62095],[-1.280956,49.599926],[-1.312436,49.58954],[-1.325921,49.557126],[-1.322912,49.542652],[-1.26628,49.481201],[-1.202854,49.43027],[-1.176932,49.40483],[-1.170272,49.387634],[-1.187949,49.373488],[-1.172511,49.361062],[-1.125853,49.349555],[-1.119276,49.320354],[-1.146634,49.301099],[-1.147174,49.287882],[-1.127554,49.271234],[-1.130843,49.256769],[-1.082369,49.221731],[-1.035312,49.204894],[-0.973635,49.177361],[-0.916025,49.208232],[-0.889904,49.184027],[-0.93343,49.145128],[-0.927177,49.12828],[-0.879952,49.11143],[-0.871343,49.098421],[-0.872819,49.068455],[-0.862713,49.057414],[-0.877439,49.015432],[-0.854102,49.01125],[-0.900053,48.980798],[-0.907886,48.96474],[-0.938385,48.939976],[-0.952055,48.938352],[-1.022256,48.896583],[-1.012873,48.884838],[-1.050081,48.861452],[-1.073123,48.836202],[-1.10337,48.833691],[-1.161543,48.799983],[-1.159795,48.784926],[-1.107262,48.777315],[-1.092026,48.742167],[-1.059678,48.733678],[-1.037308,48.743509],[-1.011232,48.732264],[-0.946482,48.751044],[-0.913174,48.730743],[-0.862006,48.716021],[-0.830541,48.712442],[-0.839179,48.68968],[-0.806237,48.690284],[-0.778666,48.662878],[-0.719404,48.640744],[-0.759132,48.612511],[-0.736978,48.575223],[-0.736189,48.553191],[-0.75362,48.541477],[-0.759622,48.512174],[-0.792747,48.498463],[-0.836773,48.467819],[-0.850043,48.446941],[-0.887244,48.439749],[-0.91528,48.458197],[-0.951082,48.462493],[-0.967694,48.4391],[-1.001063,48.433203],[-1.060636,48.460614],[-1.070716,48.453313],[-1.134254,48.46698],[-1.151634,48.462437],[-1.176841,48.476682],[-1.195095,48.474068],[-1.214274,48.488288],[-1.283326,48.479181],[-1.290563,48.452948],[-1.342524,48.43901],[-1.359286,48.414409],[-1.399049,48.396999],[-1.448059,48.402841],[-1.469313,48.42766],[-1.512119,48.430914],[-1.518169,48.451551],[-1.543452,48.484352],[-1.557907,48.492742],[-1.542862,48.512488],[-1.568236,48.527026],[-1.564725,48.547643],[-1.597958,48.575558],[-1.569009,48.580748],[-1.539612,48.567169],[-1.499178,48.56789],[-1.463921,48.577369],[-1.410954,48.60196],[-1.508514,48.639444],[-1.532019,48.644391],[-1.557157,48.686445],[-1.586892,48.690999],[-1.601912,48.708262],[-1.596315,48.762068],[-1.602196,48.782182],[-1.63432,48.799172],[-1.615682,48.808328],[-1.604399,48.829317],[-1.597473,48.864048],[-1.578442,48.873998],[-1.569989,48.898062],[-1.589677,48.908534],[-1.588423,48.972538],[-1.623289,48.994618],[-1.639927,49.054626],[-1.637441,49.087189],[-1.624701,49.110428],[-1.638156,49.178846],[-1.619329,49.217879],[-1.648466,49.215802],[-1.66386,49.197331],[-1.687588,49.226032],[-1.699108,49.251489],[-1.747858,49.314267],[-1.761641,49.316321],[-1.804315,49.354691],[-1.848847,49.363282],[-1.866441,49.39451],[-1.869906,49.448944],[-1.888719,49.467946],[-1.897276,49.509639],[-1.928162,49.518928],[-1.93219,49.541226],[-1.903035,49.553158],[-1.885331,49.574622],[-1.889826,49.624727],[-1.905885,49.657561],[-1.943163,49.672983],[-1.99629,49.682685],[-1.986127,49.703279],[-1.997562,49.715054]]]}},{"type":"Feature","properties":{"id":"CPAM MARNE","name":"CPAM MARNE","title":"CPAM MARNE","label":"CPAM MARNE","nom_court":"MARNE","organisme":"CPAM MARNE","type_zone":"zone_cpam","svg":"072_Marne.svg","source_svg":"https://raw.githubusercontent.com/brenda-ramirez-santillan/carte-fr/refs/heads/main/072_Marne.svg","canvas_element":"svg_072_marne","canvas_left":760,"canvas_top":164,"canvas_width":104.30000305175781,"canvas_height":81.8499984741211,"label_longitude":4.268345,"label_latitude":48.969881,"centroid_longitude":4.189904,"centroid_latitude":48.959949,"fill":"#D9D9D9","stroke":"#A6A6A6","stroke_width":1,"modele":"Canvas utilisateur - geometrie issue des SVG et placement Canvas; conversion affine approximative vers WGS84"},"geometry":{"type":"Polygon","coordinates":[[[3.303754,48.754216],[3.317961,48.7803],[3.353162,48.782953],[3.341772,48.810486],[3.39724,48.824246],[3.397366,48.852703],[3.421553,48.893551],[3.442782,48.916659],[3.490356,48.926778],[3.490911,48.945333],[3.51983,48.95187],[3.508826,48.968011],[3.539422,48.974056],[3.558299,49.012595],[3.586052,49.016277],[3.599636,49.028276],[3.584674,49.049782],[3.567599,49.054037],[3.50441,49.045692],[3.50442,49.072763],[3.558334,49.09621],[3.529535,49.134987],[3.528003,49.153401],[3.540396,49.169968],[3.573213,49.167582],[3.605154,49.173869],[3.623898,49.161898],[3.673421,49.176948],[3.675849,49.198777],[3.64884,49.194212],[3.626675,49.202422],[3.618918,49.227879],[3.582557,49.231408],[3.591112,49.26385],[3.57469,49.288368],[3.576762,49.318194],[3.56261,49.341073],[3.620386,49.36171],[3.665869,49.366753],[3.702941,49.387365],[3.750198,49.388813],[3.777076,49.396293],[3.785733,49.414586],[3.766046,49.429826],[3.794588,49.44021],[3.829651,49.427582],[3.858073,49.442888],[3.896121,49.411091],[3.931485,49.411848],[3.950257,49.391199],[3.974201,49.393014],[3.978708,49.432707],[3.987139,49.441474],[4.017596,49.43736],[4.135477,49.434843],[4.148466,49.419136],[4.197909,49.417756],[4.208582,49.397981],[4.242867,49.380681],[4.259566,49.360445],[4.284952,49.359891],[4.309445,49.348381],[4.333322,49.349375],[4.350819,49.328399],[4.377524,49.315862],[4.420377,49.308092],[4.506269,49.317672],[4.542683,49.328876],[4.562861,49.301546],[4.574348,49.300518],[4.605637,49.260924],[4.642262,49.271025],[4.658714,49.287235],[4.701589,49.282757],[4.719932,49.271359],[4.766885,49.271447],[4.794757,49.280602],[4.806932,49.265748],[4.84457,49.272045],[4.893755,49.295517],[4.937367,49.267558],[4.958162,49.2668],[4.982036,49.238951],[4.925748,49.21269],[4.940146,49.198886],[4.962373,49.15821],[4.981091,49.13872],[4.99561,49.080566],[4.956514,49.041259],[4.997721,49.054214],[5.027893,49.043127],[5.024173,49.010738],[4.994735,48.999906],[5.02974,48.988845],[5.021616,48.971751],[4.975741,48.945079],[4.922989,48.934492],[4.901609,48.910741],[4.910999,48.901864],[4.911079,48.873586],[4.922755,48.848243],[4.873472,48.823223],[4.87439,48.803118],[4.921748,48.79505],[4.935821,48.775273],[4.980344,48.743997],[5.000428,48.743624],[5.003251,48.706928],[4.978777,48.683237],[4.93867,48.686785],[4.922733,48.676218],[4.89669,48.687211],[4.851959,48.664403],[4.80455,48.671395],[4.761396,48.667127],[4.751741,48.652546],[4.788702,48.650453],[4.83398,48.635442],[4.834005,48.608221],[4.812082,48.606312],[4.777576,48.587957],[4.74859,48.580827],[4.755857,48.55681],[4.780339,48.518654],[4.694939,48.531158],[4.644675,48.520215],[4.607641,48.533353],[4.598538,48.543966],[4.54608,48.538248],[4.494613,48.515915],[4.488767,48.533383],[4.46073,48.526548],[4.363688,48.549919],[4.270776,48.607613],[4.288441,48.622574],[4.273184,48.645128],[4.289345,48.665221],[4.281689,48.696602],[4.257487,48.709292],[4.204679,48.705092],[4.184361,48.698286],[4.108803,48.701433],[4.077205,48.680661],[4.023205,48.696233],[4.000626,48.659251],[3.971056,48.651561],[3.941218,48.656423],[3.925243,48.647026],[3.915606,48.622804],[3.896007,48.612851],[3.886287,48.592204],[3.851427,48.595844],[3.834659,48.561693],[3.80575,48.567521],[3.791197,48.546143],[3.79855,48.522467],[3.783702,48.507],[3.75358,48.499156],[3.724078,48.511273],[3.669542,48.517355],[3.628859,48.516929],[3.611809,48.523702],[3.565166,48.519559],[3.555028,48.524839],[3.552657,48.556227],[3.523607,48.557651],[3.497878,48.591811],[3.472283,48.608003],[3.433814,48.621774],[3.432119,48.632235],[3.372079,48.642137],[3.351197,48.653297],[3.381366,48.677554],[3.375953,48.699684],[3.381537,48.73197],[3.354899,48.730584],[3.339904,48.751874],[3.303754,48.754216]]]}},{"type":"Feature","properties":{"id":"CPAM MAYENNE","name":"CPAM MAYENNE","title":"CPAM MAYENNE","label":"CPAM MAYENNE","nom_court":"MAYENNE","organisme":"CPAM MAYENNE","type_zone":"zone_cpam","svg":"074_Mayenne.svg","source_svg":"https://raw.githubusercontent.com/brenda-ramirez-santillan/carte-fr/refs/heads/main/074_Mayenne.svg","canvas_element":"svg_074_mayenne","canvas_left":482,"canvas_top":238,"canvas_width":75.3499984741211,"canvas_height":76.1500015258789,"label_longitude":-0.685698,"label_latitude":48.134879,"centroid_longitude":-0.685163,"centroid_latitude":48.128172,"fill":"#D9D9D9","stroke":"#A6A6A6","stroke_width":1,"modele":"Canvas utilisateur - geometrie issue des SVG et placement Canvas; conversion affine approximative vers WGS84"},"geometry":{"type":"Polygon","coordinates":[[[-1.295411,47.768395],[-1.272099,47.790894],[-1.26999,47.804823],[-1.244077,47.829503],[-1.251929,47.852473],[-1.230515,47.861169],[-1.213093,47.9055],[-1.207378,47.93367],[-1.178064,47.941729],[-1.15351,47.958513],[-1.120151,47.950999],[-1.067917,47.965155],[-1.064774,47.983538],[-1.082156,48.005996],[-1.070322,48.043393],[-1.098081,48.065354],[-1.109532,48.129094],[-1.129964,48.164289],[-1.123789,48.182597],[-1.153294,48.247023],[-1.133007,48.28583],[-1.094133,48.317058],[-1.114902,48.359851],[-1.10372,48.376526],[-1.128212,48.405715],[-1.134479,48.428808],[-1.116457,48.447544],[-1.12705,48.498485],[-1.121246,48.50814],[-1.111167,48.515438],[-1.05159,48.488043],[-1.018241,48.493946],[-1.001617,48.517318],[-0.965836,48.513027],[-0.937802,48.494594],[-0.900602,48.501779],[-0.834428,48.463834],[-0.813731,48.464076],[-0.815518,48.44356],[-0.79197,48.433653],[-0.747666,48.446981],[-0.76953,48.459756],[-0.763785,48.472034],[-0.734024,48.466362],[-0.69642,48.486309],[-0.680322,48.442019],[-0.625271,48.470932],[-0.574448,48.474577],[-0.553654,48.496827],[-0.527009,48.508199],[-0.498751,48.503871],[-0.462632,48.516921],[-0.382441,48.495314],[-0.351544,48.503459],[-0.332728,48.527262],[-0.281473,48.511156],[-0.272514,48.528278],[-0.249948,48.542683],[-0.271369,48.553986],[-0.242568,48.569404],[-0.213741,48.570187],[-0.174149,48.542914],[-0.148068,48.533283],[-0.170877,48.520299],[-0.146764,48.456041],[-0.107603,48.448607],[-0.050302,48.45496],[-0.055949,48.428747],[-0.052809,48.379568],[-0.077248,48.365705],[-0.113382,48.371065],[-0.14048,48.357296],[-0.134401,48.338625],[-0.159596,48.333324],[-0.157808,48.307113],[-0.140343,48.285453],[-0.165755,48.249973],[-0.164191,48.227549],[-0.147546,48.212214],[-0.149222,48.191863],[-0.203925,48.163322],[-0.257438,48.140665],[-0.261454,48.118883],[-0.222049,48.094961],[-0.245184,48.064589],[-0.230885,48.052883],[-0.237116,48.036969],[-0.279729,48.043377],[-0.327783,48.021827],[-0.351548,47.986284],[-0.326364,47.979703],[-0.291097,47.930084],[-0.304393,47.915005],[-0.349567,47.90105],[-0.388233,47.902669],[-0.410425,47.895408],[-0.421809,47.879354],[-0.419709,47.860419],[-0.390049,47.854501],[-0.38721,47.82395],[-0.424022,47.823831],[-0.46437,47.795973],[-0.449801,47.771544],[-0.401547,47.767831],[-0.387983,47.72761],[-0.394546,47.720523],[-0.398693,47.72955],[-0.443585,47.727734],[-0.471176,47.715821],[-0.481612,47.728591],[-0.529192,47.746812],[-0.553463,47.709442],[-0.608081,47.717143],[-0.635381,47.693027],[-0.680543,47.690365],[-0.699109,47.698461],[-0.740052,47.701947],[-0.773011,47.694915],[-0.791581,47.711374],[-0.817393,47.707887],[-0.851325,47.729562],[-0.876463,47.726184],[-0.875682,47.709391],[-0.919898,47.7211],[-0.966043,47.746445],[-1.003074,47.755346],[-0.997628,47.724493],[-1.02206,47.719002],[-1.066248,47.730369],[-1.115924,47.730109],[-1.173736,47.741682],[-1.205586,47.734996],[-1.247884,47.744275],[-1.253677,47.752829],[-1.295411,47.768395]]]}},{"type":"Feature","properties":{"id":"CPAM MEURTHE-ET-MOSELLE","name":"CPAM MEURTHE-ET-MOSELLE","title":"CPAM MEURTHE-ET-MOSELLE","label":"CPAM MEURTHE-ET-MOSELLE","nom_court":"MEURTHE-ET-MOSELLE","organisme":"CPAM MEURTHE-ET-MOSELLE","type_zone":"zone_cpam","svg":"076_Meurthe-et-Moselle.svg","source_svg":"https://raw.githubusercontent.com/brenda-ramirez-santillan/carte-fr/refs/heads/main/076_Meurthe-et-Moselle.svg","canvas_element":"svg_076_meurtheetmoselle","canvas_left":886,"canvas_top":151,"canvas_width":105.4000015258789,"canvas_height":111.32500457763672,"label_longitude":5.936946,"label_latitude":48.960934,"centroid_longitude":6.124017,"centroid_latitude":48.783741,"fill":"#D9D9D9","stroke":"#A6A6A6","stroke_width":1,"modele":"Canvas utilisateur - geometrie issue des SVG et placement Canvas; conversion affine approximative vers WGS84"},"geometry":{"type":"Polygon","coordinates":[[[5.387175,49.51413],[5.394308,49.530613],[5.46814,49.550088],[5.483741,49.564957],[5.523101,49.557389],[5.546725,49.56302],[5.568594,49.582089],[5.596363,49.590358],[5.636425,49.57657],[5.669281,49.581965],[5.713275,49.601784],[5.733857,49.589453],[5.779137,49.580399],[5.778452,49.556458],[5.813099,49.534332],[5.838669,49.532481],[5.848698,49.518648],[5.886266,49.509327],[5.890323,49.46229],[5.858614,49.437927],[5.877062,49.432103],[5.880546,49.398534],[5.905148,49.389598],[5.912032,49.371928],[5.89249,49.361017],[5.935945,49.330043],[5.9582,49.333103],[5.952126,49.298589],[5.958674,49.282649],[5.981803,49.270203],[5.982673,49.251221],[5.938827,49.228941],[5.933887,49.204465],[5.954309,49.202961],[5.979511,49.182045],[5.932507,49.159942],[5.95738,49.127825],[5.949481,49.121281],[5.880287,49.122277],[5.873075,49.104269],[5.903194,49.064082],[6.000017,49.021707],[5.998386,48.98356],[6.038295,48.96849],[6.075708,48.97374],[6.091918,48.93877],[6.123578,48.94756],[6.139156,48.939219],[6.187023,48.94324],[6.211159,48.927783],[6.238922,48.93781],[6.256206,48.920191],[6.297186,48.908525],[6.266774,48.882487],[6.280988,48.864674],[6.257019,48.84276],[6.309734,48.833307],[6.301047,48.821885],[6.34321,48.781154],[6.368776,48.77085],[6.409364,48.786161],[6.43058,48.761762],[6.468448,48.761615],[6.491055,48.743982],[6.521696,48.749483],[6.547013,48.745475],[6.57925,48.723683],[6.583645,48.709387],[6.609617,48.707386],[6.624769,48.696029],[6.646195,48.701611],[6.677329,48.675914],[6.725704,48.655125],[6.750415,48.65486],[6.776944,48.633118],[6.806383,48.638239],[6.833883,48.633781],[6.841762,48.615706],[6.862339,48.609828],[6.906019,48.609542],[6.932134,48.626283],[6.964605,48.59759],[6.987835,48.601501],[7.000109,48.58473],[7.041959,48.568475],[7.066042,48.537586],[7.089585,48.522153],[7.073981,48.508298],[7.091,48.497027],[7.135737,48.498223],[7.105081,48.497392],[7.059427,48.47804],[6.988431,48.46095],[6.89519,48.397441],[6.865898,48.410396],[6.825924,48.394075],[6.812222,48.3752],[6.763481,48.375704],[6.754852,48.388491],[6.690509,48.389677],[6.636565,48.411428],[6.610559,48.452802],[6.569877,48.439273],[6.552246,48.416107],[6.568885,48.393456],[6.516065,48.408156],[6.481472,48.389873],[6.428475,48.390473],[6.399082,48.382105],[6.303291,48.379032],[6.2763,48.387751],[6.271578,48.406074],[6.239033,48.401232],[6.22874,48.380334],[6.198958,48.373659],[6.142501,48.370598],[6.109529,48.377468],[6.115147,48.352876],[6.077781,48.324187],[6.057649,48.342665],[6.024437,48.329468],[6.011151,48.336138],[5.981536,48.326821],[5.959254,48.331483],[5.913016,48.319878],[5.896713,48.346354],[5.907489,48.358582],[5.887504,48.374943],[5.827699,48.375701],[5.806661,48.388684],[5.848392,48.42114],[5.835716,48.428647],[5.85312,48.456648],[5.836841,48.471129],[5.803063,48.484549],[5.759,48.475186],[5.730525,48.45887],[5.707477,48.473126],[5.703072,48.499762],[5.719002,48.520366],[5.655637,48.541582],[5.658236,48.572205],[5.70661,48.591031],[5.714365,48.604167],[5.685261,48.638714],[5.685594,48.658099],[5.706145,48.689618],[5.693586,48.703412],[5.658092,48.723071],[5.652797,48.735348],[5.682066,48.744241],[5.680265,48.765246],[5.709097,48.783899],[5.7231,48.831447],[5.706505,48.871648],[5.733293,48.886109],[5.706726,48.898115],[5.687014,48.916197],[5.720968,48.927242],[5.74272,48.949787],[5.760448,48.945332],[5.792171,48.955366],[5.792325,48.966502],[5.745752,48.991187],[5.758292,49.00282],[5.765194,49.03027],[5.799096,49.051308],[5.750794,49.086414],[5.764448,49.098964],[5.760645,49.123743],[5.724832,49.125223],[5.711681,49.11827],[5.685997,49.137733],[5.699443,49.164727],[5.683679,49.171539],[5.705305,49.215596],[5.662805,49.212797],[5.656326,49.234291],[5.678889,49.249361],[5.658198,49.267874],[5.668394,49.291298],[5.699713,49.30237],[5.707899,49.326873],[5.669376,49.335268],[5.658498,49.35678],[5.676134,49.378368],[5.639637,49.416482],[5.62234,49.422389],[5.627408,49.444787],[5.566653,49.46821],[5.53639,49.44964],[5.499174,49.452998],[5.455835,49.435852],[5.426447,49.436952],[5.418993,49.417633],[5.388994,49.422889],[5.397017,49.43913],[5.419122,49.435441],[5.433815,49.450434],[5.403156,49.455106],[5.409218,49.477984],[5.387175,49.51413]]]}},{"type":"Feature","properties":{"id":"CPAM MEUSE","name":"CPAM MEUSE","title":"CPAM MEUSE","label":"CPAM MEUSE","nom_court":"MEUSE","organisme":"CPAM MEUSE","type_zone":"zone_cpam","svg":"077_Meuse.svg","source_svg":"https://raw.githubusercontent.com/brenda-ramirez-santillan/carte-fr/refs/heads/main/077_Meuse.svg","canvas_element":"svg_077_meuse","canvas_left":854,"canvas_top":146,"canvas_width":61.32500076293945,"canvas_height":110.0999984741211,"label_longitude":5.424569,"label_latitude":49.015168,"centroid_longitude":5.377139,"centroid_latitude":48.995825,"fill":"#D9D9D9","stroke":"#A6A6A6","stroke_width":1,"modele":"Canvas utilisateur - geometrie issue des SVG et placement Canvas; conversion affine approximative vers WGS84"},"geometry":{"type":"Polygon","coordinates":[[[4.859841,48.808713],[4.909118,48.833734],[4.897435,48.859077],[4.897356,48.887371],[4.887974,48.896244],[4.909354,48.919999],[4.962103,48.930597],[5.007994,48.957276],[5.016116,48.974368],[4.9811,48.985437],[5.010538,48.996266],[5.014263,49.028662],[4.9841,49.039756],[4.942883,49.026803],[4.981978,49.066124],[4.967449,49.124288],[4.948748,49.143774],[4.926505,49.184456],[4.912119,49.198278],[4.968408,49.224539],[4.944531,49.252398],[4.923736,49.253146],[4.937749,49.264418],[5.02668,49.304922],[5.00637,49.33229],[5.002714,49.358358],[5.030995,49.380777],[5.038098,49.396214],[5.069363,49.395098],[5.084247,49.415763],[5.067402,49.433253],[5.085345,49.453299],[5.062193,49.515495],[5.039932,49.531296],[5.058014,49.542715],[5.079952,49.570291],[5.068204,49.576286],[5.09835,49.630978],[5.126302,49.627739],[5.145466,49.599946],[5.198093,49.610735],[5.21883,49.606598],[5.250436,49.577483],[5.30197,49.596221],[5.331402,49.631497],[5.37293,49.633654],[5.38774,49.657808],[5.427223,49.632271],[5.438921,49.587934],[5.463252,49.575391],[5.444933,49.552552],[5.469558,49.531332],[5.462426,49.514853],[5.484474,49.478713],[5.47841,49.455833],[5.509059,49.451161],[5.494369,49.436169],[5.472263,49.439854],[5.464249,49.4236],[5.494248,49.418355],[5.501684,49.437664],[5.531082,49.436564],[5.574415,49.453714],[5.611628,49.45037],[5.641891,49.468928],[5.702637,49.445512],[5.697567,49.423106],[5.714868,49.417203],[5.751358,49.37909],[5.733717,49.357498],[5.744595,49.335982],[5.783114,49.327593],[5.774926,49.303092],[5.743612,49.292014],[5.733419,49.268581],[5.754115,49.25007],[5.731545,49.235],[5.738017,49.213514],[5.780519,49.21631],[5.758904,49.172254],[5.774664,49.165442],[5.761224,49.13844],[5.786898,49.118977],[5.800043,49.12593],[5.835847,49.124456],[5.83966,49.09967],[5.826018,49.087132],[5.874297,49.05202],[5.840408,49.030983],[5.833499,49.003532],[5.820968,48.991899],[5.867535,48.967209],[5.867373,48.956067],[5.835668,48.946042],[5.817935,48.950497],[5.796196,48.927945],[5.762221,48.916893],[5.781952,48.898821],[5.808503,48.88681],[5.781719,48.872341],[5.798318,48.832151],[5.784319,48.784593],[5.755489,48.76594],[5.757288,48.744938],[5.728018,48.736053],[5.733319,48.723772],[5.768812,48.704115],[5.781359,48.690321],[5.760808,48.658794],[5.760478,48.639418],[5.789586,48.60486],[5.781835,48.591728],[5.733451,48.572891],[5.730857,48.542275],[5.794215,48.521055],[5.778285,48.500448],[5.782693,48.473812],[5.754864,48.441488],[5.728224,48.435292],[5.692211,48.446815],[5.625135,48.413727],[5.572043,48.414151],[5.525411,48.404725],[5.515688,48.389668],[5.472639,48.392324],[5.44643,48.396599],[5.407802,48.418321],[5.405161,48.439052],[5.345594,48.456321],[5.322168,48.48035],[5.299354,48.491999],[5.256486,48.495279],[5.197051,48.515517],[5.159847,48.534074],[5.130126,48.540869],[5.101687,48.564099],[5.051653,48.575655],[5.029775,48.612761],[5.011536,48.593652],[4.992471,48.590298],[4.971939,48.602492],[4.983987,48.614883],[4.969855,48.641039],[4.986137,48.653794],[4.965149,48.668688],[4.989627,48.692381],[4.986808,48.729099],[4.966724,48.72947],[4.922185,48.760755],[4.908115,48.78053],[4.860743,48.788608],[4.859841,48.808713]]]}},{"type":"Feature","properties":{"id":"CPAM MORBIHAN","name":"CPAM MORBIHAN","title":"CPAM MORBIHAN","label":"CPAM MORBIHAN","nom_court":"MORBIHAN","organisme":"CPAM MORBIHAN","type_zone":"zone_cpam","svg":"078_Morbihan.svg","source_svg":"https://raw.githubusercontent.com/brenda-ramirez-santillan/carte-fr/refs/heads/main/078_Morbihan.svg","canvas_element":"svg_078_morbihan","canvas_left":331,"canvas_top":270,"canvas_width":107.92500305175781,"canvas_height":69.80000305175781,"label_longitude":-2.773178,"label_latitude":47.787932,"centroid_longitude":-2.818362,"centroid_latitude":47.819521,"fill":"#D9D9D9","stroke":"#A6A6A6","stroke_width":1,"modele":"Canvas utilisateur - geometrie issue des SVG et placement Canvas; conversion affine approximative vers WGS84"},"geometry":{"type":"Polygon","coordinates":[[[-3.796503,48.088168],[-3.778953,48.097424],[-3.777153,48.119335],[-3.755262,48.128636],[-3.710219,48.134857],[-3.68557,48.147824],[-3.618772,48.16616],[-3.57438,48.158889],[-3.529022,48.166922],[-3.467898,48.15226],[-3.483668,48.134808],[-3.458193,48.125988],[-3.41905,48.14312],[-3.387109,48.150516],[-3.357035,48.134472],[-3.339597,48.134799],[-3.310757,48.119286],[-3.28985,48.129025],[-3.250983,48.128258],[-3.23174,48.143716],[-3.187734,48.139435],[-3.171189,48.145018],[-3.161705,48.181752],[-3.067291,48.18745],[-3.039178,48.170383],[-3.036818,48.154621],[-3.01147,48.141513],[-2.960984,48.154397],[-2.922036,48.145242],[-2.867351,48.122681],[-2.824256,48.128274],[-2.794839,48.101246],[-2.769591,48.091034],[-2.711226,48.098937],[-2.675383,48.114702],[-2.659319,48.099279],[-2.662358,48.063495],[-2.680344,48.041182],[-2.677723,48.027432],[-2.63276,48.010223],[-2.582997,48.045714],[-2.548975,48.056039],[-2.54997,48.079683],[-2.515448,48.110417],[-2.533744,48.140909],[-2.486729,48.139466],[-2.453578,48.148395],[-2.444983,48.158436],[-2.400597,48.153193],[-2.39299,48.139202],[-2.36748,48.125411],[-2.363497,48.105667],[-2.309931,48.106516],[-2.295937,48.120814],[-2.274414,48.117726],[-2.240947,48.092167],[-2.240588,48.045879],[-2.21736,48.056513],[-2.169137,48.06242],[-2.151169,48.044088],[-2.175676,48.031058],[-2.226355,48.032362],[-2.26594,48.004144],[-2.269312,47.966628],[-2.216702,47.9753],[-2.187167,47.970353],[-2.154809,47.955381],[-2.123072,47.959462],[-2.088515,47.934037],[-2.075259,47.908981],[-2.05458,47.892135],[-2.060477,47.877209],[-2.081695,47.873863],[-2.093586,47.851139],[-2.072487,47.831769],[-2.067092,47.811581],[-2.025427,47.828002],[-2.025378,47.808736],[-2.008677,47.800075],[-2.023111,47.783724],[-2.045104,47.777785],[-2.046921,47.755592],[-2.105652,47.724554],[-2.059932,47.726193],[-2.03247,47.700451],[-2.085066,47.698416],[-2.108974,47.683129],[-2.096174,47.670909],[-2.099556,47.641309],[-2.080289,47.635185],[-2.090678,47.606234],[-2.072402,47.587147],[-2.059697,47.576496],[-2.061665,47.556955],[-2.079288,47.542753],[-2.071631,47.524732],[-2.07365,47.484086],[-2.134054,47.471162],[-2.132029,47.444017],[-2.162638,47.438928],[-2.170629,47.460439],[-2.226827,47.440633],[-2.244858,47.461707],[-2.284547,47.44763],[-2.299234,47.43213],[-2.298869,47.409456],[-2.343022,47.399106],[-2.359991,47.408007],[-2.390464,47.400024],[-2.414825,47.422265],[-2.446753,47.4062],[-2.452026,47.391406],[-2.474093,47.385996],[-2.494408,47.40085],[-2.484821,47.418962],[-2.497457,47.43506],[-2.434033,47.442409],[-2.46032,47.458641],[-2.514638,47.473908],[-2.542215,47.47024],[-2.55152,47.459119],[-2.60487,47.462791],[-2.605102,47.478322],[-2.656291,47.487073],[-2.65577,47.476184],[-2.686595,47.440737],[-2.722652,47.450856],[-2.79458,47.438456],[-2.806612,47.429813],[-2.863568,47.442928],[-2.861633,47.45707],[-2.890824,47.48051],[-2.930826,47.48946],[-2.92676,47.507409],[-2.898718,47.510491],[-2.877054,47.487688],[-2.831586,47.494499],[-2.817335,47.502339],[-2.772081,47.483295],[-2.742495,47.499962],[-2.722842,47.525959],[-2.721849,47.543371],[-2.767323,47.564189],[-2.764194,47.588609],[-2.806908,47.571018],[-2.844856,47.564976],[-2.865798,47.570206],[-2.90482,47.553824],[-2.910867,47.530724],[-2.956075,47.545956],[-2.97034,47.527667],[-3.02713,47.513811],[-3.050119,47.53219],[-3.122021,47.511463],[-3.151895,47.516417],[-3.162266,47.477138],[-3.144942,47.438846],[-3.121324,47.424412],[-3.15801,47.415143],[-3.181671,47.446823],[-3.182065,47.472239],[-3.163737,47.494472],[-3.169283,47.527014],[-3.188985,47.555891],[-3.226241,47.571531],[-3.243178,47.591282],[-3.241545,47.615357],[-3.22307,47.635669],[-3.197903,47.633556],[-3.157455,47.660339],[-3.155323,47.679291],[-3.190574,47.693863],[-3.20836,47.690913],[-3.205471,47.656299],[-3.251477,47.61941],[-3.248679,47.596057],[-3.307644,47.631369],[-3.325575,47.654649],[-3.381423,47.662571],[-3.389876,47.683628],[-3.429998,47.655127],[-3.475584,47.656302],[-3.49905,47.647863],[-3.547152,47.683695],[-3.57104,47.713452],[-3.580565,47.739644],[-3.567445,47.763589],[-3.586979,47.775558],[-3.589554,47.796266],[-3.573521,47.810236],[-3.561593,47.79214],[-3.536994,47.783477],[-3.505578,47.797426],[-3.495895,47.824106],[-3.448383,47.828843],[-3.451323,47.882793],[-3.430733,47.891444],[-3.44604,47.910134],[-3.436335,47.924499],[-3.458056,47.943111],[-3.510439,47.915634],[-3.530123,47.919142],[-3.546957,47.945257],[-3.566213,47.943828],[-3.608002,47.962381],[-3.635407,47.955868],[-3.697366,47.953626],[-3.721027,47.990373],[-3.734519,48.031804],[-3.758597,48.034871],[-3.764068,48.061333],[-3.787895,48.069283],[-3.796503,48.088168]]]}},{"type":"Feature","properties":{"id":"CPAM MOSELLE","name":"CPAM MOSELLE","title":"CPAM MOSELLE","label":"CPAM MOSELLE","nom_court":"MOSELLE","organisme":"CPAM MOSELLE","type_zone":"zone_cpam","svg":"079_Moselle.svg","source_svg":"https://raw.githubusercontent.com/brenda-ramirez-santillan/carte-fr/refs/heads/main/079_Moselle.svg","canvas_element":"svg_079_moselle","canvas_left":912,"canvas_top":155,"canvas_width":111,"canvas_height":90.2750015258789,"label_longitude":6.500279,"label_latitude":49.039691,"centroid_longitude":6.626103,"centroid_latitude":49.060259,"fill":"#D9D9D9","stroke":"#A6A6A6","stroke_width":1,"modele":"Canvas utilisateur - geometrie issue des SVG et placement Canvas; conversion affine approximative vers WGS84"},"geometry":{"type":"Polygon","coordinates":[[[5.817536,49.542322],[5.866495,49.546858],[5.900034,49.536807],[5.911483,49.494262],[5.958935,49.499237],[5.988339,49.509775],[6.010526,49.508084],[6.059685,49.518675],[6.093018,49.550974],[6.199435,49.55807],[6.223313,49.551133],[6.241794,49.526621],[6.258536,49.526932],[6.313229,49.505145],[6.358683,49.513867],[6.37071,49.52178],[6.424417,49.509164],[6.513248,49.46263],[6.498757,49.444321],[6.522732,49.430832],[6.547793,49.427407],[6.52835,49.384961],[6.556944,49.3696],[6.549935,49.36091],[6.580166,49.339982],[6.602316,49.333069],[6.625323,49.296604],[6.650954,49.276994],[6.661766,49.249094],[6.687897,49.255016],[6.700413,49.238901],[6.679288,49.220219],[6.707938,49.194039],[6.756363,49.198957],[6.80902,49.181623],[6.836705,49.210596],[6.826719,49.233579],[6.809681,49.244971],[6.83287,49.256673],[6.862129,49.244936],[6.914904,49.25695],[6.940077,49.236798],[6.956206,49.244086],[6.981697,49.227775],[7.019093,49.22309],[7.012126,49.202321],[7.031705,49.169066],[7.040383,49.141665],[7.091294,49.171407],[7.148132,49.151368],[7.176709,49.161485],[7.200627,49.153924],[7.241289,49.160822],[7.280571,49.147387],[7.297459,49.148031],[7.330178,49.177279],[7.364892,49.17774],[7.36821,49.206583],[7.451266,49.219516],[7.462027,49.200541],[7.502795,49.204257],[7.500967,49.174849],[7.52554,49.153071],[7.539872,49.127788],[7.582055,49.10956],[7.614625,49.113465],[7.647384,49.099716],[7.651871,49.082781],[7.656889,49.077469],[7.624925,49.047799],[7.605749,49.018598],[7.592376,48.980103],[7.544959,48.954581],[7.511915,48.96579],[7.488384,48.983806],[7.458976,48.990623],[7.396605,48.974172],[7.361413,48.97918],[7.327781,48.963952],[7.293055,48.993628],[7.232056,49.010525],[7.203968,49.0022],[7.16697,49.029827],[7.12096,49.027729],[7.109244,49.062189],[7.09722,49.068695],[7.092696,49.101214],[7.055087,49.09332],[7.066249,49.075887],[7.041328,49.054876],[7.039411,49.030181],[7.02405,49.019089],[7.017733,48.975853],[6.972474,48.979741],[6.961711,48.951548],[6.937182,48.939765],[6.946786,48.920983],[6.972415,48.907003],[7.030864,48.888593],[7.037053,48.873613],[7.069565,48.878807],[7.075377,48.861525],[7.038241,48.859803],[7.041706,48.825334],[7.067802,48.825825],[7.077198,48.803068],[7.113981,48.815951],[7.138655,48.83385],[7.141434,48.858634],[7.190352,48.854316],[7.191241,48.841515],[7.224891,48.841409],[7.260102,48.809541],[7.290843,48.805706],[7.30696,48.779444],[7.286498,48.739387],[7.265244,48.721149],[7.258536,48.70004],[7.239708,48.697638],[7.263303,48.666628],[7.305157,48.66419],[7.269541,48.63263],[7.277996,48.627023],[7.254891,48.601838],[7.254829,48.588251],[7.215029,48.549929],[7.187863,48.545717],[7.162086,48.523162],[7.140183,48.522369],[7.105723,48.533249],[7.068881,48.532038],[7.04534,48.547486],[7.021251,48.578369],[6.979386,48.594621],[6.967106,48.611393],[6.943872,48.607483],[6.911374,48.636171],[6.885244,48.619429],[6.841561,48.619715],[6.820976,48.625596],[6.813103,48.643668],[6.785593,48.648132],[6.756135,48.643004],[6.729595,48.664753],[6.704878,48.665006],[6.656491,48.685803],[6.625343,48.711493],[6.603916,48.705905],[6.588752,48.717275],[6.562778,48.71927],[6.558373,48.733572],[6.526137,48.755355],[6.500798,48.759361],[6.470146,48.753863],[6.447536,48.771501],[6.409641,48.771649],[6.388422,48.796043],[6.347825,48.780728],[6.322245,48.791038],[6.280073,48.831768],[6.288763,48.843191],[6.236023,48.852639],[6.260004,48.874551],[6.24579,48.892365],[6.276207,48.918406],[6.235202,48.930065],[6.217939,48.947686],[6.19015,48.937658],[6.166005,48.953112],[6.118128,48.949091],[6.102534,48.957431],[6.070863,48.948641],[6.054661,48.983609],[6.017226,48.97836],[5.977313,48.993436],[5.978945,49.031583],[5.882094,49.073948],[5.851945,49.114144],[5.859159,49.132144],[5.928389,49.131151],[5.936287,49.137693],[5.911403,49.169809],[5.958427,49.191908],[5.933213,49.212829],[5.912773,49.214321],[5.917741,49.238792],[5.961603,49.261082],[5.96071,49.280063],[5.937585,49.292518],[5.931023,49.308443],[5.937116,49.342959],[5.914851,49.339897],[5.871375,49.370872],[5.890925,49.381786],[5.884028,49.399459],[5.859427,49.408389],[5.855929,49.441963],[5.837475,49.447782],[5.869219,49.472135],[5.865141,49.519169],[5.827564,49.528492],[5.817536,49.542322]]]}},{"type":"Feature","properties":{"id":"CPAM NIEVRE","name":"CPAM NIEVRE","title":"CPAM NIEVRE","label":"CPAM NIEVRE","nom_court":"NIEVRE","organisme":"CPAM NIEVRE","type_zone":"zone_cpam","svg":"080_Nievre.svg","source_svg":"https://raw.githubusercontent.com/brenda-ramirez-santillan/carte-fr/refs/heads/main/080_Nievre.svg","canvas_element":"svg_080_nievre","canvas_left":729,"canvas_top":323,"canvas_width":87.80000305175781,"canvas_height":85.92500305175781,"label_longitude":3.524096,"label_latitude":47.098385,"centroid_longitude":3.485776,"centroid_latitude":47.108813,"fill":"#D9D9D9","stroke":"#A6A6A6","stroke_width":1,"modele":"Canvas utilisateur - geometrie issue des SVG et placement Canvas; conversion affine approximative vers WGS84"},"geometry":{"type":"Polygon","coordinates":[[[2.794709,47.552039],[2.80368,47.568283],[2.838697,47.568723],[2.863403,47.582469],[2.910096,47.573606],[2.928862,47.586453],[2.973343,47.573847],[3.015817,47.586265],[3.038229,47.60398],[3.060795,47.606704],[3.09575,47.558138],[3.127514,47.53246],[3.169009,47.538446],[3.201578,47.50285],[3.240133,47.505544],[3.253867,47.518732],[3.311059,47.491731],[3.354344,47.501598],[3.371707,47.524517],[3.41366,47.523802],[3.467483,47.509074],[3.47154,47.579267],[3.484426,47.577004],[3.4939,47.545018],[3.535698,47.518398],[3.564611,47.513817],[3.564196,47.478931],[3.668287,47.458944],[3.706094,47.418165],[3.733241,47.407367],[3.769021,47.4178],[3.780694,47.401292],[3.815269,47.3905],[3.818676,47.414449],[3.842412,47.423062],[3.849821,47.449308],[3.878029,47.442781],[3.893972,47.422749],[3.862615,47.407297],[3.871485,47.376754],[3.887165,47.374336],[3.91027,47.392946],[3.947576,47.391177],[3.969844,47.375434],[3.978103,47.341055],[4.005722,47.32008],[4.036733,47.323202],[4.055234,47.349078],[4.117988,47.348662],[4.1378,47.345165],[4.143628,47.328638],[4.126549,47.315572],[4.128428,47.285718],[4.149284,47.241005],[4.194021,47.254878],[4.236213,47.223567],[4.249564,47.20081],[4.230555,47.182587],[4.227804,47.15462],[4.198444,47.149287],[4.151625,47.14081],[4.128151,47.144348],[4.129179,47.120193],[4.105518,47.114829],[4.071813,47.117486],[4.048083,47.073941],[4.079305,47.053815],[4.066954,47.027356],[4.065381,47.002762],[4.040752,46.987452],[4.002599,46.973492],[4.022896,46.960007],[4.049145,46.973502],[4.066402,46.943574],[4.047096,46.902635],[4.05843,46.883223],[4.074859,46.882106],[4.106825,46.856963],[4.114296,46.840463],[4.067374,46.82347],[4.074391,46.76645],[4.043538,46.764428],[3.969818,46.741243],[3.931642,46.712787],[3.888952,46.699933],[3.84525,46.692877],[3.82579,46.6748],[3.795536,46.672096],[3.781032,46.708583],[3.731026,46.725726],[3.668237,46.711011],[3.628674,46.71354],[3.618717,46.721988],[3.562185,46.721771],[3.585757,46.694864],[3.564029,46.685093],[3.53571,46.686024],[3.546041,46.658112],[3.53172,46.646239],[3.508013,46.654272],[3.470867,46.62677],[3.435908,46.618361],[3.427478,46.630132],[3.434176,46.651949],[3.412266,46.661585],[3.413432,46.681236],[3.364623,46.684076],[3.342283,46.659034],[3.321551,46.651695],[3.287099,46.65611],[3.273259,46.685204],[3.240508,46.685508],[3.183579,46.649405],[3.164344,46.646173],[3.12842,46.660403],[3.093176,46.695857],[3.044922,46.706651],[3.008158,46.728116],[2.990142,46.767011],[3.018717,46.801393],[3.029335,46.828764],[3.027732,46.854797],[3.008888,46.889579],[3.039264,46.93681],[3.021823,46.969213],[3.035262,47.004559],[3.021488,47.032157],[2.979835,47.050301],[2.988317,47.08194],[2.984721,47.120649],[2.96475,47.174376],[2.935566,47.218762],[2.937229,47.258744],[2.889215,47.288095],[2.857469,47.312565],[2.824854,47.323802],[2.821267,47.351985],[2.869425,47.414533],[2.881611,47.451001],[2.851486,47.490135],[2.836416,47.52249],[2.821839,47.534053],[2.794709,47.552039]]]}},{"type":"Feature","properties":{"id":"CPAM OISE","name":"CPAM OISE","title":"CPAM OISE","label":"CPAM OISE","nom_court":"OISE","organisme":"CPAM OISE","type_zone":"zone_cpam","svg":"081_Oise.svg","source_svg":"https://raw.githubusercontent.com/brenda-ramirez-santillan/carte-fr/refs/heads/main/081_Oise.svg","canvas_element":"svg_081_oise","canvas_left":658,"canvas_top":134,"canvas_width":93.5999984741211,"canvas_height":64.05000305175781,"label_longitude":2.368441,"label_latitude":49.421451,"centroid_longitude":2.38717,"centroid_latitude":49.413008,"fill":"#D9D9D9","stroke":"#A6A6A6","stroke_width":1,"modele":"Canvas utilisateur - geometrie issue des SVG et placement Canvas; conversion affine approximative vers WGS84"},"geometry":{"type":"Polygon","coordinates":[[[1.611692,49.710389],[1.638884,49.725144],[1.643235,49.748297],[1.670307,49.756999],[1.66623,49.770803],[1.710619,49.778084],[1.737084,49.774007],[1.766332,49.759107],[1.767891,49.725583],[1.826579,49.715884],[1.867893,49.737927],[1.926538,49.727394],[1.966341,49.729611],[2.001251,49.712393],[2.047122,49.712469],[2.065989,49.705513],[2.102834,49.720552],[2.167097,49.721234],[2.23818,49.707744],[2.270396,49.708285],[2.293529,49.68644],[2.328522,49.673229],[2.369368,49.678346],[2.407223,49.670051],[2.441497,49.636154],[2.470902,49.651341],[2.492603,49.645521],[2.5398,49.611548],[2.566616,49.627129],[2.594778,49.625731],[2.60135,49.59412],[2.6221,49.585167],[2.644255,49.595483],[2.644734,49.613657],[2.661792,49.641426],[2.716486,49.643996],[2.749602,49.630852],[2.778101,49.634969],[2.769271,49.656072],[2.780698,49.680839],[2.825572,49.677967],[2.840107,49.70464],[2.901527,49.725047],[2.937136,49.71251],[2.97922,49.731088],[3.0178,49.701944],[3.056376,49.736278],[3.114743,49.729581],[3.111981,49.686205],[3.093215,49.67733],[3.109083,49.650577],[3.088924,49.641186],[3.118916,49.621434],[3.137739,49.592423],[3.124253,49.588976],[3.129088,49.557616],[3.118324,49.533856],[3.092207,49.530472],[3.118548,49.504968],[3.103705,49.477976],[3.160048,49.460641],[3.162258,49.449072],[3.129935,49.439532],[3.096899,49.447341],[3.088753,49.379619],[3.072186,49.375219],[3.070116,49.35162],[3.0367,49.335165],[2.99313,49.341765],[2.954364,49.322437],[2.971699,49.297109],[3.02872,49.286028],[3.019027,49.257151],[3.033803,49.223869],[3.016816,49.211245],[2.994848,49.231391],[2.948395,49.221059],[2.961115,49.208581],[2.958162,49.184608],[2.994638,49.180727],[2.992513,49.208041],[3.044567,49.203136],[3.052653,49.191071],[3.100102,49.191244],[3.115009,49.182881],[3.119852,49.153572],[3.139147,49.144153],[3.091488,49.132782],[3.089601,49.118749],[3.067979,49.106746],[3.043345,49.07358],[3.001409,49.078866],[2.965799,49.061051],[2.888867,49.07182],[2.882001,49.062987],[2.841134,49.055355],[2.82958,49.070777],[2.773511,49.076392],[2.768514,49.060542],[2.733313,49.044995],[2.684032,49.050016],[2.648624,49.076451],[2.606594,49.094779],[2.56173,49.064165],[2.527631,49.083822],[2.455808,49.091908],[2.469792,49.103852],[2.436409,49.122569],[2.374826,49.140174],[2.351886,49.13688],[2.304469,49.149845],[2.267218,49.175681],[2.241529,49.147529],[2.205868,49.139907],[2.170155,49.169145],[2.13158,49.161546],[2.07974,49.180025],[2.042029,49.17812],[2.018854,49.198039],[1.940812,49.16276],[1.912533,49.171161],[1.898857,49.160237],[1.868093,49.160779],[1.819494,49.148334],[1.81083,49.157613],[1.777704,49.155813],[1.724976,49.171808],[1.682618,49.160262],[1.668883,49.166137],[1.660286,49.209605],[1.628958,49.22101],[1.63527,49.255179],[1.660527,49.2601],[1.691944,49.253995],[1.7185,49.238027],[1.732233,49.263574],[1.70382,49.292604],[1.695516,49.31405],[1.701986,49.329817],[1.686288,49.365228],[1.645141,49.393162],[1.638377,49.408363],[1.647816,49.434539],[1.67343,49.461679],[1.703294,49.474395],[1.701395,49.490218],[1.718284,49.50848],[1.698926,49.518305],[1.676846,49.499634],[1.643575,49.51314],[1.673622,49.544516],[1.65182,49.548527],[1.654535,49.569348],[1.638644,49.585258],[1.629034,49.61675],[1.645649,49.633527],[1.632124,49.659272],[1.649259,49.68713],[1.677601,49.696075],[1.65835,49.715296],[1.627457,49.6958],[1.611692,49.710389]]]}},{"type":"Feature","properties":{"id":"CPAM ORNE","name":"CPAM ORNE","title":"CPAM ORNE","label":"CPAM ORNE","nom_court":"ORNE","organisme":"CPAM ORNE","type_zone":"zone_cpam","svg":"082_Orne.svg","source_svg":"https://raw.githubusercontent.com/brenda-ramirez-santillan/carte-fr/refs/heads/main/082_Orne.svg","canvas_element":"svg_082_orne","canvas_left":504,"canvas_top":203,"canvas_width":116.07500457763672,"canvas_height":72.625,"label_longitude":0.01881,"label_latitude":48.561336,"centroid_longitude":0.104957,"centroid_latitude":48.605166,"fill":"#D9D9D9","stroke":"#A6A6A6","stroke_width":1,"modele":"Canvas utilisateur - geometrie issue des SVG et placement Canvas; conversion affine approximative vers WGS84"},"geometry":{"type":"Polygon","coordinates":[[[-0.93363,48.471527],[-0.920346,48.492398],[-0.87633,48.523036],[-0.843208,48.536747],[-0.83718,48.566035],[-0.819753,48.577745],[-0.82054,48.59977],[-0.842694,48.637054],[-0.802973,48.665276],[-0.862241,48.687407],[-0.889817,48.714807],[-0.922754,48.714202],[-0.914127,48.736949],[-0.891342,48.739087],[-0.85082,48.77369],[-0.779267,48.788896],[-0.747387,48.81143],[-0.771983,48.827119],[-0.759512,48.838236],[-0.688794,48.816974],[-0.6027,48.839708],[-0.549626,48.840687],[-0.523085,48.862661],[-0.48367,48.868252],[-0.460233,48.864751],[-0.436193,48.837736],[-0.39406,48.813329],[-0.373584,48.832771],[-0.375551,48.851089],[-0.339766,48.845004],[-0.305759,48.847196],[-0.215808,48.827149],[-0.18385,48.827531],[-0.119433,48.838643],[-0.092064,48.848135],[-0.062333,48.869847],[-0.020925,48.888237],[0.029131,48.900549],[0.044339,48.932],[0.069499,48.936015],[0.103857,48.953557],[0.134322,48.924682],[0.166856,48.941597],[0.224494,48.945821],[0.226939,48.961106],[0.256205,48.96746],[0.266927,48.95095],[0.29622,48.954867],[0.320163,48.944633],[0.346308,48.952929],[0.366423,48.97636],[0.396724,48.966893],[0.403844,48.953344],[0.380755,48.928366],[0.375993,48.910659],[0.41324,48.898388],[0.411703,48.887316],[0.446977,48.879028],[0.470648,48.8862],[0.498065,48.87712],[0.551036,48.874609],[0.577835,48.893906],[0.612614,48.851293],[0.609423,48.829349],[0.673527,48.80377],[0.694868,48.78968],[0.740101,48.780227],[0.768031,48.76186],[0.760049,48.752849],[0.785535,48.729732],[0.752404,48.707743],[0.776307,48.686586],[0.77431,48.663804],[0.793406,48.654642],[0.827696,48.658668],[0.840468,48.616868],[0.830989,48.601706],[0.861356,48.589644],[0.864564,48.568001],[0.883667,48.556637],[0.908463,48.555378],[0.958508,48.532741],[0.941567,48.519076],[0.988007,48.504882],[0.974706,48.483393],[0.97719,48.46059],[0.955575,48.453371],[0.979584,48.418614],[0.964503,48.389801],[0.96943,48.376183],[0.927907,48.341817],[0.901321,48.327359],[0.833012,48.319174],[0.798012,48.30962],[0.78065,48.289977],[0.809127,48.252589],[0.800572,48.225925],[0.845598,48.1764],[0.811408,48.155225],[0.776153,48.141453],[0.733546,48.158753],[0.70377,48.199013],[0.68268,48.218393],[0.659162,48.227752],[0.628157,48.208151],[0.581443,48.206917],[0.535974,48.212495],[0.52994,48.229027],[0.492272,48.251388],[0.484836,48.273565],[0.425688,48.272045],[0.399254,48.280368],[0.374336,48.300558],[0.374834,48.323031],[0.362618,48.38158],[0.372903,48.397197],[0.345666,48.432038],[0.287162,48.455403],[0.200653,48.447815],[0.171084,48.435075],[0.152528,48.438048],[0.130684,48.408774],[0.093811,48.406827],[0.075936,48.380068],[0.043895,48.376019],[0.037507,48.350972],[-0.006182,48.347762],[-0.024767,48.364376],[-0.075189,48.346955],[-0.085615,48.349281],[-0.088765,48.398468],[-0.083109,48.424692],[-0.140432,48.418342],[-0.179585,48.425775],[-0.203715,48.490049],[-0.180892,48.503032],[-0.206986,48.512672],[-0.246592,48.539945],[-0.275416,48.539168],[-0.304226,48.523737],[-0.282798,48.512443],[-0.305385,48.49803],[-0.314338,48.480905],[-0.365609,48.497014],[-0.384417,48.473204],[-0.41533,48.465052],[-0.495542,48.48667],[-0.531665,48.473613],[-0.559949,48.477944],[-0.586582,48.466565],[-0.607393,48.44431],[-0.658212,48.440664],[-0.713284,48.411755],[-0.729389,48.456048],[-0.767006,48.436096],[-0.796775,48.441776],[-0.802535,48.429487],[-0.78066,48.416713],[-0.824967,48.403383],[-0.848523,48.413293],[-0.846731,48.433806],[-0.867428,48.43357],[-0.93363,48.471527]]]}},{"type":"Feature","properties":{"id":"CPAM PARIS","name":"CPAM PARIS","title":"CPAM PARIS","label":"CPAM PARIS","nom_court":"PARIS","organisme":"CPAM PARIS","type_zone":"ile_de_france","svg":"083_Paris.svg","source_svg":"https://raw.githubusercontent.com/brenda-ramirez-santillan/carte-fr/refs/heads/main/083_Paris.svg","canvas_element":"svg_centre_idf_paris","canvas_left":692,"canvas_top":201,"canvas_width":14.375,"canvas_height":10,"label_longitude":2.274351,"label_latitude":48.953543,"centroid_longitude":2.296692,"centroid_latitude":48.947424,"fill":"#D9D9D9","stroke":"#A6A6A6","stroke_width":1,"modele":"Canvas utilisateur - geometrie issue des SVG et placement Canvas; conversion affine approximative vers WGS84"},"geometry":{"type":"Polygon","coordinates":[[[2.177278,48.943066],[2.184703,48.96402],[2.21133,48.979373],[2.230318,48.976212],[2.272523,49.006661],[2.337651,49.009062],[2.366533,48.967275],[2.369025,48.938254],[2.414888,48.929466],[2.41543,48.897894],[2.391235,48.896669],[2.353494,48.911089],[2.316894,48.893723],[2.284903,48.894505],[2.232097,48.915058],[2.177278,48.943066]]]}},{"type":"Feature","properties":{"id":"CPAM PAU","name":"CPAM PAU","title":"CPAM PAU","label":"CPAM PAU","nom_court":"PAU","organisme":"CPAM PAU","type_zone":"decoupage_cpam_special","svg":"084_Pau.svg","source_svg":"https://raw.githubusercontent.com/brenda-ramirez-santillan/carte-fr/refs/heads/main/084_Pau.svg","canvas_element":"svg_084_pau","canvas_left":504,"canvas_top":672,"canvas_width":59.025001525878906,"canvas_height":75.125,"label_longitude":-0.478946,"label_latitude":43.153384,"centroid_longitude":-0.488839,"centroid_latitude":43.189114,"fill":"#D9D9D9","stroke":"#A6A6A6","stroke_width":1,"modele":"Canvas utilisateur - geometrie issue des SVG et placement Canvas; conversion affine approximative vers WGS84"},"geometry":{"type":"Polygon","coordinates":[[[-0.914169,42.894807],[-0.916338,43.516403],[-0.912864,43.517605],[-0.869678,43.508745],[-0.85609,43.521131],[-0.792102,43.532672],[-0.777969,43.548939],[-0.725066,43.508102],[-0.70714,43.529695],[-0.675442,43.535936],[-0.601781,43.506126],[-0.566354,43.527475],[-0.555889,43.511216],[-0.506996,43.533048],[-0.503931,43.539435],[-0.443334,43.567746],[-0.425981,43.551573],[-0.457436,43.536874],[-0.445385,43.519835],[-0.397099,43.538901],[-0.34194,43.53235],[-0.323353,43.520875],[-0.289459,43.531013],[-0.260859,43.557065],[-0.225583,43.557462],[-0.191724,43.566363],[-0.185522,43.556195],[-0.152108,43.566991],[-0.138946,43.55322],[-0.098129,43.559428],[-0.072014,43.555496],[-0.063674,43.528864],[-0.037831,43.516239],[-0.012206,43.481934],[-0.021786,43.460573],[-0.005567,43.442049],[-0.038956,43.429816],[-0.042889,43.397515],[-0.014575,43.373812],[-0.005157,43.397172],[0.012859,43.409405],[0.040478,43.38653],[0.026307,43.356056],[0.024982,43.335203],[0.061622,43.306174],[0.041528,43.284025],[0.004516,43.288267],[-0.017716,43.257849],[-0.015832,43.241375],[0.013001,43.225829],[-0.017199,43.185149],[-0.045197,43.176813],[-0.040126,43.126816],[-0.092526,43.129954],[-0.101433,43.10593],[-0.122226,43.074687],[-0.148175,43.058891],[-0.169315,43.056432],[-0.16583,43.026963],[-0.177722,43.006889],[-0.17899,42.983924],[-0.204199,42.974329],[-0.241545,42.978916],[-0.246579,42.948937],[-0.270115,42.944546],[-0.275367,42.928842],[-0.263917,42.868012],[-0.311777,42.849727],[-0.290468,42.800589],[-0.297094,42.778775],[-0.305493,42.7658],[-0.33289,42.76435],[-0.354298,42.740896],[-0.380121,42.725654],[-0.397643,42.734234],[-0.434482,42.72209],[-0.503277,42.752382],[-0.519183,42.737821],[-0.517094,42.724447],[-0.539079,42.718105],[-0.546791,42.701516],[-0.567195,42.707121],[-0.565464,42.732435],[-0.590548,42.728511],[-0.602107,42.759542],[-0.649743,42.783211],[-0.681169,42.813904],[-0.702545,42.80883],[-0.730241,42.821031],[-0.740511,42.843048],[-0.730115,42.854586],[-0.758215,42.900903],[-0.796228,42.897843],[-0.819526,42.884198],[-0.877365,42.883231],[-0.913876,42.89486],[-0.914169,42.894807]],[[-0.090792,43.290848],[-0.085238,43.270358],[-0.04814,43.264349],[-0.035104,43.306287],[-0.056929,43.332248],[-0.078078,43.318639],[-0.064212,43.319001],[-0.0611,43.292543],[-0.090792,43.290848]],[[-0.10925646461712323,43.24562834123982],[-0.116954,43.226777],[-0.097216,43.196617],[-0.077377,43.196151],[-0.053019,43.216953],[-0.070283,43.241325],[-0.065981,43.257206],[-0.08686,43.267614],[-0.10925646461712323,43.24562834123982]]]}},{"type":"Feature","properties":{"id":"CPAM PUY-DE-DOME","name":"CPAM PUY-DE-DOME","title":"CPAM PUY-DE-DOME","label":"CPAM PUY-DE-DOME","nom_court":"PUY-DE-DOME","organisme":"CPAM PUY-DE-DOME","type_zone":"zone_cpam","svg":"085_Puy-de-Dome.svg","source_svg":"https://raw.githubusercontent.com/brenda-ramirez-santillan/carte-fr/refs/heads/main/085_Puy-de-Dome.svg","canvas_element":"svg_085_puydedome","canvas_left":701,"canvas_top":440,"canvas_width":101.4000015258789,"canvas_height":88.7750015258789,"label_longitude":3.066708,"label_latitude":45.747573,"centroid_longitude":3.128842,"centroid_latitude":45.700296,"fill":"#D9D9D9","stroke":"#A6A6A6","stroke_width":1,"modele":"Canvas utilisateur - geometrie issue des SVG et placement Canvas; conversion affine approximative vers WGS84"},"geometry":{"type":"Polygon","coordinates":[[[2.337238,45.803767],[2.351218,45.814638],[2.37772,45.811791],[2.423931,45.851772],[2.446693,45.843096],[2.4841,45.880548],[2.508875,45.925161],[2.527746,45.943821],[2.570962,45.957178],[2.553686,45.976367],[2.562035,46.023007],[2.52958,46.038633],[2.50894,46.074666],[2.507042,46.113235],[2.522584,46.138793],[2.601877,46.113187],[2.617194,46.121272],[2.638388,46.152885],[2.640338,46.170838],[2.680722,46.178229],[2.696106,46.195808],[2.685893,46.21186],[2.697936,46.224349],[2.755205,46.198797],[2.779926,46.196341],[2.793202,46.221398],[2.788571,46.234869],[2.809117,46.254837],[2.864927,46.257463],[2.913165,46.246436],[2.912556,46.223978],[2.888286,46.212278],[2.895445,46.191372],[2.88606,46.176983],[2.919348,46.167745],[2.950007,46.118391],[2.97315,46.120571],[2.997118,46.098162],[3.030348,46.096063],[3.075035,46.111321],[3.08476,46.090601],[3.114612,46.065867],[3.155041,46.060009],[3.17245,46.069444],[3.205471,46.070066],[3.22564,46.058103],[3.275457,46.060864],[3.329906,46.04954],[3.366574,46.049015],[3.382634,46.060203],[3.420539,46.070434],[3.435394,46.056594],[3.456924,46.059493],[3.472096,46.017182],[3.486318,46.006623],[3.542307,46.016074],[3.549367,46.008507],[3.612591,46.008694],[3.654694,45.955488],[3.692004,45.948726],[3.710253,45.919894],[3.741242,45.910664],[3.773892,45.87289],[3.749944,45.855975],[3.743573,45.810338],[3.729237,45.781131],[3.707272,45.773209],[3.749792,45.755073],[3.7457,45.734623],[3.778926,45.7247],[3.804404,45.683208],[3.798351,45.6664],[3.847469,45.604799],[3.887761,45.594746],[3.911977,45.573719],[3.931866,45.569867],[3.965557,45.546462],[3.985394,45.524554],[3.976606,45.512357],[3.996633,45.468783],[4.017233,45.459247],[3.998595,45.435942],[4.005098,45.424598],[3.991919,45.405485],[3.927929,45.370093],[3.917529,45.353335],[3.926263,45.313746],[3.897174,45.312274],[3.863429,45.322574],[3.860855,45.333508],[3.8289,45.350344],[3.808717,45.327657],[3.813311,45.309807],[3.794678,45.304755],[3.724782,45.316597],[3.697381,45.341321],[3.679905,45.317307],[3.633155,45.29181],[3.603351,45.312319],[3.600869,45.331366],[3.57454,45.352075],[3.53016,45.359786],[3.509467,45.386324],[3.486845,45.37936],[3.469911,45.358929],[3.379256,45.358567],[3.356617,45.380419],[3.323421,45.363029],[3.304437,45.376819],[3.288068,45.357977],[3.214772,45.333381],[3.159287,45.304886],[3.091391,45.306793],[3.068543,45.287449],[3.046017,45.281394],[3.044311,45.255953],[3.005672,45.243917],[3.002044,45.235112],[2.948384,45.256057],[2.929675,45.257817],[2.91086,45.280732],[2.899132,45.317544],[2.862873,45.335934],[2.843374,45.328556],[2.826493,45.345639],[2.773375,45.345972],[2.733749,45.338116],[2.711964,45.346121],[2.682595,45.333568],[2.653326,45.359604],[2.641991,45.394249],[2.628277,45.388986],[2.603305,45.401079],[2.551432,45.405427],[2.502244,45.434323],[2.465122,45.435112],[2.473786,45.483135],[2.47319,45.514457],[2.446439,45.521701],[2.417907,45.557931],[2.433134,45.571929],[2.438222,45.605191],[2.474146,45.605663],[2.481854,45.624382],[2.468814,45.637576],[2.483396,45.65419],[2.477524,45.676832],[2.447042,45.709348],[2.407639,45.733728],[2.387354,45.740073],[2.378775,45.768942],[2.337238,45.803767]]]}},{"type":"Feature","properties":{"id":"CPAM PYRENEES-ORIENTALES","name":"CPAM PYRENEES-ORIENTALES","title":"CPAM PYRENEES-ORIENTALES","label":"CPAM PYRENEES-ORIENTALES","nom_court":"PYRENEES-ORIENTALES","organisme":"CPAM PYRENEES-ORIENTALES","type_zone":"zone_cpam","svg":"086_Pyrenees-Orient.svg","source_svg":"https://raw.githubusercontent.com/brenda-ramirez-santillan/carte-fr/refs/heads/main/086_Pyrenees-Orient.svg","canvas_element":"svg_086_pyreneesorient","canvas_left":662,"canvas_top":730,"canvas_width":91.95000457763672,"canvas_height":53.650001525878906,"label_longitude":2.524294,"label_latitude":42.600631,"centroid_longitude":2.53856,"centroid_latitude":42.577459,"fill":"#D9D9D9","stroke":"#A6A6A6","stroke_width":1,"modele":"Canvas utilisateur - geometrie issue des SVG et placement Canvas; conversion affine approximative vers WGS84"},"geometry":{"type":"Polygon","coordinates":[[[1.703128,42.485846],[1.713145,42.520919],[1.732926,42.5362],[1.765823,42.545617],[1.781475,42.544395],[1.816934,42.556347],[1.8587,42.5543],[1.893079,42.583261],[1.923415,42.580009],[1.94019,42.593723],[1.961355,42.592598],[1.987135,42.638122],[2.010163,42.631199],[2.039796,42.642102],[2.107544,42.645018],[2.124236,42.651745],[2.164942,42.643066],[2.175656,42.631045],[2.24949,42.661755],[2.258562,42.678994],[2.302545,42.68295],[2.32875,42.690268],[2.365839,42.714587],[2.360592,42.748262],[2.350527,42.761827],[2.351452,42.789183],[2.340587,42.79248],[2.333645,42.827408],[2.391497,42.839351],[2.465447,42.827516],[2.516941,42.842798],[2.547295,42.834661],[2.569554,42.838344],[2.618455,42.828444],[2.689046,42.828302],[2.705189,42.822068],[2.766987,42.829109],[2.782855,42.844934],[2.79092,42.867966],[2.819122,42.891703],[2.847832,42.896054],[2.867075,42.909156],[2.899174,42.915737],[2.915175,42.897923],[2.942994,42.892124],[2.954374,42.880643],[3.01602,42.865483],[3.086866,42.831845],[3.082548,42.79126],[3.082161,42.71867],[3.078946,42.662697],[3.080889,42.60754],[3.089532,42.574258],[3.094338,42.527282],[3.102286,42.513645],[3.133634,42.499888],[3.153327,42.501611],[3.187542,42.490464],[3.17164,42.47997],[3.182399,42.454865],[3.203329,42.451288],[3.207932,42.431911],[3.22574,42.406773],[3.169633,42.409059],[3.132474,42.395664],[3.094093,42.427242],[3.085321,42.445809],[3.055721,42.438665],[3.030788,42.44627],[3.009887,42.437661],[2.986735,42.454481],[2.963118,42.429605],[2.899009,42.434892],[2.875783,42.42932],[2.847921,42.408317],[2.831586,42.386846],[2.802973,42.380139],[2.783151,42.393792],[2.744379,42.388849],[2.699699,42.37135],[2.680714,42.354236],[2.697847,42.304346],[2.634253,42.30999],[2.599017,42.321581],[2.574615,42.31719],[2.559389,42.295823],[2.517569,42.305294],[2.499344,42.301754],[2.483059,42.322058],[2.447156,42.341097],[2.449245,42.353572],[2.358435,42.372028],[2.313962,42.395123],[2.298669,42.388903],[2.261102,42.405072],[2.250586,42.395562],[2.202666,42.381361],[2.15563,42.388678],[2.126778,42.37697],[2.112443,42.344701],[2.085576,42.33576],[2.07936,42.324075],[2.016196,42.315865],[1.976652,42.322886],[1.949871,42.35436],[1.947377,42.388314],[1.929955,42.394171],[1.923124,42.419429],[1.903512,42.411637],[1.870711,42.414635],[1.866441,42.425637],[1.833181,42.433512],[1.826355,42.443871],[1.783943,42.456795],[1.742105,42.453721],[1.708394,42.459794],[1.703128,42.485846]],[[1.948867,42.419215],[1.97154,42.413262],[2.004496,42.414288],[1.976886,42.443149],[1.949078,42.437399],[1.948867,42.419215]]]}},{"type":"Feature","properties":{"id":"CPAM RHONE","name":"CPAM RHONE","title":"CPAM RHONE","label":"CPAM RHONE","nom_court":"RHONE","organisme":"CPAM RHONE","type_zone":"zone_cpam","svg":"087_Rhone.svg","source_svg":"https://raw.githubusercontent.com/brenda-ramirez-santillan/carte-fr/refs/heads/main/087_Rhone.svg","canvas_element":"svg_087_rhone","canvas_left":815,"canvas_top":436,"canvas_width":57.775001525878906,"canvas_height":77.9749984741211,"label_longitude":4.61197,"label_latitude":45.862528,"centroid_longitude":4.636306,"centroid_latitude":45.854957,"fill":"#D9D9D9","stroke":"#A6A6A6","stroke_width":1,"modele":"Canvas utilisateur - geometrie issue des SVG et placement Canvas; conversion affine approximative vers WGS84"},"geometry":{"type":"Polygon","coordinates":[[[4.224008,45.984224],[4.27801,45.980184],[4.290506,45.995351],[4.237481,46.02663],[4.229152,46.04493],[4.262197,46.045936],[4.287238,46.073789],[4.283463,46.097376],[4.299567,46.126208],[4.34159,46.136181],[4.361184,46.148498],[4.393297,46.134493],[4.422393,46.167703],[4.377549,46.189976],[4.405479,46.204309],[4.369124,46.222363],[4.373136,46.268129],[4.387476,46.303153],[4.442701,46.304394],[4.474366,46.295043],[4.490761,46.273053],[4.525703,46.276164],[4.547189,46.302344],[4.577463,46.275131],[4.611166,46.271173],[4.609483,46.287904],[4.648941,46.312296],[4.684827,46.310199],[4.704593,46.292648],[4.675276,46.264999],[4.73444,46.239455],[4.718578,46.226833],[4.733982,46.214696],[4.71894,46.196715],[4.729137,46.180311],[4.757472,46.173982],[4.78135,46.17877],[4.804723,46.157948],[4.799598,46.140797],[4.748261,46.089138],[4.762283,46.064578],[4.739503,46.038767],[4.745756,46.028472],[4.755101,45.962375],[4.728483,45.937723],[4.737169,45.9262],[4.773341,45.927501],[4.791055,45.91144],[4.809247,45.908996],[4.808623,45.882287],[4.853603,45.900119],[4.887981,45.883566],[4.891335,45.865414],[4.917824,45.859307],[4.909677,45.844701],[4.92539,45.829035],[4.927866,45.788387],[4.974874,45.792786],[5.02782,45.786792],[5.060728,45.794025],[5.119863,45.796048],[5.107621,45.765195],[5.076085,45.773191],[5.085682,45.745194],[5.111658,45.745976],[5.113258,45.717797],[5.14636,45.716332],[5.18158,45.685756],[5.151771,45.684406],[5.127748,45.66346],[5.076774,45.638948],[5.075259,45.626406],[5.051241,45.609314],[5.054414,45.585913],[5.019347,45.594251],[5.012294,45.573369],[4.98495,45.583049],[4.93827,45.575434],[4.910874,45.575893],[4.872038,45.562304],[4.859819,45.546663],[4.833865,45.556079],[4.81352,45.539481],[4.846646,45.508949],[4.872226,45.502784],[4.876525,45.488096],[4.84801,45.463794],[4.786121,45.433442],[4.779513,45.414369],[4.759554,45.415853],[4.741027,45.448444],[4.722518,45.456611],[4.699879,45.439418],[4.659417,45.448215],[4.64744,45.49206],[4.683567,45.519949],[4.670204,45.536641],[4.633135,45.510383],[4.620689,45.535105],[4.576266,45.540889],[4.56118,45.550062],[4.511269,45.538523],[4.490332,45.551871],[4.435874,45.57468],[4.426403,45.591733],[4.394624,45.600645],[4.374959,45.633192],[4.347868,45.641785],[4.356041,45.684867],[4.38127,45.726891],[4.355547,45.724715],[4.33009,45.747666],[4.357914,45.759205],[4.35812,45.804233],[4.378995,45.841797],[4.338085,45.849818],[4.322133,45.859642],[4.302138,45.887849],[4.325416,45.900067],[4.32513,45.913544],[4.271156,45.940039],[4.275511,45.953036],[4.224008,45.984224]]]}},{"type":"Feature","properties":{"id":"CPAM ROUBAIX-TOURCOING","name":"CPAM ROUBAIX-TOURCOING","title":"CPAM ROUBAIX-TOURCOING","label":"CPAM ROUBAIX-TOURCOING","nom_court":"ROUBAIX-TOURCOING","organisme":"CPAM ROUBAIX-TOURCOING","type_zone":"decoupage_cpam_special","svg":"088_Roubaix-Tcg.svg","source_svg":"https://raw.githubusercontent.com/brenda-ramirez-santillan/carte-fr/refs/heads/main/088_Roubaix-Tcg.svg","canvas_element":"svg_088_roubaixtcg","canvas_left":737,"canvas_top":41,"canvas_width":18.700000762939453,"canvas_height":15.40000057220459,"label_longitude":3.037135,"label_latitude":50.767428,"centroid_longitude":3.050218,"centroid_latitude":50.75139,"fill":"#D9D9D9","stroke":"#A6A6A6","stroke_width":1,"modele":"Canvas utilisateur - geometrie issue des SVG et placement Canvas; conversion affine approximative vers WGS84"},"geometry":{"type":"Polygon","coordinates":[[[2.916249,50.678233],[2.91577,50.815536],[2.941737,50.827743],[2.9881,50.838676],[3.020373,50.829737],[3.046496,50.856337],[3.095003,50.841549],[3.150823,50.781089],[3.165842,50.753767],[3.204656,50.753684],[3.220875,50.737958],[3.225739,50.709707],[3.20067,50.683186],[3.202002,50.679633],[2.916249,50.678233]]]}},{"type":"Feature","properties":{"id":"CPAM ROUEN-ELBEUF-DIEPPE","name":"CPAM ROUEN-ELBEUF-DIEPPE","title":"CPAM ROUEN-ELBEUF-DIEPPE","label":"CPAM ROUEN-ELBEUF-DIEPPE","nom_court":"ROUEN-ELBEUF-DIEPPE","organisme":"CPAM ROUEN-ELBEUF-DIEPPE","type_zone":"decoupage_cpam_special","svg":"089_Rouen-Elb-Dieppe.svg","source_svg":"https://raw.githubusercontent.com/brenda-ramirez-santillan/carte-fr/refs/heads/main/089_Rouen-Elb-Dieppe.svg","canvas_element":"svg_089_rouenelbdieppe","canvas_left":594,"canvas_top":107,"canvas_width":75.5999984741211,"canvas_height":75.20000457763672,"label_longitude":1.139628,"label_latitude":49.653841,"centroid_longitude":1.161895,"centroid_latitude":49.657648,"fill":"#D9D9D9","stroke":"#A6A6A6","stroke_width":1,"modele":"Canvas utilisateur - geometrie issue des SVG et placement Canvas; conversion affine approximative vers WGS84"},"geometry":{"type":"Polygon","coordinates":[[[0.553164,49.405304],[0.551593,49.855455],[0.595767,49.864986],[0.663137,49.873939],[0.675388,49.871287],[0.75234,49.877999],[0.796035,49.892875],[0.840284,49.898465],[0.898203,49.911504],[0.933274,49.925576],[0.993079,49.9219],[1.083544,49.94419],[1.188307,49.983604],[1.230882,50.006873],[1.321096,50.062204],[1.372682,50.082189],[1.401851,50.073128],[1.416882,50.087787],[1.4543,50.079131],[1.44706,50.055525],[1.490386,50.031923],[1.514891,50.025561],[1.525835,50.009696],[1.575283,49.98595],[1.59654,49.959728],[1.685443,49.927432],[1.701134,49.903652],[1.718955,49.897084],[1.74783,49.811364],[1.769534,49.782456],[1.796852,49.758776],[1.752494,49.751496],[1.756574,49.737677],[1.729505,49.728973],[1.725144,49.705806],[1.697972,49.691045],[1.713731,49.67645],[1.744616,49.695962],[1.763858,49.676731],[1.735515,49.667779],[1.718402,49.639904],[1.731922,49.614146],[1.715308,49.597365],[1.724906,49.565859],[1.740795,49.54994],[1.738089,49.529103],[1.759869,49.525093],[1.729839,49.493697],[1.763103,49.480185],[1.785169,49.498872],[1.804515,49.489037],[1.787633,49.470764],[1.789527,49.454932],[1.759681,49.442212],[1.734081,49.415057],[1.724648,49.388875],[1.667223,49.377753],[1.626965,49.393847],[1.612134,49.390048],[1.579622,49.420463],[1.529324,49.422599],[1.50329,49.418329],[1.475518,49.432224],[1.371724,49.438171],[1.336777,49.428087],[1.326478,49.412853],[1.299411,49.407443],[1.297883,49.372104],[1.282239,49.371639],[1.27482,49.337926],[1.260278,49.319969],[1.183385,49.324376],[1.142642,49.314852],[1.117157,49.296849],[1.115149,49.280677],[1.071955,49.280605],[1.025019,49.266292],[1.042095,49.25077],[1.031256,49.23608],[0.98846,49.219101],[0.931724,49.254675],[0.907549,49.292218],[0.861219,49.272258],[0.860156,49.286543],[0.829351,49.297892],[0.833451,49.313667],[0.855905,49.317598],[0.89149,49.309974],[0.887862,49.35962],[0.853374,49.357396],[0.827598,49.369792],[0.791541,49.369287],[0.767242,49.392046],[0.73582,49.393408],[0.621933,49.375822],[0.616084,49.390803],[0.589031,49.410029],[0.559753,49.403786],[0.553164,49.405304]]]}},{"type":"Feature","properties":{"id":"CPAM SAONE-ET-LOIRE","name":"CPAM SAONE-ET-LOIRE","title":"CPAM SAONE-ET-LOIRE","label":"CPAM SAONE-ET-LOIRE","nom_court":"SAONE-ET-LOIRE","organisme":"CPAM SAONE-ET-LOIRE","type_zone":"zone_cpam","svg":"090_Saone-Loire.svg","source_svg":"https://raw.githubusercontent.com/brenda-ramirez-santillan/carte-fr/refs/heads/main/090_Saone-Loire.svg","canvas_element":"svg_090_saoneloire","canvas_left":775,"canvas_top":361,"canvas_width":116.4749984741211,"canvas_height":91.7249984741211,"label_longitude":4.544273,"label_latitude":46.640222,"centroid_longitude":4.520622,"centroid_latitude":46.635591,"fill":"#D9D9D9","stroke":"#A6A6A6","stroke_width":1,"modele":"Canvas utilisateur - geometrie issue des SVG et placement Canvas; conversion affine approximative vers WGS84"},"geometry":{"type":"Polygon","coordinates":[[[3.559119,46.741637],[3.56906,46.733187],[3.60862,46.730665],[3.671396,46.745369],[3.7214,46.728237],[3.735894,46.691746],[3.766141,46.694452],[3.785613,46.712516],[3.829305,46.71958],[3.871993,46.732441],[3.910152,46.760882],[3.98385,46.784074],[4.014698,46.786096],[4.00769,46.843109],[4.054607,46.860092],[4.047144,46.876599],[4.01518,46.901737],[3.998748,46.902861],[3.987418,46.922255],[4.006733,46.963192],[3.989465,46.993127],[3.963228,46.979627],[3.942934,46.993111],[3.981067,47.00707],[4.005696,47.022381],[4.007268,47.046974],[4.019615,47.073428],[3.9884,47.093549],[4.012123,47.137088],[4.04582,47.134431],[4.069482,47.1398],[4.109278,47.130704],[4.128337,47.133852],[4.144283,47.151064],[4.138725,47.168891],[4.168095,47.174224],[4.194724,47.164048],[4.215229,47.134067],[4.234912,47.124872],[4.315097,47.113077],[4.309787,47.087101],[4.370069,47.09822],[4.375105,47.06368],[4.398323,47.05299],[4.425062,47.055257],[4.461293,47.045118],[4.480857,47.025289],[4.531433,47.032756],[4.551447,46.983471],[4.56823,46.964844],[4.60369,46.949257],[4.631977,46.949872],[4.662485,46.938351],[4.647235,46.921259],[4.669324,46.907297],[4.7011,46.913859],[4.714109,46.927103],[4.769245,46.926115],[4.777525,46.940647],[4.888353,46.961613],[4.890573,46.977563],[4.923619,46.979099],[4.994093,46.970576],[5.003455,46.984362],[5.051687,46.994598],[5.080115,46.97125],[5.10537,46.967759],[5.13068,46.976075],[5.174742,46.97645],[5.19113,46.988125],[5.23331,47.003183],[5.268285,46.993862],[5.273617,46.95758],[5.289008,46.946292],[5.324459,46.949129],[5.322791,46.935635],[5.345904,46.899354],[5.382394,46.892166],[5.411162,46.90406],[5.424485,46.899454],[5.422887,46.87655],[5.440311,46.868128],[5.483369,46.86301],[5.487125,46.847712],[5.472543,46.832294],[5.431426,46.83873],[5.346053,46.817573],[5.350686,46.799764],[5.371658,46.796791],[5.411264,46.770147],[5.386025,46.752509],[5.380566,46.731003],[5.414802,46.728687],[5.429752,46.69409],[5.416757,46.682569],[5.444916,46.66999],[5.43806,46.650857],[5.465063,46.632522],[5.439902,46.609028],[5.428013,46.573222],[5.390088,46.571619],[5.379329,46.51043],[5.406294,46.503215],[5.430475,46.486855],[5.438981,46.458421],[5.39439,46.444397],[5.341851,46.446688],[5.328451,46.429963],[5.270851,46.435146],[5.227923,46.452323],[5.21314,46.494437],[5.183174,46.499818],[5.145934,46.49527],[5.114585,46.476703],[5.061025,46.467984],[5.03085,46.478049],[5.006106,46.495748],[4.933818,46.499432],[4.912834,46.472566],[4.913152,46.447664],[4.888042,46.420555],[4.88438,46.381459],[4.845908,46.331833],[4.847382,46.302139],[4.825475,46.268894],[4.819386,46.245473],[4.803705,46.229667],[4.800376,46.205361],[4.786582,46.185549],[4.771636,46.141408],[4.747722,46.136619],[4.719371,46.142949],[4.709151,46.159357],[4.724207,46.177346],[4.708797,46.189491],[4.724681,46.202105],[4.665448,46.227658],[4.694798,46.255305],[4.67501,46.27286],[4.639096,46.274969],[4.59959,46.250569],[4.601289,46.233823],[4.567547,46.237791],[4.537254,46.265009],[4.515747,46.238827],[4.480778,46.235706],[4.464368,46.257708],[4.432672,46.267066],[4.377389,46.265822],[4.363029,46.230786],[4.359024,46.185018],[4.331846,46.159285],[4.283108,46.134101],[4.258482,46.134455],[4.24751,46.117595],[4.221513,46.118197],[4.221681,46.147245],[4.187325,46.139942],[4.169617,46.157676],[4.145056,46.150346],[4.149211,46.136721],[4.091315,46.138763],[4.060403,46.160914],[4.005641,46.142962],[3.983104,46.130242],[3.931844,46.136935],[3.922028,46.164804],[3.859978,46.168949],[3.835306,46.176841],[3.855412,46.222697],[3.844971,46.241884],[3.859647,46.263942],[3.895545,46.271284],[3.898067,46.289446],[3.936408,46.288143],[3.941467,46.341547],[3.926219,46.372792],[3.945977,46.402686],[3.937579,46.411185],[3.947882,46.442999],[3.905598,46.468488],[3.864598,46.474968],[3.834686,46.459145],[3.804468,46.470445],[3.807392,46.489138],[3.781215,46.497318],[3.77511,46.511642],[3.741231,46.499584],[3.705081,46.519639],[3.678141,46.520035],[3.667267,46.530636],[3.679356,46.547545],[3.667948,46.589199],[3.648458,46.598712],[3.646554,46.619483],[3.630469,46.647922],[3.600995,46.661456],[3.582394,46.692388],[3.568185,46.69697],[3.559119,46.741637]]]}},{"type":"Feature","properties":{"id":"CPAM SARTHE","name":"CPAM SARTHE","title":"CPAM SARTHE","label":"CPAM SARTHE","nom_court":"SARTHE","organisme":"CPAM SARTHE","type_zone":"zone_cpam","svg":"091_Sarthe.svg","source_svg":"https://raw.githubusercontent.com/brenda-ramirez-santillan/carte-fr/refs/heads/main/091_Sarthe.svg","canvas_element":"svg_091_sarthe","canvas_left":530,"canvas_top":246,"canvas_width":86.5,"canvas_height":83.7750015258789,"label_longitude":0.229678,"label_latitude":48.005277,"centroid_longitude":0.204278,"centroid_latitude":47.965913,"fill":"#D9D9D9","stroke":"#A6A6A6","stroke_width":1,"modele":"Canvas utilisateur - geometrie issue des SVG et placement Canvas; conversion affine approximative vers WGS84"},"geometry":{"type":"Polygon","coordinates":[[[-0.500793,47.790304],[-0.460433,47.81818],[-0.423614,47.818302],[-0.426456,47.848873],[-0.456122,47.85479],[-0.458221,47.87374],[-0.446834,47.889803],[-0.424633,47.897064],[-0.385961,47.895448],[-0.340784,47.909418],[-0.32749,47.924495],[-0.362764,47.974147],[-0.387948,47.980743],[-0.36417,48.016309],[-0.316114,48.037869],[-0.273501,48.031456],[-0.267269,48.047376],[-0.281559,48.059085],[-0.258423,48.089483],[-0.297831,48.113415],[-0.293812,48.135214],[-0.240287,48.157883],[-0.18558,48.186447],[-0.183904,48.206806],[-0.200554,48.222152],[-0.202109,48.24459],[-0.176699,48.280096],[-0.194173,48.301771],[-0.195971,48.328002],[-0.170768,48.333309],[-0.176834,48.351989],[-0.149744,48.365763],[-0.113592,48.360398],[-0.089152,48.374276],[-0.078733,48.371943],[-0.028312,48.389373],[-0.009724,48.372753],[0.033945,48.37596],[0.040344,48.401014],[0.072396,48.405071],[0.090262,48.431833],[0.127132,48.43379],[0.148969,48.463072],[0.167526,48.460092],[0.197097,48.472845],[0.283597,48.480432],[0.342094,48.457057],[0.369326,48.422204],[0.359041,48.406582],[0.371246,48.348012],[0.370766,48.325535],[0.395669,48.305327],[0.422121,48.296998],[0.481262,48.298524],[0.488686,48.276346],[0.526357,48.253969],[0.532371,48.237433],[0.57786,48.231853],[0.624571,48.233086],[0.655566,48.2527],[0.67907,48.243325],[0.700176,48.223947],[0.729932,48.183671],[0.772541,48.166358],[0.807793,48.180143],[0.849038,48.151277],[0.875548,48.151223],[0.927827,48.13247],[0.930169,48.117943],[0.865774,48.116025],[0.853944,48.083635],[0.855961,48.05144],[0.811972,48.050037],[0.808274,48.013739],[0.853531,47.996815],[0.845043,47.97089],[0.830648,47.963049],[0.850702,47.941386],[0.859024,47.912465],[0.829246,47.90506],[0.820928,47.879812],[0.790814,47.879365],[0.76651,47.858915],[0.784831,47.804507],[0.754033,47.790126],[0.732681,47.761069],[0.655467,47.714507],[0.623346,47.706115],[0.61385,47.685591],[0.581215,47.668701],[0.616942,47.649704],[0.617385,47.63757],[0.585845,47.622413],[0.559701,47.62466],[0.543657,47.609522],[0.514433,47.607544],[0.495109,47.596762],[0.451181,47.590262],[0.444207,47.569588],[0.416846,47.567871],[0.387675,47.592084],[0.354506,47.576225],[0.388608,47.542497],[0.394566,47.526143],[0.369254,47.515448],[0.328314,47.526832],[0.310877,47.541064],[0.26346,47.545465],[0.243698,47.561114],[0.212952,47.55689],[0.16644,47.564423],[0.165568,47.547254],[0.118199,47.538132],[0.092739,47.553472],[0.025385,47.553973],[-0.011073,47.569241],[-0.033826,47.597271],[-0.0866,47.597785],[-0.10461,47.608229],[-0.142277,47.604782],[-0.172186,47.58217],[-0.194353,47.594235],[-0.232242,47.59654],[-0.234282,47.61078],[-0.260822,47.640538],[-0.239933,47.646008],[-0.221081,47.66538],[-0.242222,47.678338],[-0.280625,47.655917],[-0.33089,47.671639],[-0.380704,47.673345],[-0.423761,47.692288],[-0.430957,47.714804],[-0.424381,47.721903],[-0.437955,47.762143],[-0.486215,47.765855],[-0.500793,47.790304]]]}},{"type":"Feature","properties":{"id":"CPAM SAVOIE","name":"CPAM SAVOIE","title":"CPAM SAVOIE","label":"CPAM SAVOIE","nom_court":"SAVOIE","organisme":"CPAM SAVOIE","type_zone":"zone_cpam","svg":"092_Savoie.svg","source_svg":"https://raw.githubusercontent.com/brenda-ramirez-santillan/carte-fr/refs/heads/main/092_Savoie.svg","canvas_element":"svg_092_savoie","canvas_left":895,"canvas_top":467,"canvas_width":99.2249984741211,"canvas_height":81.4000015258789,"label_longitude":6.346306,"label_latitude":45.49467,"centroid_longitude":6.412929,"centroid_latitude":45.476475,"fill":"#D9D9D9","stroke":"#A6A6A6","stroke_width":1,"modele":"Canvas utilisateur - geometrie issue des SVG et placement Canvas; conversion affine approximative vers WGS84"},"geometry":{"type":"Polygon","coordinates":[[[5.549819,45.605963],[5.550542,45.615469],[5.588099,45.642537],[5.619275,45.653083],[5.616952,45.673869],[5.639288,45.689737],[5.63475,45.719188],[5.690052,45.717141],[5.718144,45.754922],[5.713741,45.773793],[5.721354,45.82379],[5.738958,45.872729],[5.764929,45.929673],[5.767646,45.960538],[5.800162,45.95429],[5.807691,45.90615],[5.818157,45.877535],[5.812583,45.859544],[5.854421,45.81887],[5.906545,45.828224],[5.925731,45.810166],[5.918414,45.788302],[5.957275,45.7622],[5.991172,45.750735],[6.001406,45.760831],[6.033175,45.751869],[6.080524,45.764511],[6.096259,45.774963],[6.133636,45.759959],[6.15176,45.744364],[6.145464,45.712778],[6.18985,45.713258],[6.198358,45.694951],[6.24068,45.694005],[6.266881,45.703645],[6.292032,45.703477],[6.349724,45.793709],[6.392835,45.82086],[6.413609,45.865368],[6.440569,45.906951],[6.464912,45.91269],[6.487003,45.92805],[6.533256,45.916298],[6.548278,45.899937],[6.543632,45.8847],[6.513209,45.884212],[6.526714,45.846223],[6.553037,45.835443],[6.578907,45.813197],[6.641269,45.817395],[6.670644,45.788179],[6.667879,45.771225],[6.681148,45.758522],[6.674061,45.741078],[6.695154,45.737072],[6.72459,45.761221],[6.740825,45.783241],[6.790245,45.796194],[6.79665,45.739933],[6.838164,45.702288],[6.900051,45.686916],[6.895492,45.675449],[6.929722,45.658011],[6.963439,45.665548],[6.999271,45.650743],[6.985823,45.63474],[6.975422,45.597712],[6.993922,45.582738],[6.990012,45.535788],[7.004586,45.52086],[6.999392,45.507421],[7.045925,45.50006],[7.047391,45.480079],[7.104181,45.470929],[7.118751,45.433723],[7.159532,45.422291],[7.1933,45.405825],[7.173265,45.38025],[7.16968,45.358076],[7.144537,45.345637],[7.14144,45.324928],[7.119238,45.322108],[7.127968,45.28781],[7.143417,45.271563],[7.144902,45.246254],[7.112094,45.227473],[7.070986,45.19641],[7.053928,45.212461],[7.021139,45.202291],[6.9641,45.193625],[6.952048,45.163597],[6.926897,45.154319],[6.890173,45.151503],[6.87839,45.139035],[6.88927,45.118602],[6.840387,45.107603],[6.802837,45.129801],[6.756157,45.141616],[6.725735,45.117228],[6.696581,45.125472],[6.663759,45.120414],[6.655816,45.103753],[6.611173,45.087569],[6.595932,45.100355],[6.554875,45.101861],[6.533358,45.081767],[6.505699,45.075675],[6.485964,45.086347],[6.453832,45.067194],[6.460121,45.0305],[6.423897,45.025717],[6.40996,45.037141],[6.362948,45.036103],[6.332361,45.044789],[6.341426,45.059617],[6.330199,45.081081],[6.296866,45.095335],[6.263142,45.085049],[6.2224,45.104201],[6.227412,45.117733],[6.210078,45.128276],[6.187778,45.120823],[6.147189,45.142855],[6.11788,45.12925],[6.099436,45.132903],[6.118383,45.16881],[6.115752,45.183655],[6.080066,45.227718],[6.095968,45.246472],[6.086474,45.274314],[6.116118,45.300067],[6.141611,45.30596],[6.152325,45.342296],[6.133972,45.385488],[6.099383,45.40694],[6.086529,45.427805],[6.049637,45.426273],[6.042794,45.438838],[5.999431,45.432181],[5.955987,45.448816],[5.958445,45.469304],[5.937673,45.471266],[5.911293,45.489279],[5.857895,45.472246],[5.868613,45.461323],[5.863478,45.440173],[5.843639,45.410378],[5.852168,45.38119],[5.832564,45.383017],[5.820665,45.398381],[5.793837,45.408586],[5.758057,45.413288],[5.717786,45.433691],[5.673625,45.429975],[5.665009,45.446302],[5.669569,45.467186],[5.651308,45.479459],[5.644052,45.501459],[5.620738,45.525667],[5.601289,45.534587],[5.604879,45.551396],[5.549819,45.605963]]]}},{"type":"Feature","properties":{"id":"CPAM SEINE ST DENIS","name":"CPAM SEINE ST DENIS","title":"CPAM SEINE ST DENIS","label":"CPAM SEINE ST DENIS","nom_court":"SEINE ST DENIS","organisme":"CPAM SEINE ST DENIS","type_zone":"ile_de_france","svg":"052_Seine-Saint-Denis.svg","source_svg":"https://raw.githubusercontent.com/brenda-ramirez-santillan/carte-fr/refs/heads/main/052_Seine-Saint-Denis.svg","canvas_element":"svg_centre_idf_seinesaintdenis","canvas_left":694,"canvas_top":199,"canvas_width":18.17500114440918,"canvas_height":17.625,"label_longitude":2.37374,"label_latitude":48.93058,"centroid_longitude":2.396953,"centroid_latitude":48.939753,"fill":"#D9D9D9","stroke":"#A6A6A6","stroke_width":1,"modele":"Canvas utilisateur - geometrie issue des SVG et placement Canvas; conversion affine approximative vers WGS84"},"geometry":{"type":"Polygon","coordinates":[[[2.210288,48.972424],[2.218201,48.987853],[2.252522,48.977064],[2.263243,48.990018],[2.303585,48.992985],[2.326433,48.978167],[2.378431,48.977343],[2.386222,48.986701],[2.433499,49.004924],[2.450852,49.028054],[2.471612,49.032766],[2.49887,49.014605],[2.490453,48.991566],[2.507973,48.976688],[2.511107,48.947861],[2.505919,48.916653],[2.487126,48.888453],[2.511629,48.848359],[2.511455,48.829855],[2.452849,48.86737],[2.400757,48.883479],[2.335744,48.870946],[2.333276,48.892601],[2.304437,48.92375],[2.239312,48.921877],[2.239195,48.937411],[2.255632,48.953963],[2.246227,48.966979],[2.210288,48.972424]]]}},{"type":"Feature","properties":{"id":"CPAM SEINE-ET-MARNE","name":"CPAM SEINE-ET-MARNE","title":"CPAM SEINE-ET-MARNE","label":"CPAM SEINE-ET-MARNE","nom_court":"SEINE-ET-MARNE","organisme":"CPAM SEINE-ET-MARNE","type_zone":"ile_de_france","svg":"093_Seine-et-Marne.svg","source_svg":"https://raw.githubusercontent.com/brenda-ramirez-santillan/carte-fr/refs/heads/main/093_Seine-et-Marne.svg","canvas_element":"svg_093_seineetmarne_idf","canvas_left":176,"canvas_top":441,"canvas_width":204.52500915527344,"canvas_height":281.6499938964844,"label_longitude":2.954901,"label_latitude":48.635855,"centroid_longitude":2.857768,"centroid_latitude":48.646165,"fill":"#D9D9D9","stroke":"#A6A6A6","stroke_width":1,"modele":"Canvas utilisateur - geometrie issue des SVG et placement Canvas; conversion affine approximative vers WGS84"},"geometry":{"type":"Polygon","coordinates":[[[2.328404,48.335469],[2.351228,48.352186],[2.355378,48.377077],[2.394646,48.391766],[2.446862,48.420633],[2.452659,48.431487],[2.432836,48.445287],[2.426887,48.500719],[2.440256,48.522259],[2.424386,48.541355],[2.444537,48.578892],[2.44291,48.599717],[2.468288,48.620525],[2.450356,48.629734],[2.45796,48.674187],[2.4691,48.688148],[2.509553,48.696603],[2.495822,48.709201],[2.492915,48.724463],[2.509224,48.744647],[2.509368,48.759182],[2.530813,48.792118],[2.515999,48.825224],[2.516175,48.84375],[2.491656,48.883877],[2.510458,48.91209],[2.515644,48.943326],[2.512517,48.972171],[2.494991,48.987062],[2.503406,49.010125],[2.47613,49.028296],[2.470685,49.041955],[2.510741,49.068723],[2.494896,49.080282],[2.513295,49.098615],[2.555875,49.127676],[2.595751,49.110276],[2.629358,49.085188],[2.676119,49.08042],[2.70953,49.095178],[2.714265,49.110217],[2.767487,49.10489],[2.77845,49.090257],[2.817225,49.097505],[2.823747,49.105885],[2.896759,49.095655],[2.930554,49.112566],[2.970351,49.107552],[2.993723,49.139037],[3.025722,49.129437],[3.057896,49.129115],[3.086975,49.12151],[3.075407,49.105018],[3.103686,49.082643],[3.090328,49.038192],[3.151214,49.010109],[3.173888,48.994096],[3.189995,48.959994],[3.226792,48.970652],[3.23521,48.943032],[3.252452,48.93055],[3.288384,48.944912],[3.30494,48.910753],[3.302652,48.896696],[3.326817,48.885878],[3.374359,48.878503],[3.382889,48.861621],[3.407282,48.874256],[3.407146,48.847243],[3.354484,48.83418],[3.365304,48.808041],[3.331885,48.805528],[3.3184,48.78076],[3.352722,48.778549],[3.366951,48.758335],[3.392246,48.759649],[3.386931,48.729002],[3.392081,48.707994],[3.363442,48.684971],[3.383254,48.67438],[3.440265,48.664974],[3.441877,48.655044],[3.478399,48.641977],[3.426783,48.626179],[3.420493,48.611232],[3.388632,48.591523],[3.402788,48.5657],[3.382452,48.551575],[3.346748,48.55423],[3.328753,48.548563],[3.35828,48.518077],[3.311906,48.500676],[3.3301,48.472684],[3.315707,48.444362],[3.345811,48.433482],[3.338616,48.410274],[3.307159,48.419598],[3.291109,48.414101],[3.289128,48.391968],[3.229225,48.392265],[3.206487,48.396822],[3.17856,48.384129],[3.157039,48.389361],[3.126123,48.382862],[3.064211,48.391187],[3.023344,48.376141],[2.974048,48.378208],[2.961388,48.358033],[2.966328,48.347331],[2.940679,48.325601],[2.968475,48.289698],[2.930302,48.224882],[2.899667,48.222603],[2.896198,48.21117],[2.860109,48.195557],[2.861727,48.180071],[2.793575,48.172749],[2.746603,48.145637],[2.723532,48.15659],[2.724564,48.184307],[2.667214,48.175488],[2.680972,48.16137],[2.646322,48.152424],[2.632472,48.14021],[2.58942,48.13737],[2.565719,48.153988],[2.528761,48.1464],[2.49665,48.155609],[2.46365,48.154968],[2.447743,48.141795],[2.416586,48.140942],[2.386405,48.151091],[2.409386,48.178985],[2.432469,48.17099],[2.435417,48.197187],[2.449106,48.209689],[2.43279,48.24084],[2.394944,48.270066],[2.378422,48.264726],[2.34968,48.274892],[2.346875,48.313416],[2.328404,48.335469]]]}},{"type":"Feature","properties":{"id":"CPAM SOMME","name":"CPAM SOMME","title":"CPAM SOMME","label":"CPAM SOMME","nom_court":"SOMME","organisme":"CPAM SOMME","type_zone":"zone_cpam","svg":"095_Somme.svg","source_svg":"https://raw.githubusercontent.com/brenda-ramirez-santillan/carte-fr/refs/heads/main/095_Somme.svg","canvas_element":"svg_095_somme","canvas_left":639,"canvas_top":82,"canvas_width":114.0999984741211,"canvas_height":72.5250015258789,"label_longitude":2.337394,"label_latitude":49.953453,"centroid_longitude":2.237501,"centroid_latitude":49.952953,"fill":"#D9D9D9","stroke":"#A6A6A6","stroke_width":1,"modele":"Canvas utilisateur - geometrie issue des SVG et placement Canvas; conversion affine approximative vers WGS84"},"geometry":{"type":"Polygon","coordinates":[[[1.295898,50.062079],[1.371841,50.109587],[1.402026,50.175359],[1.433124,50.206543],[1.470931,50.221028],[1.521308,50.189834],[1.554141,50.194758],[1.602519,50.17879],[1.613501,50.18767],[1.591153,50.219896],[1.548873,50.221327],[1.518371,50.252],[1.516871,50.264872],[1.47169,50.268829],[1.459669,50.292313],[1.473076,50.363946],[1.494507,50.372651],[1.538306,50.374813],[1.568409,50.366352],[1.599184,50.344138],[1.671427,50.369414],[1.712771,50.377331],[1.740471,50.375034],[1.768103,50.36031],[1.811563,50.34644],[1.815134,50.335391],[1.859449,50.32507],[1.880557,50.344555],[1.902365,50.32579],[1.878849,50.314258],[1.949273,50.281725],[1.973721,50.28095],[2.005018,50.265883],[2.036331,50.208762],[2.075075,50.219207],[2.114765,50.202871],[2.129354,50.217558],[2.174754,50.226866],[2.204735,50.220895],[2.229928,50.239121],[2.263026,50.222409],[2.304316,50.240029],[2.335632,50.219497],[2.347361,50.236287],[2.372662,50.245336],[2.422069,50.23727],[2.456651,50.217991],[2.46773,50.204055],[2.420961,50.187053],[2.382748,50.180948],[2.356441,50.162173],[2.359219,50.151456],[2.341537,50.113201],[2.382657,50.104292],[2.398645,50.091191],[2.420066,50.129607],[2.452998,50.144335],[2.488198,50.147298],[2.50673,50.120111],[2.532492,50.148828],[2.555891,50.134668],[2.552564,50.118631],[2.598967,50.116443],[2.613003,50.10562],[2.674505,50.096294],[2.714085,50.132685],[2.749677,50.115951],[2.769204,50.096097],[2.728011,50.050547],[2.749715,50.040499],[2.776873,50.047695],[2.796361,50.065884],[2.849236,50.081981],[2.869031,50.044836],[2.911785,50.0382],[2.940471,50.057129],[2.976595,50.049783],[3.014065,50.063498],[3.077303,50.04915],[3.093857,50.058164],[3.122687,50.030726],[3.181042,50.013711],[3.168932,49.997505],[3.185218,49.98611],[3.158739,49.940991],[3.123538,49.910781],[3.12584,49.879076],[3.087483,49.859949],[3.089646,49.83609],[3.058521,49.823101],[3.082546,49.813414],[3.090328,49.781292],[3.065918,49.77126],[3.098636,49.74435],[3.12476,49.690447],[3.066385,49.697139],[3.027797,49.662818],[2.989216,49.691948],[2.947117,49.67338],[2.911503,49.685909],[2.850067,49.665507],[2.835519,49.638843],[2.790644,49.641715],[2.779227,49.616954],[2.788046,49.595861],[2.759554,49.591743],[2.726431,49.604879],[2.671714,49.60232],[2.654659,49.574556],[2.654174,49.556385],[2.632014,49.546071],[2.61126,49.555021],[2.604689,49.58663],[2.576517,49.588022],[2.549692,49.572445],[2.502478,49.606405],[2.480773,49.612225],[2.451375,49.597045],[2.417082,49.630927],[2.379236,49.639224],[2.338373,49.63411],[2.30338,49.647318],[2.280238,49.669153],[2.248013,49.668611],[2.176901,49.682102],[2.112637,49.681411],[2.075777,49.666379],[2.0569,49.673333],[2.011034,49.673258],[1.976121,49.690471],[1.936288,49.688254],[1.877635,49.698789],[1.836323,49.676748],[1.777613,49.686448],[1.776044,49.719962],[1.746787,49.734855],[1.720326,49.73893],[1.692984,49.76259],[1.671272,49.791475],[1.642373,49.877125],[1.624535,49.883682],[1.608849,49.90745],[1.519876,49.939717],[1.498627,49.965915],[1.449145,49.989642],[1.438191,50.005493],[1.413668,50.011849],[1.370326,50.035431],[1.377554,50.059018],[1.34012,50.06767],[1.325077,50.053028],[1.295898,50.062079]]]}},{"type":"Feature","properties":{"id":"CPAM TARN","name":"CPAM TARN","title":"CPAM TARN","label":"CPAM TARN","nom_court":"TARN","organisme":"CPAM TARN","type_zone":"zone_cpam","svg":"097_Tarn.svg","source_svg":"https://raw.githubusercontent.com/brenda-ramirez-santillan/carte-fr/refs/heads/main/097_Tarn.svg","canvas_element":"svg_097_tarn","canvas_left":650,"canvas_top":618,"canvas_width":88.70000457763672,"canvas_height":75,"label_longitude":2.125007,"label_latitude":43.7688,"centroid_longitude":2.158842,"centroid_latitude":43.763967,"fill":"#D9D9D9","stroke":"#A6A6A6","stroke_width":1,"modele":"Canvas utilisateur - geometrie issue des SVG et placement Canvas; conversion affine approximative vers WGS84"},"geometry":{"type":"Polygon","coordinates":[[[1.499412,43.930588],[1.528374,43.951067],[1.57671,43.944682],[1.585227,43.96615],[1.616071,43.998452],[1.638226,43.999563],[1.659205,44.014161],[1.672613,44.035401],[1.66061,44.053233],[1.629925,44.05947],[1.635687,44.083299],[1.618688,44.090261],[1.624752,44.111414],[1.654536,44.106313],[1.674677,44.112669],[1.734994,44.10299],[1.741566,44.092583],[1.779496,44.122724],[1.799961,44.103343],[1.81571,44.110101],[1.80519,44.128391],[1.836206,44.140495],[1.898463,44.139184],[1.872197,44.15405],[1.898808,44.161995],[1.927636,44.144953],[1.951293,44.140817],[1.972974,44.148088],[2.014519,44.156312],[2.012056,44.167639],[2.045682,44.172601],[2.091501,44.194069],[2.140386,44.202683],[2.147849,44.181122],[2.167551,44.182428],[2.184302,44.162675],[2.200877,44.172297],[2.233189,44.159069],[2.194324,44.144332],[2.235421,44.133497],[2.282947,44.145251],[2.289088,44.123423],[2.323788,44.123593],[2.359734,44.099291],[2.405046,44.080448],[2.415089,44.051197],[2.467532,44.046702],[2.471176,44.029381],[2.491503,44.020267],[2.51202,43.977249],[2.535881,43.969509],[2.531564,43.952877],[2.509228,43.940279],[2.549717,43.922647],[2.569245,43.906796],[2.563218,43.883354],[2.590822,43.867811],[2.578905,43.853008],[2.577798,43.825],[2.612567,43.801584],[2.646441,43.760791],[2.701808,43.7221],[2.733751,43.72135],[2.760659,43.707195],[2.80683,43.715812],[2.813176,43.731687],[2.840514,43.742045],[2.906734,43.719802],[2.953596,43.715502],[2.95777,43.684954],[2.968845,43.671724],[2.951646,43.664104],[2.9524,43.637332],[2.939433,43.62879],[2.843327,43.613332],[2.821226,43.596681],[2.778839,43.585575],[2.742627,43.618448],[2.663193,43.627764],[2.646453,43.580683],[2.631441,43.56908],[2.648702,43.55092],[2.632912,43.534594],[2.675162,43.49245],[2.674508,43.460971],[2.685402,43.427965],[2.659417,43.417838],[2.62574,43.39343],[2.581047,43.382312],[2.532086,43.382721],[2.508496,43.396737],[2.46161,43.391139],[2.441465,43.394549],[2.40157,43.376507],[2.313401,43.400672],[2.282536,43.400176],[2.264382,43.41312],[2.242648,43.404906],[2.219499,43.385666],[2.227598,43.366278],[2.212289,43.338753],[2.183513,43.349614],[2.166515,43.372443],[2.10104,43.349901],[2.060524,43.362236],[2.041859,43.387329],[2.01659,43.394293],[2.000418,43.407981],[2.004909,43.429636],[2.036559,43.446057],[2.025173,43.46836],[2.001524,43.465618],[1.996542,43.441764],[1.97528,43.437019],[1.939548,43.454407],[1.898372,43.46219],[1.873532,43.472458],[1.859797,43.50296],[1.828515,43.512297],[1.827127,43.531615],[1.810272,43.542837],[1.753438,43.551815],[1.737076,43.569289],[1.717195,43.569079],[1.656856,43.597608],[1.675528,43.620836],[1.702088,43.626454],[1.687081,43.659794],[1.631172,43.664524],[1.636744,43.675346],[1.677011,43.684152],[1.669384,43.697796],[1.616596,43.725626],[1.622631,43.738776],[1.6087,43.753625],[1.611029,43.776809],[1.591788,43.77782],[1.553587,43.791626],[1.55658,43.821917],[1.534913,43.8278],[1.521118,43.846064],[1.522015,43.862801],[1.50746,43.88425],[1.516799,43.901271],[1.536559,43.903139],[1.530585,43.927664],[1.499412,43.930588]]]}},{"type":"Feature","properties":{"id":"CPAM TARN et GARONNE","name":"CPAM TARN et GARONNE","title":"CPAM TARN et GARONNE","label":"CPAM TARN et GARONNE","nom_court":"TARN et GARONNE","organisme":"CPAM TARN et GARONNE","type_zone":"zone_cpam","svg":"098_Tarn-et-Garonne.svg","source_svg":"https://raw.githubusercontent.com/brenda-ramirez-santillan/carte-fr/refs/heads/main/098_Tarn-et-Garonne.svg","canvas_element":"svg_098_tarnetgaronne","canvas_left":602,"canvas_top":602,"canvas_width":79.5250015258789,"canvas_height":57.125,"label_longitude":1.195219,"label_latitude":44.053911,"centroid_longitude":1.275027,"centroid_latitude":44.058016,"fill":"#D9D9D9","stroke":"#A6A6A6","stroke_width":1,"modele":"Canvas utilisateur - geometrie issue des SVG et placement Canvas; conversion affine approximative vers WGS84"},"geometry":{"type":"Polygon","coordinates":[[[0.704323,44.043779],[0.720645,44.075352],[0.76499,44.086353],[0.763666,44.11859],[0.790374,44.116219],[0.841231,44.098575],[0.861872,44.122415],[0.844725,44.142541],[0.825068,44.149949],[0.831429,44.168786],[0.87927,44.17386],[0.904453,44.208833],[0.893745,44.217266],[0.926604,44.256266],[0.898681,44.270639],[0.890706,44.284885],[0.868317,44.279055],[0.841451,44.292247],[0.869176,44.331367],[0.859872,44.352636],[0.871256,44.368551],[0.894077,44.371606],[0.92587,44.345963],[0.958027,44.344697],[0.97425,44.355594],[1.030767,44.349518],[1.045731,44.366383],[1.090524,44.381244],[1.11896,44.382061],[1.112398,44.360859],[1.076743,44.353258],[1.063845,44.340951],[1.097764,44.324679],[1.106826,44.30134],[1.146189,44.295056],[1.184622,44.264344],[1.229038,44.25871],[1.260603,44.264782],[1.291876,44.279088],[1.298563,44.245371],[1.277803,44.233407],[1.27785,44.215889],[1.313249,44.213699],[1.340495,44.204655],[1.35425,44.183283],[1.378977,44.205451],[1.45585,44.236786],[1.455394,44.250787],[1.476423,44.268723],[1.499525,44.254965],[1.51483,44.257529],[1.535351,44.217347],[1.548716,44.209408],[1.583883,44.221133],[1.596484,44.232063],[1.57891,44.287519],[1.627495,44.283556],[1.626289,44.263308],[1.654281,44.255381],[1.664056,44.272386],[1.714318,44.301209],[1.773019,44.314201],[1.79324,44.300061],[1.811358,44.322427],[1.847824,44.312205],[1.906261,44.329923],[1.882541,44.308978],[1.905157,44.29121],[1.892442,44.279041],[1.926787,44.265537],[1.968537,44.26923],[1.999434,44.263062],[1.987965,44.225712],[1.970747,44.232396],[1.930754,44.192656],[1.929486,44.175238],[1.962657,44.162294],[2.006347,44.160981],[2.006806,44.142636],[2.020653,44.128813],[1.998966,44.121545],[1.975305,44.125689],[1.946479,44.142722],[1.919857,44.134778],[1.946123,44.119918],[1.883855,44.121226],[1.852838,44.109126],[1.863369,44.090837],[1.84762,44.084077],[1.827144,44.10345],[1.789225,44.073319],[1.782646,44.083727],[1.722324,44.093398],[1.702174,44.087052],[1.6724,44.092152],[1.666339,44.070998],[1.683322,44.064044],[1.677572,44.040212],[1.708245,44.033977],[1.720263,44.016144],[1.706853,43.994907],[1.685865,43.980315],[1.66371,43.979206],[1.632856,43.946903],[1.624347,43.925441],[1.576004,43.931826],[1.547045,43.911344],[1.578206,43.908429],[1.584189,43.88391],[1.564434,43.882037],[1.540409,43.885131],[1.53052,43.866302],[1.496341,43.850683],[1.479348,43.864477],[1.456619,43.83571],[1.420848,43.831645],[1.409931,43.84354],[1.374494,43.845155],[1.347537,43.831608],[1.36164,43.816412],[1.292251,43.805605],[1.310305,43.789709],[1.325359,43.796063],[1.356116,43.791481],[1.359088,43.77405],[1.30767,43.756236],[1.261997,43.748784],[1.260994,43.737575],[1.211141,43.724217],[1.207814,43.745753],[1.169603,43.749944],[1.14636,43.774254],[1.113042,43.764795],[1.098711,43.75148],[1.06542,43.768235],[1.042657,43.752811],[1.018517,43.758657],[0.971053,43.750821],[0.957164,43.739536],[0.932105,43.7404],[0.898988,43.745301],[0.876959,43.757346],[0.902369,43.787073],[0.870319,43.796139],[0.874455,43.821925],[0.857643,43.833013],[0.864227,43.862755],[0.836503,43.88402],[0.811804,43.87625],[0.779397,43.89299],[0.738829,43.882185],[0.727645,43.906541],[0.753268,43.917725],[0.766057,43.938749],[0.798502,43.964251],[0.783622,43.990985],[0.806652,43.990795],[0.830103,44.001784],[0.797927,44.023159],[0.731442,43.995738],[0.726734,44.016702],[0.707993,44.033245],[0.704323,44.043779]]]}},{"type":"Feature","properties":{"id":"CPAM VAL-D'OISE","name":"CPAM VAL-D'OISE","title":"CPAM VAL-D'OISE","label":"CPAM VAL-D'OISE","nom_court":"VAL-D'OISE","organisme":"CPAM VAL-D'OISE","type_zone":"ile_de_france","svg":"099_Val-dOise.svg","source_svg":"https://raw.githubusercontent.com/brenda-ramirez-santillan/carte-fr/refs/heads/main/099_Val-dOise.svg","canvas_element":"svg_099_valdoise_idf","canvas_left":50,"canvas_top":390,"canvas_width":174.1750030517578,"canvas_height":91.5250015258789,"label_longitude":2.130856,"label_latitude":49.083846,"centroid_longitude":2.052074,"centroid_latitude":49.099661,"fill":"#D9D9D9","stroke":"#A6A6A6","stroke_width":1,"modele":"Canvas utilisateur - geometrie issue des SVG et placement Canvas; conversion affine approximative vers WGS84"},"geometry":{"type":"Polygon","coordinates":[[[1.531069,49.092114],[1.55715,49.12881],[1.577793,49.144844],[1.586287,49.168196],[1.595792,49.225376],[1.62594,49.247576],[1.655677,49.236751],[1.663827,49.19548],[1.676854,49.189909],[1.71706,49.200868],[1.767108,49.185685],[1.798545,49.187392],[1.80676,49.178586],[1.852882,49.190397],[1.882072,49.189883],[1.895062,49.200255],[1.921886,49.192279],[1.995954,49.225766],[2.017956,49.206863],[2.053744,49.208664],[2.102938,49.191125],[2.13955,49.19834],[2.173433,49.170581],[2.20728,49.177819],[2.231661,49.204543],[2.267021,49.180015],[2.312021,49.167711],[2.333789,49.170833],[2.392234,49.154124],[2.423915,49.136354],[2.410645,49.125015],[2.478799,49.117338],[2.511169,49.098681],[2.492767,49.080347],[2.508617,49.068785],[2.468564,49.042015],[2.474012,49.028351],[2.453241,49.023634],[2.435885,49.000484],[2.388579,48.982246],[2.380791,48.972877],[2.328764,48.973701],[2.305904,48.988535],[2.265543,48.985565],[2.254817,48.972598],[2.220484,48.983398],[2.212561,48.967955],[2.190366,48.96344],[2.122479,48.925037],[2.12759,48.966307],[2.099006,48.970103],[2.097244,48.988923],[2.076625,49.002201],[2.042431,49.009645],[2.048774,49.026129],[2.006623,49.030943],[1.945277,49.013835],[1.913725,49.036848],[1.859728,49.037353],[1.834362,49.057381],[1.81317,49.054706],[1.791163,49.033459],[1.77336,49.048571],[1.787262,49.072629],[1.751953,49.090773],[1.718534,49.087344],[1.716339,49.073226],[1.681703,49.078215],[1.645661,49.059609],[1.615932,49.071491],[1.595852,49.092687],[1.567712,49.095812],[1.531069,49.092114]]]}},{"type":"Feature","properties":{"id":"CPAM VAL-DE-MARNE","name":"CPAM VAL-DE-MARNE","title":"CPAM VAL-DE-MARNE","label":"CPAM VAL-DE-MARNE","nom_court":"VAL-DE-MARNE","organisme":"CPAM VAL-DE-MARNE","type_zone":"ile_de_france","svg":"100_Val-de-Marne.svg","source_svg":"https://raw.githubusercontent.com/brenda-ramirez-santillan/carte-fr/refs/heads/main/100_Val-de-Marne.svg","canvas_element":"svg_centre_idf_valdemarne","canvas_left":695,"canvas_top":212,"canvas_width":17.975000381469727,"canvas_height":15.074999809265137,"label_longitude":2.383112,"label_latitude":48.798971,"centroid_longitude":2.386701,"centroid_latitude":48.797816,"fill":"#D9D9D9","stroke":"#A6A6A6","stroke_width":1,"modele":"Canvas utilisateur - geometrie issue des SVG et placement Canvas; conversion affine approximative vers WGS84"},"geometry":{"type":"Polygon","coordinates":[[[2.227532,48.775378],[2.244509,48.802054],[2.237388,48.808128],[2.250453,48.837315],[2.282436,48.836771],[2.319035,48.849778],[2.356752,48.839062],[2.380938,48.840004],[2.380423,48.86357],[2.334586,48.87007],[2.399582,48.882604],[2.451662,48.866493],[2.510252,48.828975],[2.525057,48.795888],[2.503628,48.762978],[2.503482,48.748451],[2.487182,48.728281],[2.490086,48.71303],[2.472348,48.70924],[2.449571,48.720631],[2.434179,48.749816],[2.421973,48.756052],[2.373562,48.742837],[2.332847,48.738338],[2.289512,48.740312],[2.273465,48.758692],[2.239542,48.768754],[2.227532,48.775378]]]}},{"type":"Feature","properties":{"id":"CPAM VAR","name":"CPAM VAR","title":"CPAM VAR","label":"CPAM VAR","nom_court":"VAR","organisme":"CPAM VAR","type_zone":"zone_cpam","svg":"101_Var.svg","source_svg":"https://raw.githubusercontent.com/brenda-ramirez-santillan/carte-fr/refs/heads/main/101_Var.svg","canvas_element":"svg_101_var","canvas_left":899,"canvas_top":653,"canvas_width":81.17500305175781,"canvas_height":71.42500305175781,"label_longitude":6.263132,"label_latitude":43.409629,"centroid_longitude":6.242398,"centroid_latitude":43.4363,"fill":"#D9D9D9","stroke":"#A6A6A6","stroke_width":1,"modele":"Canvas utilisateur - geometrie issue des SVG et placement Canvas; conversion affine approximative vers WGS84"},"geometry":{"type":"Polygon","coordinates":[[[5.623134,43.574176],[5.66059,43.58179],[5.649425,43.611458],[5.66945,43.642447],[5.716271,43.65861],[5.773331,43.662849],[5.777885,43.683135],[5.755422,43.711817],[5.725333,43.730428],[5.729186,43.735508],[5.754342,43.763403],[5.803314,43.755609],[5.825794,43.726303],[5.880847,43.73994],[5.882862,43.759562],[5.91883,43.758471],[5.919198,43.737674],[5.938646,43.72595],[5.96916,43.720345],[5.971863,43.700358],[5.989844,43.692758],[6.007509,43.672202],[6.025666,43.683559],[6.022559,43.69966],[6.06581,43.714695],[6.093359,43.745564],[6.13248,43.74625],[6.176657,43.772368],[6.182533,43.787304],[6.207568,43.810843],[6.251535,43.813206],[6.260727,43.793629],[6.328028,43.756656],[6.359836,43.745964],[6.387797,43.744044],[6.419202,43.771639],[6.420081,43.804682],[6.445701,43.811318],[6.491231,43.804479],[6.536075,43.82088],[6.572065,43.797598],[6.599783,43.814994],[6.636214,43.820457],[6.653543,43.803035],[6.675813,43.760574],[6.702374,43.770458],[6.722051,43.766463],[6.741059,43.749708],[6.776942,43.749908],[6.790742,43.730979],[6.798999,43.702673],[6.784854,43.674117],[6.807504,43.661181],[6.824896,43.633783],[6.839737,43.636317],[6.867055,43.618574],[6.918778,43.612276],[6.939935,43.603556],[6.939145,43.575929],[6.910215,43.535999],[6.927958,43.527411],[6.915268,43.501298],[6.967414,43.477783],[6.956123,43.447767],[6.93748,43.44091],[6.92351,43.423105],[6.886908,43.424924],[6.888901,43.408349],[6.855146,43.410909],[6.80889,43.402294],[6.791502,43.417346],[6.757312,43.397976],[6.755584,43.380897],[6.737077,43.357998],[6.732552,43.333317],[6.701095,43.32861],[6.686379,43.30518],[6.600196,43.26148],[6.602474,43.24791],[6.638976,43.247801],[6.659086,43.258517],[6.682545,43.248763],[6.698459,43.263534],[6.719362,43.250524],[6.712204,43.237846],[6.684175,43.220349],[6.690811,43.186413],[6.662157,43.164173],[6.638862,43.138313],[6.609003,43.164374],[6.571632,43.16694],[6.507811,43.127555],[6.469734,43.132373],[6.412711,43.124818],[6.374413,43.111906],[6.365055,43.093802],[6.371551,43.061083],[6.336509,43.06319],[6.319788,43.079052],[6.275841,43.094254],[6.240441,43.086845],[6.205545,43.089357],[6.176321,43.079222],[6.155543,43.060387],[6.144665,43.030678],[6.152219,42.995915],[6.109724,43.007214],[6.125363,43.016567],[6.119247,43.047772],[6.067215,43.057476],[6.01989,43.04722],[6.011454,43.065526],[5.993316,43.075141],[5.924602,43.078795],[5.903175,43.095778],[5.881401,43.084313],[5.899002,43.055295],[5.852203,43.036488],[5.83703,43.013688],[5.806875,43.016438],[5.781275,43.046915],[5.790978,43.077474],[5.748082,43.088352],[5.756297,43.102491],[5.69826,43.108125],[5.691044,43.119457],[5.665671,43.11543],[5.641335,43.153067],[5.653786,43.213205],[5.71063,43.241295],[5.734681,43.246689],[5.722934,43.269834],[5.698386,43.299428],[5.661,43.294602],[5.649967,43.302589],[5.656075,43.323377],[5.675545,43.340116],[5.664519,43.349033],[5.652001,43.385747],[5.695762,43.396241],[5.722682,43.38858],[5.761044,43.402554],[5.72295,43.423842],[5.700892,43.455587],[5.668533,43.473652],[5.686703,43.49715],[5.693556,43.543588],[5.665108,43.55824],[5.637156,43.560844],[5.623134,43.574176]]]}},{"type":"Feature","properties":{"id":"CPAM VAUCLUSE","name":"CPAM VAUCLUSE","title":"CPAM VAUCLUSE","label":"CPAM VAUCLUSE","nom_court":"VAUCLUSE","organisme":"CPAM VAUCLUSE","type_zone":"zone_cpam","svg":"102_Vaucluse.svg","source_svg":"https://raw.githubusercontent.com/brenda-ramirez-santillan/carte-fr/refs/heads/main/102_Vaucluse.svg","canvas_element":"svg_102_vaucluse","canvas_left":838,"canvas_top":600,"canvas_width":70.4000015258789,"canvas_height":70.20000457763672,"label_longitude":5.172746,"label_latitude":43.979794,"centroid_longitude":5.175782,"centroid_latitude":43.97075,"fill":"#D9D9D9","stroke":"#A6A6A6","stroke_width":1,"modele":"Canvas utilisateur - geometrie issue des SVG et placement Canvas; conversion affine approximative vers WGS84"},"geometry":{"type":"Polygon","coordinates":[[[4.610814,44.26046],[4.61516,44.294063],[4.612063,44.323369],[4.64197,44.313659],[4.685177,44.320454],[4.729495,44.319264],[4.774075,44.296745],[4.772625,44.271443],[4.782776,44.247931],[4.784374,44.221053],[4.797594,44.2169],[4.852578,44.252256],[4.909232,44.253238],[4.960211,44.277489],[4.985532,44.279644],[5.043332,44.302559],[5.060194,44.277184],[5.089662,44.272521],[5.161267,44.304457],[5.155562,44.28608],[5.137208,44.275444],[5.149778,44.236897],[5.142851,44.221361],[5.163985,44.210741],[5.230471,44.203049],[5.249721,44.220947],[5.287366,44.204636],[5.334297,44.193297],[5.352372,44.203853],[5.384471,44.190909],[5.383288,44.142487],[5.438501,44.138922],[5.45861,44.104701],[5.504975,44.101213],[5.509214,44.045917],[5.553327,44.052956],[5.552476,44.006474],[5.525708,43.968409],[5.515925,43.936327],[5.519589,43.921702],[5.554231,43.914522],[5.568786,43.918323],[5.591017,43.900869],[5.618943,43.890581],[5.584156,43.836229],[5.558948,43.821819],[5.554175,43.786643],[5.585764,43.799596],[5.641612,43.800542],[5.669771,43.794525],[5.690908,43.775846],[5.701574,43.755942],[5.731945,43.746569],[5.737328,43.720796],[5.769712,43.705532],[5.778344,43.693793],[5.774491,43.688711],[5.756948,43.6795],[5.736424,43.655617],[5.69091,43.655415],[5.663281,43.636497],[5.620418,43.618187],[5.583192,43.621427],[5.542327,43.618117],[5.443955,43.64104],[5.340489,43.681381],[5.316749,43.697469],[5.250667,43.709352],[5.223611,43.710399],[5.17946,43.696889],[5.164027,43.700733],[5.03378,43.752913],[5.01247,43.794146],[4.977215,43.813303],[4.945804,43.840218],[4.903208,43.855718],[4.878433,43.857123],[4.860429,43.86996],[4.826574,43.88168],[4.793584,43.883046],[4.706583,43.894507],[4.748572,43.909348],[4.786365,43.940992],[4.787254,43.963408],[4.814735,43.961078],[4.80998,43.991179],[4.758768,44.030346],[4.757521,44.043945],[4.725784,44.056686],[4.696627,44.058433],[4.672679,44.084391],[4.687742,44.17308],[4.67059,44.178677],[4.671315,44.201575],[4.639875,44.199454],[4.637868,44.22694],[4.615967,44.243542],[4.610814,44.26046]]]}},{"type":"Feature","properties":{"id":"CPAM VENDEE","name":"CPAM VENDEE","title":"CPAM VENDEE","label":"CPAM VENDEE","nom_court":"VENDEE","organisme":"CPAM VENDEE","type_zone":"zone_cpam","svg":"103_Vendee.svg","source_svg":"https://raw.githubusercontent.com/brenda-ramirez-santillan/carte-fr/refs/heads/main/103_Vendee.svg","canvas_element":"svg_103_vendee","canvas_left":426,"canvas_top":367,"canvas_width":102.75,"canvas_height":75.125,"label_longitude":-1.313079,"label_latitude":46.64647,"centroid_longitude":-1.306248,"centroid_latitude":46.642254,"fill":"#D9D9D9","stroke":"#A6A6A6","stroke_width":1,"modele":"Canvas utilisateur - geometrie issue des SVG et placement Canvas; conversion affine approximative vers WGS84"},"geometry":{"type":"Polygon","coordinates":[[[-2.21941,46.867365],[-2.184917,46.86924],[-2.16526,46.900787],[-2.117807,46.932715],[-2.087639,46.993904],[-2.036256,47.015608],[-2.024088,47.014361],[-1.997003,46.979614],[-1.969009,46.976374],[-1.969816,46.958978],[-1.922578,46.935983],[-1.87968,46.936911],[-1.878715,46.913879],[-1.820393,46.907151],[-1.794908,46.911726],[-1.778987,46.892568],[-1.779853,46.877085],[-1.762064,46.86422],[-1.727112,46.870728],[-1.703391,46.854154],[-1.672171,46.858116],[-1.581315,46.839195],[-1.531186,46.864641],[-1.559913,46.906705],[-1.563121,46.929119],[-1.587909,46.964113],[-1.575703,46.990741],[-1.589016,47.003436],[-1.547453,47.016755],[-1.530795,47.030551],[-1.505612,47.018796],[-1.4984,46.98976],[-1.506505,46.96748],[-1.485637,46.939732],[-1.500611,46.916665],[-1.486636,46.909237],[-1.444511,46.927666],[-1.397033,46.937561],[-1.382493,46.968261],[-1.401939,46.978536],[-1.38675,46.993735],[-1.403243,47.020769],[-1.386592,47.031257],[-1.33361,47.023915],[-1.314937,47.030335],[-1.310526,47.062847],[-1.287409,47.078362],[-1.266273,47.061004],[-1.247734,47.057415],[-1.216121,47.031381],[-1.161256,47.020569],[-1.156953,47.016192],[-1.082875,46.998453],[-1.021603,46.994373],[-1.005368,47.012078],[-0.970216,46.995602],[-0.934915,46.999845],[-0.902589,46.984056],[-0.891142,46.96504],[-0.871071,46.931842],[-0.848949,46.934228],[-0.824914,46.920442],[-0.81208,46.889417],[-0.827932,46.86877],[-0.810135,46.863377],[-0.774617,46.824897],[-0.723216,46.802579],[-0.697953,46.802234],[-0.717183,46.745609],[-0.688504,46.712064],[-0.655535,46.692582],[-0.64212,46.675238],[-0.667892,46.660325],[-0.622347,46.634595],[-0.618751,46.608277],[-0.597577,46.5904],[-0.611098,46.574732],[-0.595129,46.556466],[-0.608408,46.544853],[-0.589572,46.529007],[-0.58465,46.498289],[-0.608198,46.494407],[-0.62986,46.471923],[-0.608606,46.460296],[-0.59893,46.422339],[-0.601807,46.398291],[-0.620783,46.391264],[-0.624723,46.374243],[-0.603839,46.347065],[-0.592664,46.371759],[-0.546182,46.350136],[-0.516438,46.343278],[-0.541601,46.314871],[-0.585191,46.316485],[-0.586924,46.301335],[-0.620178,46.291051],[-0.632369,46.269358],[-0.657627,46.268255],[-0.684009,46.277511],[-0.707975,46.266606],[-0.709783,46.253351],[-0.739848,46.255195],[-0.794617,46.277038],[-0.801624,46.291062],[-0.834019,46.292948],[-0.845551,46.268357],[-0.884252,46.277836],[-0.902205,46.264512],[-0.933857,46.263343],[-0.962169,46.274061],[-0.943692,46.28784],[-0.930839,46.31938],[-0.965201,46.318788],[-0.978755,46.303605],[-1.017014,46.308188],[-1.057708,46.294146],[-1.087279,46.271666],[-1.138442,46.259614],[-1.178214,46.269385],[-1.215014,46.265282],[-1.207947,46.248912],[-1.219335,46.236537],[-1.220326,46.212967],[-1.29872,46.2585],[-1.364756,46.292019],[-1.388238,46.29895],[-1.424222,46.290194],[-1.453113,46.297058],[-1.492562,46.291826],[-1.515687,46.333016],[-1.530836,46.349823],[-1.564408,46.361857],[-1.580232,46.358187],[-1.64572,46.366264],[-1.747875,46.405405],[-1.798043,46.430542],[-1.820461,46.449357],[-1.858883,46.451913],[-1.867034,46.481896],[-1.903854,46.5715],[-1.940405,46.598946],[-1.993382,46.658345],[-2.019225,46.659204],[-2.03748,46.689078],[-2.13163,46.754749],[-2.204412,46.79135],[-2.21941,46.867365]]]}},{"type":"Feature","properties":{"id":"CPAM VIENNE","name":"CPAM VIENNE","title":"CPAM VIENNE","label":"CPAM VIENNE","nom_court":"VIENNE","organisme":"CPAM VIENNE","type_zone":"zone_cpam","svg":"104_Vienne.svg","source_svg":"https://raw.githubusercontent.com/brenda-ramirez-santillan/carte-fr/refs/heads/main/104_Vienne.svg","canvas_element":"svg_104_vienne","canvas_left":552,"canvas_top":359,"canvas_width":83.45000457763672,"canvas_height":103.4749984741211,"label_longitude":0.464312,"label_latitude":46.580848,"centroid_longitude":0.458228,"centroid_latitude":46.53264,"fill":"#D9D9D9","stroke":"#A6A6A6","stroke_width":1,"modele":"Canvas utilisateur - geometrie issue des SVG et placement Canvas; conversion affine approximative vers WGS84"},"geometry":{"type":"Polygon","coordinates":[[[-0.134005,47.058759],[-0.129821,47.086886],[-0.117076,47.097178],[-0.073127,47.089166],[-0.06461,47.122918],[-0.038203,47.157353],[-0.006963,47.176823],[0.011647,47.160614],[0.029707,47.164267],[0.053575,47.122268],[0.11646,47.120084],[0.115032,47.105566],[0.138328,47.100898],[0.164179,47.11271],[0.184781,47.088331],[0.156727,47.067039],[0.192326,47.048123],[0.231759,47.067419],[0.259538,47.041215],[0.287266,47.049316],[0.298977,47.039011],[0.28785,47.012997],[0.297925,46.99218],[0.290202,46.964561],[0.301373,46.926529],[0.315712,46.918993],[0.359495,46.939216],[0.435529,46.918446],[0.441896,46.930724],[0.502789,46.948765],[0.541245,46.951398],[0.567704,46.946554],[0.606764,46.950538],[0.606311,46.965334],[0.582261,46.972323],[0.570186,46.996041],[0.624808,47.001793],[0.643113,46.978595],[0.702465,46.967092],[0.716999,46.927838],[0.715092,46.891996],[0.765525,46.847337],[0.825842,46.812694],[0.828687,46.777412],[0.845663,46.758774],[0.887312,46.728714],[0.922686,46.716058],[0.951159,46.673114],[0.930674,46.659552],[0.928772,46.622577],[0.916005,46.599227],[0.938799,46.568526],[0.965132,46.552546],[1.014002,46.53602],[1.042967,46.538487],[1.049227,46.50606],[1.119699,46.507549],[1.141496,46.500597],[1.184586,46.469793],[1.169705,46.462375],[1.188728,46.438858],[1.187378,46.413751],[1.249928,46.393024],[1.214631,46.344784],[1.193846,46.349761],[1.165919,46.323844],[1.15839,46.307591],[1.130144,46.321261],[1.080957,46.321723],[1.056659,46.300714],[1.051266,46.266464],[1.016341,46.234182],[0.995236,46.240076],[0.957631,46.235659],[0.923765,46.240596],[0.907884,46.218542],[0.882783,46.213709],[0.866054,46.192915],[0.868758,46.178833],[0.828888,46.17772],[0.813835,46.159868],[0.834998,46.144767],[0.853679,46.112939],[0.843278,46.072703],[0.828596,46.082813],[0.797726,46.076235],[0.762721,46.082885],[0.724521,46.074553],[0.69667,46.062206],[0.700316,46.038841],[0.617435,46.030422],[0.614705,46.017137],[0.582037,46.018945],[0.571096,46.0301],[0.54325,46.036045],[0.495048,46.078795],[0.44338,46.04215],[0.444758,46.031127],[0.477851,46.022345],[0.470759,45.999929],[0.445488,45.988429],[0.412033,45.986453],[0.388578,46.004606],[0.27155,45.998334],[0.242453,46.018319],[0.208206,46.033318],[0.184673,46.034515],[0.178008,46.05219],[0.202985,46.08043],[0.208634,46.100729],[0.173645,46.090516],[0.14,46.099509],[0.12184,46.124485],[0.090004,46.129911],[0.095931,46.157544],[0.127448,46.176645],[0.111948,46.21586],[0.144266,46.215315],[0.157651,46.228115],[0.13638,46.253994],[0.154646,46.261524],[0.160521,46.284448],[0.120859,46.302855],[0.079053,46.282975],[0.058547,46.255497],[0.010372,46.279479],[0.007293,46.302085],[-0.009384,46.310337],[0.011999,46.327839],[-0.002285,46.343116],[-0.023797,46.347268],[-0.042135,46.367604],[-0.035283,46.40731],[-0.042343,46.435286],[-0.068878,46.429599],[-0.057558,46.48782],[-0.032089,46.486145],[-0.016347,46.512359],[-0.033165,46.53299],[-0.003676,46.551736],[-0.000843,46.582872],[-0.021608,46.578824],[-0.052885,46.597785],[-0.093697,46.6014],[-0.06016,46.623982],[-0.067617,46.634606],[-0.032457,46.655085],[-0.024526,46.690395],[0.014931,46.70683],[-0.019389,46.730964],[-0.041184,46.732789],[-0.04903,46.767938],[-0.047002,46.792333],[-0.073779,46.812784],[-0.033935,46.829243],[-0.008233,46.816134],[0.001178,46.835138],[-0.054558,46.863495],[-0.035484,46.892744],[-0.04947,46.925491],[-0.072657,46.946423],[-0.06643,46.979293],[-0.096536,46.983891],[-0.111735,47.003707],[-0.134005,47.058759]]]}},{"type":"Feature","properties":{"id":"CPAM VOSGES","name":"CPAM VOSGES","title":"CPAM VOSGES","label":"CPAM VOSGES","nom_court":"VOSGES","organisme":"CPAM VOSGES","type_zone":"zone_cpam","svg":"105_Vosges.svg","source_svg":"https://raw.githubusercontent.com/brenda-ramirez-santillan/carte-fr/refs/heads/main/105_Vosges.svg","canvas_element":"svg_105_vosges","canvas_left":883,"canvas_top":243,"canvas_width":113.7249984741211,"canvas_height":64.30000305175781,"label_longitude":6.359573,"label_latitude":48.167585,"centroid_longitude":6.364787,"centroid_latitude":48.208986,"fill":"#D9D9D9","stroke":"#A6A6A6","stroke_width":1,"modele":"Canvas utilisateur - geometrie issue des SVG et placement Canvas; conversion affine approximative vers WGS84"},"geometry":{"type":"Polygon","coordinates":[[[5.341389,48.401753],[5.378183,48.433343],[5.405792,48.442081],[5.448862,48.439418],[5.458582,48.454463],[5.505224,48.463894],[5.55834,48.463458],[5.625443,48.49653],[5.661483,48.485021],[5.688123,48.491205],[5.71597,48.523523],[5.739027,48.509268],[5.767516,48.525576],[5.811598,48.534943],[5.845386,48.521526],[5.861667,48.507052],[5.844253,48.47907],[5.856931,48.47156],[5.815189,48.439122],[5.836248,48.426139],[5.896068,48.425387],[5.916046,48.409036],[5.90528,48.396809],[5.921585,48.370354],[5.967844,48.381947],[5.990133,48.377285],[6.019737,48.386602],[6.033035,48.379941],[6.066258,48.393128],[6.086394,48.374659],[6.123781,48.403332],[6.118142,48.427921],[6.151133,48.42105],[6.207608,48.424105],[6.237409,48.430787],[6.247711,48.451673],[6.280268,48.456501],[6.284964,48.438199],[6.311975,48.429477],[6.4078,48.432555],[6.4372,48.440917],[6.490206,48.440309],[6.524823,48.458587],[6.57765,48.443901],[6.561022,48.466531],[6.57864,48.48969],[6.619355,48.503206],[6.64537,48.461853],[6.699315,48.440117],[6.763675,48.438929],[6.772323,48.426152],[6.821073,48.42565],[6.834771,48.444508],[6.874761,48.46082],[6.904066,48.447886],[6.997328,48.511363],[7.068346,48.528442],[7.114031,48.547783],[7.144699,48.548607],[7.117984,48.521008],[7.138198,48.51821],[7.116286,48.456899],[7.129275,48.40404],[7.098323,48.376481],[7.14254,48.357951],[7.210218,48.361245],[7.224471,48.334143],[7.197331,48.32028],[7.183806,48.289827],[7.171547,48.284625],[7.139858,48.225339],[7.106106,48.19649],[7.077533,48.150691],[7.105073,48.141845],[7.066788,48.089671],[7.048084,48.080947],[7.018896,48.028439],[6.976406,48.004816],[6.957417,48.002293],[6.933841,47.943958],[6.941406,47.907281],[6.912418,47.88914],[6.93343,47.845977],[6.909866,47.832405],[6.855826,47.816677],[6.832028,47.806097],[6.799014,47.823927],[6.791167,47.844577],[6.741623,47.856968],[6.705664,47.877783],[6.642521,47.90246],[6.639695,47.913842],[6.604065,47.942589],[6.557923,47.929921],[6.535661,47.899373],[6.466415,47.887126],[6.444951,47.903323],[6.419321,47.942387],[6.350268,47.961225],[6.306482,47.947614],[6.256854,47.952158],[6.215527,47.929779],[6.184305,47.936768],[6.168438,47.951072],[6.141801,47.950054],[6.125243,47.995179],[6.129023,48.007164],[6.103052,48.025739],[6.008211,48.004475],[5.989705,47.976643],[5.959354,47.954968],[5.934296,47.954172],[5.916426,47.932744],[5.899545,47.947378],[5.922421,47.963242],[5.898424,47.976914],[5.879042,47.962763],[5.878866,47.943489],[5.860009,47.940634],[5.843886,47.920771],[5.807224,47.959507],[5.741268,47.948351],[5.731929,47.975187],[5.747755,47.988699],[5.730942,48.031615],[5.691768,48.051185],[5.606517,48.087595],[5.574266,48.086963],[5.603448,48.12517],[5.632221,48.151371],[5.629924,48.183799],[5.645126,48.197812],[5.681159,48.198847],[5.668817,48.223269],[5.635544,48.245677],[5.624663,48.240125],[5.586185,48.254083],[5.599662,48.281824],[5.555237,48.306244],[5.530396,48.292028],[5.484679,48.330254],[5.461103,48.357644],[5.41874,48.373679],[5.376376,48.351946],[5.351546,48.356032],[5.353328,48.37959],[5.375968,48.398884],[5.341389,48.401753]]]}},{"type":"Feature","properties":{"id":"CPAM YONNE","name":"CPAM YONNE","title":"CPAM YONNE","label":"CPAM YONNE","nom_court":"YONNE","organisme":"CPAM YONNE","type_zone":"zone_cpam","svg":"106_Yonne.svg","source_svg":"https://raw.githubusercontent.com/brenda-ramirez-santillan/carte-fr/refs/heads/main/106_Yonne.svg","canvas_element":"svg_106_yonne","canvas_left":727,"canvas_top":252,"canvas_width":94.75,"canvas_height":99.82500457763672,"label_longitude":3.591927,"label_latitude":47.853704,"centroid_longitude":3.51192,"centroid_latitude":47.834831,"fill":"#D9D9D9","stroke":"#A6A6A6","stroke_width":1,"modele":"Canvas utilisateur - geometrie issue des SVG et placement Canvas; conversion affine approximative vers WGS84"},"geometry":{"type":"Polygon","coordinates":[[[2.761045,47.710281],[2.769199,47.747408],[2.829999,47.756656],[2.867017,47.753121],[2.872284,47.763396],[2.907461,47.774658],[2.944873,47.775394],[2.94937,47.790324],[2.932852,47.82594],[2.950904,47.826776],[2.950149,47.850101],[2.925198,47.857307],[2.927043,47.890389],[2.987276,47.927967],[3.001844,47.928994],[3.054264,47.971111],[3.050025,48.00819],[3.028491,48.016034],[3.011746,48.058698],[2.971879,48.077979],[2.971208,48.095438],[2.949554,48.14229],[2.908901,48.162509],[2.888275,48.161707],[2.851478,48.173755],[2.849773,48.190082],[2.887805,48.206534],[2.89145,48.218574],[2.923709,48.220975],[2.963942,48.289285],[2.934649,48.327115],[2.961675,48.350013],[2.956461,48.361295],[2.969813,48.382549],[3.021745,48.380365],[3.064781,48.396221],[3.130023,48.387453],[3.16258,48.394296],[3.185253,48.388793],[3.214665,48.402155],[3.23862,48.39736],[3.30173,48.397048],[3.303813,48.420377],[3.320735,48.426165],[3.353868,48.416341],[3.367361,48.384348],[3.393677,48.39973],[3.442185,48.39386],[3.477868,48.364297],[3.510425,48.344256],[3.513802,48.329444],[3.536336,48.322549],[3.535583,48.300701],[3.566769,48.291512],[3.574751,48.273755],[3.54931,48.255122],[3.572003,48.243281],[3.561057,48.228606],[3.523308,48.203883],[3.543328,48.193536],[3.569951,48.206274],[3.593069,48.19914],[3.620968,48.15194],[3.660024,48.157526],[3.697029,48.184592],[3.71238,48.164064],[3.696555,48.145478],[3.731876,48.142406],[3.765294,48.113845],[3.767276,48.094081],[3.786107,48.07028],[3.785846,48.050814],[3.834668,48.022202],[3.802303,48.009608],[3.813122,47.988391],[3.842882,47.983901],[3.865826,48.003593],[3.881169,47.980154],[3.867535,47.94086],[3.916459,47.932909],[3.956288,47.932839],[3.975069,47.944988],[3.990147,47.930716],[4.018643,47.928198],[4.035434,47.949022],[4.068794,47.946447],[4.088634,47.929633],[4.145879,47.964632],[4.189584,47.95087],[4.188344,47.977965],[4.211194,47.974845],[4.204615,47.954221],[4.226328,47.935553],[4.250421,47.927377],[4.279671,47.929166],[4.298403,47.90624],[4.262857,47.901337],[4.246992,47.884856],[4.245885,47.842401],[4.28772,47.847818],[4.307197,47.835914],[4.308389,47.808668],[4.32944,47.795944],[4.315749,47.781164],[4.321363,47.750339],[4.276428,47.72541],[4.245728,47.734819],[4.237541,47.707124],[4.25303,47.691935],[4.243653,47.673104],[4.20933,47.659453],[4.234063,47.64723],[4.195545,47.61367],[4.197518,47.587164],[4.179655,47.581912],[4.156635,47.534415],[4.13708,47.532583],[4.11785,47.500646],[4.090856,47.48143],[4.109206,47.451185],[4.098451,47.418025],[4.042458,47.379329],[4.065903,47.36809],[4.053229,47.354223],[4.084811,47.307569],[4.022062,47.307999],[4.003581,47.282117],[3.972577,47.278997],[3.944974,47.299959],[3.936696,47.334338],[3.914445,47.350092],[3.877151,47.351854],[3.854046,47.333243],[3.838383,47.335662],[3.829506,47.366207],[3.860858,47.38166],[3.844913,47.40169],[3.816701,47.408213],[3.809293,47.381971],[3.785574,47.373354],[3.782159,47.349409],[3.747611,47.360203],[3.735928,47.376711],[3.700152,47.366275],[3.673007,47.377082],[3.635231,47.41785],[3.531158,47.437839],[3.531569,47.472731],[3.502657,47.477306],[3.460868,47.503928],[3.451408,47.535908],[3.438522,47.538168],[3.434467,47.467988],[3.380658,47.482714],[3.338724,47.483429],[3.321343,47.460509],[3.278082,47.450634],[3.220904,47.47764],[3.207176,47.46446],[3.168627,47.461763],[3.136062,47.497357],[3.094576,47.491367],[3.062813,47.517049],[3.027866,47.565607],[3.005318,47.562884],[2.982916,47.545163],[2.940449,47.53275],[2.89598,47.545358],[2.88094,47.553073],[2.857749,47.581212],[2.853392,47.616289],[2.872231,47.626043],[2.834195,47.651268],[2.827292,47.674173],[2.771798,47.694919],[2.761045,47.710281]]]}},{"type":"Feature","properties":{"id":"CPAM YVELINES","name":"CPAM YVELINES","title":"CPAM YVELINES","label":"CPAM YVELINES","nom_court":"YVELINES","organisme":"CPAM YVELINES","type_zone":"ile_de_france","svg":"107_Yvelines.svg","source_svg":"https://raw.githubusercontent.com/brenda-ramirez-santillan/carte-fr/refs/heads/main/107_Yvelines.svg","canvas_element":"svg_107_yvelines_idf","canvas_left":20,"canvas_top":435,"canvas_width":137.10000610351562,"canvas_height":191.9499969482422,"label_longitude":1.813098,"label_latitude":48.778275,"centroid_longitude":1.759921,"centroid_latitude":48.828116,"fill":"#D9D9D9","stroke":"#A6A6A6","stroke_width":1,"modele":"Canvas utilisateur - geometrie issue des SVG et placement Canvas; conversion affine approximative vers WGS84"},"geometry":{"type":"Polygon","coordinates":[[[1.36563,49.057],[1.378906,49.0747],[1.402992,49.063568],[1.455982,49.08472],[1.474992,49.08208],[1.519495,49.097245],[1.526587,49.090642],[1.563229,49.094338],[1.591361,49.091218],[1.611439,49.070016],[1.64115,49.058134],[1.677196,49.076743],[1.711821,49.071757],[1.714011,49.085874],[1.747426,49.089302],[1.782729,49.071153],[1.768837,49.047096],[1.786637,49.031983],[1.808635,49.053229],[1.829834,49.055905],[1.855187,49.03588],[1.909172,49.035375],[1.940726,49.012357],[2.002061,49.02947],[2.044207,49.024651],[2.037871,49.00817],[2.072054,49.000727],[2.092672,48.987449],[2.094425,48.968624],[2.123012,48.964832],[2.117898,48.92356],[2.085796,48.909737],[2.070388,48.887824],[2.063535,48.850304],[2.069295,48.831246],[2.094354,48.828138],[2.100666,48.811519],[2.120322,48.812793],[2.144284,48.790509],[2.120504,48.785626],[2.099879,48.771679],[2.068614,48.767646],[2.05301,48.750924],[2.016101,48.747953],[2.028482,48.727943],[2.000383,48.69874],[1.964025,48.700692],[1.936458,48.655022],[1.97883,48.630471],[1.953191,48.616188],[1.954471,48.601492],[1.93606,48.581915],[1.936445,48.57],[1.897736,48.565847],[1.856881,48.574966],[1.853124,48.560059],[1.886477,48.545113],[1.865173,48.527723],[1.85267,48.493797],[1.834267,48.485372],[1.841541,48.469081],[1.825885,48.451472],[1.791232,48.45094],[1.764429,48.460427],[1.751658,48.478666],[1.722764,48.483538],[1.696324,48.520317],[1.695164,48.538788],[1.706551,48.565001],[1.68462,48.580593],[1.628609,48.58901],[1.621338,48.595981],[1.634121,48.62557],[1.585532,48.624639],[1.570825,48.6491],[1.522374,48.673265],[1.530919,48.700482],[1.498709,48.71272],[1.545312,48.759442],[1.506492,48.784872],[1.494535,48.801794],[1.509948,48.826345],[1.495932,48.855899],[1.500219,48.866605],[1.464858,48.883945],[1.478067,48.893678],[1.457038,48.918316],[1.457078,48.933496],[1.425849,48.939171],[1.419992,48.952659],[1.415758,48.991321],[1.395462,48.990446],[1.395321,49.028623],[1.376008,49.038068],[1.36563,49.057]]]}},{"type":"Feature","properties":{"id":"CCSS LOZERE__LABEL","organisme":"CCSS LOZERE","name":"CCSS LOZERE","title":"CCSS LOZERE","label":"CCSS LOZERE","nom_court":"LOZERE","feature_role":"label_point","type_zone":"zone_cpam"},"geometry":{"type":"Point","coordinates":[3.525014,44.510449]}},{"type":"Feature","properties":{"id":"CPAM AIN__LABEL","organisme":"CPAM AIN","name":"CPAM AIN","title":"CPAM AIN","label":"CPAM AIN","nom_court":"AIN","feature_role":"label_point","type_zone":"zone_cpam"},"geometry":{"type":"Point","coordinates":[5.267169,46.061174]}},{"type":"Feature","properties":{"id":"CPAM AISNE__LABEL","organisme":"CPAM AISNE","name":"CPAM AISNE","title":"CPAM AISNE","label":"CPAM AISNE","nom_court":"AISNE","feature_role":"label_point","type_zone":"zone_cpam"},"geometry":{"type":"Point","coordinates":[3.551039,49.453058]}},{"type":"Feature","properties":{"id":"CPAM ALLIER__LABEL","organisme":"CPAM ALLIER","name":"CPAM ALLIER","title":"CPAM ALLIER","label":"CPAM ALLIER","nom_court":"ALLIER","feature_role":"label_point","type_zone":"zone_cpam"},"geometry":{"type":"Point","coordinates":[3.135327,46.350966]}},{"type":"Feature","properties":{"id":"CPAM ALPES-DE-HAUTE-PROVENCE__LABEL","organisme":"CPAM ALPES-DE-HAUTE-PROVENCE","name":"CPAM ALPES-DE-HAUTE-PROVENCE","title":"CPAM ALPES-DE-HAUTE-PROVENCE","label":"CPAM ALPES-DE-HAUTE-PROVENCE","nom_court":"ALPES-DE-HAUTE-PROVENCE","feature_role":"label_point","type_zone":"zone_cpam"},"geometry":{"type":"Point","coordinates":[6.144118,44.161511]}},{"type":"Feature","properties":{"id":"CPAM ALPES-MARITIMES__LABEL","organisme":"CPAM ALPES-MARITIMES","name":"CPAM ALPES-MARITIMES","title":"CPAM ALPES-MARITIMES","label":"CPAM ALPES-MARITIMES","nom_court":"ALPES-MARITIMES","feature_role":"label_point","type_zone":"zone_cpam"},"geometry":{"type":"Point","coordinates":[7.217462,43.912083]}},{"type":"Feature","properties":{"id":"CPAM ARDECHE__LABEL","organisme":"CPAM ARDECHE","name":"CPAM ARDECHE","title":"CPAM ARDECHE","label":"CPAM ARDECHE","nom_court":"ARDECHE","feature_role":"label_point","type_zone":"zone_cpam"},"geometry":{"type":"Point","coordinates":[4.39888,44.796146]}},{"type":"Feature","properties":{"id":"CPAM ARDENNES__LABEL","organisme":"CPAM ARDENNES","name":"CPAM ARDENNES","title":"CPAM ARDENNES","label":"CPAM ARDENNES","nom_court":"ARDENNES","feature_role":"label_point","type_zone":"zone_cpam"},"geometry":{"type":"Point","coordinates":[4.64003,49.704808]}},{"type":"Feature","properties":{"id":"CPAM ARIEGE__LABEL","organisme":"CPAM ARIEGE","name":"CPAM ARIEGE","title":"CPAM ARIEGE","label":"CPAM ARIEGE","nom_court":"ARIEGE","feature_role":"label_point","type_zone":"zone_cpam"},"geometry":{"type":"Point","coordinates":[1.401703,42.922929]}},{"type":"Feature","properties":{"id":"CPAM ARTOIS__LABEL","organisme":"CPAM ARTOIS","name":"CPAM ARTOIS","title":"CPAM ARTOIS","label":"CPAM ARTOIS","nom_court":"ARTOIS","feature_role":"label_point","type_zone":"decoupage_cpam_special"},"geometry":{"type":"Point","coordinates":[2.716582,50.357056]}},{"type":"Feature","properties":{"id":"CPAM AUBE__LABEL","organisme":"CPAM AUBE","name":"CPAM AUBE","title":"CPAM AUBE","label":"CPAM AUBE","nom_court":"AUBE","feature_role":"label_point","type_zone":"zone_cpam"},"geometry":{"type":"Point","coordinates":[4.146672,48.316884]}},{"type":"Feature","properties":{"id":"CPAM AUDE__LABEL","organisme":"CPAM AUDE","name":"CPAM AUDE","title":"CPAM AUDE","label":"CPAM AUDE","nom_court":"AUDE","feature_role":"label_point","type_zone":"zone_cpam"},"geometry":{"type":"Point","coordinates":[2.505761,43.028484]}},{"type":"Feature","properties":{"id":"CPAM AVEYRON__LABEL","organisme":"CPAM AVEYRON","name":"CPAM AVEYRON","title":"CPAM AVEYRON","label":"CPAM AVEYRON","nom_court":"AVEYRON","feature_role":"label_point","type_zone":"zone_cpam"},"geometry":{"type":"Point","coordinates":[2.481936,44.283114]}},{"type":"Feature","properties":{"id":"CPAM BAS-RHIN__LABEL","organisme":"CPAM BAS-RHIN","name":"CPAM BAS-RHIN","title":"CPAM BAS-RHIN","label":"CPAM BAS-RHIN","nom_court":"BAS-RHIN","feature_role":"label_point","type_zone":"zone_cpam"},"geometry":{"type":"Point","coordinates":[7.503108,48.61006]}},{"type":"Feature","properties":{"id":"CPAM BAYONNE__LABEL","organisme":"CPAM BAYONNE","name":"CPAM BAYONNE","title":"CPAM BAYONNE","label":"CPAM BAYONNE","nom_court":"BAYONNE","feature_role":"label_point","type_zone":"decoupage_cpam_special"},"geometry":{"type":"Point","coordinates":[-1.133667,43.210689]}},{"type":"Feature","properties":{"id":"CPAM BOUCHES-DU-RHONE__LABEL","organisme":"CPAM BOUCHES-DU-RHONE","name":"CPAM BOUCHES-DU-RHONE","title":"CPAM BOUCHES-DU-RHONE","label":"CPAM BOUCHES-DU-RHONE","nom_court":"BOUCHES-DU-RHONE","feature_role":"label_point","type_zone":"zone_cpam"},"geometry":{"type":"Point","coordinates":[5.374967,43.507408]}},{"type":"Feature","properties":{"id":"CPAM CALVADOS__LABEL","organisme":"CPAM CALVADOS","name":"CPAM CALVADOS","title":"CPAM CALVADOS","label":"CPAM CALVADOS","nom_court":"CALVADOS","feature_role":"label_point","type_zone":"zone_cpam"},"geometry":{"type":"Point","coordinates":[-0.269208,49.079634]}},{"type":"Feature","properties":{"id":"CPAM CANTAL__LABEL","organisme":"CPAM CANTAL","name":"CPAM CANTAL","title":"CPAM CANTAL","label":"CPAM CANTAL","nom_court":"CANTAL","feature_role":"label_point","type_zone":"zone_cpam"},"geometry":{"type":"Point","coordinates":[2.695927,45.013224]}},{"type":"Feature","properties":{"id":"CPAM CHARENTE__LABEL","organisme":"CPAM CHARENTE","name":"CPAM CHARENTE","title":"CPAM CHARENTE","label":"CPAM CHARENTE","nom_court":"CHARENTE","feature_role":"label_point","type_zone":"zone_cpam"},"geometry":{"type":"Point","coordinates":[0.076524,45.639123]}},{"type":"Feature","properties":{"id":"CPAM CHARENTE MARITIME__LABEL","organisme":"CPAM CHARENTE MARITIME","name":"CPAM CHARENTE MARITIME","title":"CPAM CHARENTE MARITIME","label":"CPAM CHARENTE MARITIME","nom_court":"CHARENTE MARITIME","feature_role":"label_point","type_zone":"zone_cpam"},"geometry":{"type":"Point","coordinates":[-0.85318,45.68889]}},{"type":"Feature","properties":{"id":"CPAM CHER__LABEL","organisme":"CPAM CHER","name":"CPAM CHER","title":"CPAM CHER","label":"CPAM CHER","nom_court":"CHER","feature_role":"label_point","type_zone":"zone_cpam"},"geometry":{"type":"Point","coordinates":[2.56164,47.008291]}},{"type":"Feature","properties":{"id":"CPAM CORREZE__LABEL","organisme":"CPAM CORREZE","name":"CPAM CORREZE","title":"CPAM CORREZE","label":"CPAM CORREZE","nom_court":"CORREZE","feature_role":"label_point","type_zone":"zone_cpam"},"geometry":{"type":"Point","coordinates":[1.80003,45.306759]}},{"type":"Feature","properties":{"id":"CPAM CORSE-DU-SUD__LABEL","organisme":"CPAM CORSE-DU-SUD","name":"CPAM CORSE-DU-SUD","title":"CPAM CORSE-DU-SUD","label":"CPAM CORSE-DU-SUD","nom_court":"CORSE-DU-SUD","feature_role":"label_point","type_zone":"zone_cpam"},"geometry":{"type":"Point","coordinates":[8.389712,43.15444]}},{"type":"Feature","properties":{"id":"CPAM COTE D'OPALE__LABEL","organisme":"CPAM COTE D'OPALE","name":"CPAM COTE D'OPALE","title":"CPAM COTE D'OPALE","label":"CPAM COTE D'OPALE","nom_court":"COTE D'OPALE","feature_role":"label_point","type_zone":"decoupage_cpam_special"},"geometry":{"type":"Point","coordinates":[2.006887,50.611742]}},{"type":"Feature","properties":{"id":"CPAM COTE-D'OR__LABEL","organisme":"CPAM COTE-D'OR","name":"CPAM COTE-D'OR","title":"CPAM COTE-D'OR","label":"CPAM COTE-D'OR","nom_court":"COTE-D'OR","feature_role":"label_point","type_zone":"zone_cpam"},"geometry":{"type":"Point","coordinates":[4.733431,47.466463]}},{"type":"Feature","properties":{"id":"CPAM COTES-D'ARMOR__LABEL","organisme":"CPAM COTES-D'ARMOR","name":"CPAM COTES-D'ARMOR","title":"CPAM COTES-D'ARMOR","label":"CPAM COTES-D'ARMOR","nom_court":"COTES-D'ARMOR","feature_role":"label_point","type_zone":"zone_cpam"},"geometry":{"type":"Point","coordinates":[-2.784958,48.408009]}},{"type":"Feature","properties":{"id":"CPAM CREUSE__LABEL","organisme":"CPAM CREUSE","name":"CPAM CREUSE","title":"CPAM CREUSE","label":"CPAM CREUSE","nom_court":"CREUSE","feature_role":"label_point","type_zone":"zone_cpam"},"geometry":{"type":"Point","coordinates":[2.053779,46.036863]}},{"type":"Feature","properties":{"id":"CPAM DEUX SEVRES__LABEL","organisme":"CPAM DEUX SEVRES","name":"CPAM DEUX SEVRES","title":"CPAM DEUX SEVRES","label":"CPAM DEUX SEVRES","nom_court":"DEUX SEVRES","feature_role":"label_point","type_zone":"zone_cpam"},"geometry":{"type":"Point","coordinates":[-0.304575,46.505415]}},{"type":"Feature","properties":{"id":"CPAM DORDOGNE__LABEL","organisme":"CPAM DORDOGNE","name":"CPAM DORDOGNE","title":"CPAM DORDOGNE","label":"CPAM DORDOGNE","nom_court":"DORDOGNE","feature_role":"label_point","type_zone":"zone_cpam"},"geometry":{"type":"Point","coordinates":[0.605519,45.105001]}},{"type":"Feature","properties":{"id":"CPAM DOUBS__LABEL","organisme":"CPAM DOUBS","name":"CPAM DOUBS","title":"CPAM DOUBS","label":"CPAM DOUBS","nom_court":"DOUBS","feature_role":"label_point","type_zone":"zone_cpam"},"geometry":{"type":"Point","coordinates":[6.231333,47.068003]}},{"type":"Feature","properties":{"id":"CPAM DROME__LABEL","organisme":"CPAM DROME","name":"CPAM DROME","title":"CPAM DROME","label":"CPAM DROME","nom_court":"DROME","feature_role":"label_point","type_zone":"zone_cpam"},"geometry":{"type":"Point","coordinates":[5.188126,44.731043]}},{"type":"Feature","properties":{"id":"CPAM DU TERRITOIRE DE BELFORT__LABEL","organisme":"CPAM DU TERRITOIRE DE BELFORT","name":"CPAM DU TERRITOIRE DE BELFORT","title":"CPAM DU TERRITOIRE DE BELFORT","label":"CPAM DU TERRITOIRE DE BELFORT","nom_court":"DU TERRITOIRE DE BELFORT","feature_role":"label_point","type_zone":"zone_cpam"},"geometry":{"type":"Point","coordinates":[6.901948,47.65222]}},{"type":"Feature","properties":{"id":"CPAM ESSONNE__LABEL","organisme":"CPAM ESSONNE","name":"CPAM ESSONNE","title":"CPAM ESSONNE","label":"CPAM ESSONNE","nom_court":"ESSONNE","feature_role":"label_point","type_zone":"ile_de_france"},"geometry":{"type":"Point","coordinates":[2.164614,48.552773]}},{"type":"Feature","properties":{"id":"CPAM EURE__LABEL","organisme":"CPAM EURE","name":"CPAM EURE","title":"CPAM EURE","label":"CPAM EURE","nom_court":"EURE","feature_role":"label_point","type_zone":"zone_cpam"},"geometry":{"type":"Point","coordinates":[0.930286,49.063677]}},{"type":"Feature","properties":{"id":"CPAM EURE ET LOIR__LABEL","organisme":"CPAM EURE ET LOIR","name":"CPAM EURE ET LOIR","title":"CPAM EURE ET LOIR","label":"CPAM EURE ET LOIR","nom_court":"EURE ET LOIR","feature_role":"label_point","type_zone":"zone_cpam"},"geometry":{"type":"Point","coordinates":[1.375503,48.424033]}},{"type":"Feature","properties":{"id":"CPAM FINISTERE__LABEL","organisme":"CPAM FINISTERE","name":"CPAM FINISTERE","title":"CPAM FINISTERE","label":"CPAM FINISTERE","nom_court":"FINISTERE","feature_role":"label_point","type_zone":"zone_cpam"},"geometry":{"type":"Point","coordinates":[-4.05646,48.205262]}},{"type":"Feature","properties":{"id":"CPAM FLANDRES__LABEL","organisme":"CPAM FLANDRES","name":"CPAM FLANDRES","title":"CPAM FLANDRES","label":"CPAM FLANDRES","nom_court":"FLANDRES","feature_role":"label_point","type_zone":"decoupage_cpam_special"},"geometry":{"type":"Point","coordinates":[2.455475,50.813577]}},{"type":"Feature","properties":{"id":"CPAM GARD__LABEL","organisme":"CPAM GARD","name":"CPAM GARD","title":"CPAM GARD","label":"CPAM GARD","nom_court":"GARD","feature_role":"label_point","type_zone":"zone_cpam"},"geometry":{"type":"Point","coordinates":[4.270159,43.931128]}},{"type":"Feature","properties":{"id":"CPAM GERS__LABEL","organisme":"CPAM GERS","name":"CPAM GERS","title":"CPAM GERS","label":"CPAM GERS","nom_court":"GERS","feature_role":"label_point","type_zone":"zone_cpam"},"geometry":{"type":"Point","coordinates":[0.405768,43.657063]}},{"type":"Feature","properties":{"id":"CPAM GIRONDE__LABEL","organisme":"CPAM GIRONDE","name":"CPAM GIRONDE","title":"CPAM GIRONDE","label":"CPAM GIRONDE","nom_court":"GIRONDE","feature_role":"label_point","type_zone":"zone_cpam"},"geometry":{"type":"Point","coordinates":[-0.623507,44.843561]}},{"type":"Feature","properties":{"id":"CPAM HAINAUT__LABEL","organisme":"CPAM HAINAUT","name":"CPAM HAINAUT","title":"CPAM HAINAUT","label":"CPAM HAINAUT","nom_court":"HAINAUT","feature_role":"label_point","type_zone":"decoupage_cpam_special"},"geometry":{"type":"Point","coordinates":[3.646047,50.271249]}},{"type":"Feature","properties":{"id":"CPAM HAUT-RHIN__LABEL","organisme":"CPAM HAUT-RHIN","name":"CPAM HAUT-RHIN","title":"CPAM HAUT-RHIN","label":"CPAM HAUT-RHIN","nom_court":"HAUT-RHIN","feature_role":"label_point","type_zone":"zone_cpam"},"geometry":{"type":"Point","coordinates":[7.226028,47.884432]}},{"type":"Feature","properties":{"id":"CPAM HAUTE-CORSE__LABEL","organisme":"CPAM HAUTE-CORSE","name":"CPAM HAUTE-CORSE","title":"CPAM HAUTE-CORSE","label":"CPAM HAUTE-CORSE","nom_court":"HAUTE-CORSE","feature_role":"label_point","type_zone":"zone_cpam"},"geometry":{"type":"Point","coordinates":[8.494254,43.709974]}},{"type":"Feature","properties":{"id":"CPAM HAUTE-GARONNE__LABEL","organisme":"CPAM HAUTE-GARONNE","name":"CPAM HAUTE-GARONNE","title":"CPAM HAUTE-GARONNE","label":"CPAM HAUTE-GARONNE","nom_court":"HAUTE-GARONNE","feature_role":"label_point","type_zone":"zone_cpam"},"geometry":{"type":"Point","coordinates":[0.934097,43.242034]}},{"type":"Feature","properties":{"id":"CPAM HAUTE-LOIRE__LABEL","organisme":"CPAM HAUTE-LOIRE","name":"CPAM HAUTE-LOIRE","title":"CPAM HAUTE-LOIRE","label":"CPAM HAUTE-LOIRE","nom_court":"HAUTE-LOIRE","feature_role":"label_point","type_zone":"zone_cpam"},"geometry":{"type":"Point","coordinates":[3.833857,45.08052]}},{"type":"Feature","properties":{"id":"CPAM HAUTE-MARNE__LABEL","organisme":"CPAM HAUTE-MARNE","name":"CPAM HAUTE-MARNE","title":"CPAM HAUTE-MARNE","label":"CPAM HAUTE-MARNE","nom_court":"HAUTE-MARNE","feature_role":"label_point","type_zone":"zone_cpam"},"geometry":{"type":"Point","coordinates":[5.214952,48.136366]}},{"type":"Feature","properties":{"id":"CPAM HAUTE-SAONE__LABEL","organisme":"CPAM HAUTE-SAONE","name":"CPAM HAUTE-SAONE","title":"CPAM HAUTE-SAONE","label":"CPAM HAUTE-SAONE","nom_court":"HAUTE-SAONE","feature_role":"label_point","type_zone":"zone_cpam"},"geometry":{"type":"Point","coordinates":[6.051599,47.635167]}},{"type":"Feature","properties":{"id":"CPAM HAUTE-SAVOIE__LABEL","organisme":"CPAM HAUTE-SAVOIE","name":"CPAM HAUTE-SAVOIE","title":"CPAM HAUTE-SAVOIE","label":"CPAM HAUTE-SAVOIE","nom_court":"HAUTE-SAVOIE","feature_role":"label_point","type_zone":"zone_cpam"},"geometry":{"type":"Point","coordinates":[6.329371,46.045252]}},{"type":"Feature","properties":{"id":"CPAM HAUTE-VIENNE__LABEL","organisme":"CPAM HAUTE-VIENNE","name":"CPAM HAUTE-VIENNE","title":"CPAM HAUTE-VIENNE","label":"CPAM HAUTE-VIENNE","nom_court":"HAUTE-VIENNE","feature_role":"label_point","type_zone":"zone_cpam"},"geometry":{"type":"Point","coordinates":[1.196643,45.897416]}},{"type":"Feature","properties":{"id":"CPAM HAUTES-ALPES__LABEL","organisme":"CPAM HAUTES-ALPES","name":"CPAM HAUTES-ALPES","title":"CPAM HAUTES-ALPES","label":"CPAM HAUTES-ALPES","nom_court":"HAUTES-ALPES","feature_role":"label_point","type_zone":"zone_cpam"},"geometry":{"type":"Point","coordinates":[6.33306,44.645066]}},{"type":"Feature","properties":{"id":"CPAM HAUTES-PYRENEES__LABEL","organisme":"CPAM HAUTES-PYRENEES","name":"CPAM HAUTES-PYRENEES","title":"CPAM HAUTES-PYRENEES","label":"CPAM HAUTES-PYRENEES","nom_court":"HAUTES-PYRENEES","feature_role":"label_point","type_zone":"zone_cpam"},"geometry":{"type":"Point","coordinates":[0.160483,43.104886]}},{"type":"Feature","properties":{"id":"CPAM HAUTS-DE-SEINE__LABEL","organisme":"CPAM HAUTS-DE-SEINE","name":"CPAM HAUTS-DE-SEINE","title":"CPAM HAUTS-DE-SEINE","label":"CPAM HAUTS-DE-SEINE","nom_court":"HAUTS-DE-SEINE","feature_role":"label_point","type_zone":"ile_de_france"},"geometry":{"type":"Point","coordinates":[2.12989,48.86673]}},{"type":"Feature","properties":{"id":"CPAM HERAULT__LABEL","organisme":"CPAM HERAULT","name":"CPAM HERAULT","title":"CPAM HERAULT","label":"CPAM HERAULT","nom_court":"HERAULT","feature_role":"label_point","type_zone":"zone_cpam"},"geometry":{"type":"Point","coordinates":[3.360666,43.578201]}},{"type":"Feature","properties":{"id":"CPAM ILLE et VILAINE__LABEL","organisme":"CPAM ILLE et VILAINE","name":"CPAM ILLE et VILAINE","title":"CPAM ILLE et VILAINE","label":"CPAM ILLE et VILAINE","nom_court":"ILLE et VILAINE","feature_role":"label_point","type_zone":"zone_cpam"},"geometry":{"type":"Point","coordinates":[-1.652312,48.120052]}},{"type":"Feature","properties":{"id":"CPAM INDRE__LABEL","organisme":"CPAM INDRE","name":"CPAM INDRE","title":"CPAM INDRE","label":"CPAM INDRE","nom_court":"INDRE","feature_role":"label_point","type_zone":"zone_cpam"},"geometry":{"type":"Point","coordinates":[1.527811,46.79506]}},{"type":"Feature","properties":{"id":"CPAM INDRE-ET-LOIRE__LABEL","organisme":"CPAM INDRE-ET-LOIRE","name":"CPAM INDRE-ET-LOIRE","title":"CPAM INDRE-ET-LOIRE","label":"CPAM INDRE-ET-LOIRE","nom_court":"INDRE-ET-LOIRE","feature_role":"label_point","type_zone":"zone_cpam"},"geometry":{"type":"Point","coordinates":[0.680074,47.213636]}},{"type":"Feature","properties":{"id":"CPAM ISERE__LABEL","organisme":"CPAM ISERE","name":"CPAM ISERE","title":"CPAM ISERE","label":"CPAM ISERE","nom_court":"ISERE","feature_role":"label_point","type_zone":"zone_cpam"},"geometry":{"type":"Point","coordinates":[5.609572,45.268405]}},{"type":"Feature","properties":{"id":"CPAM JURA__LABEL","organisme":"CPAM JURA","name":"CPAM JURA","title":"CPAM JURA","label":"CPAM JURA","nom_court":"JURA","feature_role":"label_point","type_zone":"zone_cpam"},"geometry":{"type":"Point","coordinates":[5.786186,46.776849]}},{"type":"Feature","properties":{"id":"CPAM LANDES__LABEL","organisme":"CPAM LANDES","name":"CPAM LANDES","title":"CPAM LANDES","label":"CPAM LANDES","nom_court":"LANDES","feature_role":"label_point","type_zone":"zone_cpam"},"geometry":{"type":"Point","coordinates":[-0.644007,43.977554]}},{"type":"Feature","properties":{"id":"CPAM LE HAVRE__LABEL","organisme":"CPAM LE HAVRE","name":"CPAM LE HAVRE","title":"CPAM LE HAVRE","label":"CPAM LE HAVRE","nom_court":"LE HAVRE","feature_role":"label_point","type_zone":"decoupage_cpam_special"},"geometry":{"type":"Point","coordinates":[0.373987,49.62802]}},{"type":"Feature","properties":{"id":"CPAM LILLE DOUAI__LABEL","organisme":"CPAM LILLE DOUAI","name":"CPAM LILLE DOUAI","title":"CPAM LILLE DOUAI","label":"CPAM LILLE DOUAI","nom_court":"LILLE DOUAI","feature_role":"label_point","type_zone":"decoupage_cpam_special"},"geometry":{"type":"Point","coordinates":[3.066028,50.570579]}},{"type":"Feature","properties":{"id":"CPAM LOIR-ET-CHER__LABEL","organisme":"CPAM LOIR-ET-CHER","name":"CPAM LOIR-ET-CHER","title":"CPAM LOIR-ET-CHER","label":"CPAM LOIR-ET-CHER","nom_court":"LOIR-ET-CHER","feature_role":"label_point","type_zone":"zone_cpam"},"geometry":{"type":"Point","coordinates":[1.278535,47.636498]}},{"type":"Feature","properties":{"id":"CPAM LOIRE__LABEL","organisme":"CPAM LOIRE","name":"CPAM LOIRE","title":"CPAM LOIRE","label":"CPAM LOIRE","nom_court":"LOIRE","feature_role":"label_point","type_zone":"zone_cpam"},"geometry":{"type":"Point","coordinates":[4.017137,45.755212]}},{"type":"Feature","properties":{"id":"CPAM LOIRE-ATLANTIQUE__LABEL","organisme":"CPAM LOIRE-ATLANTIQUE","name":"CPAM LOIRE-ATLANTIQUE","title":"CPAM LOIRE-ATLANTIQUE","label":"CPAM LOIRE-ATLANTIQUE","nom_court":"LOIRE-ATLANTIQUE","feature_role":"label_point","type_zone":"zone_cpam"},"geometry":{"type":"Point","coordinates":[-1.921362,47.309822]}},{"type":"Feature","properties":{"id":"CPAM LOIRET__LABEL","organisme":"CPAM LOIRET","name":"CPAM LOIRET","title":"CPAM LOIRET","label":"CPAM LOIRET","nom_court":"LOIRET","feature_role":"label_point","type_zone":"zone_cpam"},"geometry":{"type":"Point","coordinates":[2.258299,47.888577]}},{"type":"Feature","properties":{"id":"CPAM LOT__LABEL","organisme":"CPAM LOT","name":"CPAM LOT","title":"CPAM LOT","label":"CPAM LOT","nom_court":"LOT","feature_role":"label_point","type_zone":"zone_cpam"},"geometry":{"type":"Point","coordinates":[1.671494,44.598425]}},{"type":"Feature","properties":{"id":"CPAM LOT ET GARONNE__LABEL","organisme":"CPAM LOT ET GARONNE","name":"CPAM LOT ET GARONNE","title":"CPAM LOT ET GARONNE","label":"CPAM LOT ET GARONNE","nom_court":"LOT ET GARONNE","feature_role":"label_point","type_zone":"zone_cpam"},"geometry":{"type":"Point","coordinates":[0.44883,44.329332]}},{"type":"Feature","properties":{"id":"CPAM MAINE-ET-LOIRE__LABEL","organisme":"CPAM MAINE-ET-LOIRE","name":"CPAM MAINE-ET-LOIRE","title":"CPAM MAINE-ET-LOIRE","label":"CPAM MAINE-ET-LOIRE","nom_court":"MAINE-ET-LOIRE","feature_role":"label_point","type_zone":"zone_cpam"},"geometry":{"type":"Point","coordinates":[-0.420145,47.360482]}},{"type":"Feature","properties":{"id":"CPAM MANCHE__LABEL","organisme":"CPAM MANCHE","name":"CPAM MANCHE","title":"CPAM MANCHE","label":"CPAM MANCHE","nom_court":"MANCHE","feature_role":"label_point","type_zone":"zone_cpam"},"geometry":{"type":"Point","coordinates":[-1.253529,49.062934]}},{"type":"Feature","properties":{"id":"CPAM MARNE__LABEL","organisme":"CPAM MARNE","name":"CPAM MARNE","title":"CPAM MARNE","label":"CPAM MARNE","nom_court":"MARNE","feature_role":"label_point","type_zone":"zone_cpam"},"geometry":{"type":"Point","coordinates":[4.268345,48.969881]}},{"type":"Feature","properties":{"id":"CPAM MAYENNE__LABEL","organisme":"CPAM MAYENNE","name":"CPAM MAYENNE","title":"CPAM MAYENNE","label":"CPAM MAYENNE","nom_court":"MAYENNE","feature_role":"label_point","type_zone":"zone_cpam"},"geometry":{"type":"Point","coordinates":[-0.685698,48.134879]}},{"type":"Feature","properties":{"id":"CPAM MEURTHE-ET-MOSELLE__LABEL","organisme":"CPAM MEURTHE-ET-MOSELLE","name":"CPAM MEURTHE-ET-MOSELLE","title":"CPAM MEURTHE-ET-MOSELLE","label":"CPAM MEURTHE-ET-MOSELLE","nom_court":"MEURTHE-ET-MOSELLE","feature_role":"label_point","type_zone":"zone_cpam"},"geometry":{"type":"Point","coordinates":[5.936946,48.960934]}},{"type":"Feature","properties":{"id":"CPAM MEUSE__LABEL","organisme":"CPAM MEUSE","name":"CPAM MEUSE","title":"CPAM MEUSE","label":"CPAM MEUSE","nom_court":"MEUSE","feature_role":"label_point","type_zone":"zone_cpam"},"geometry":{"type":"Point","coordinates":[5.424569,49.015168]}},{"type":"Feature","properties":{"id":"CPAM MORBIHAN__LABEL","organisme":"CPAM MORBIHAN","name":"CPAM MORBIHAN","title":"CPAM MORBIHAN","label":"CPAM MORBIHAN","nom_court":"MORBIHAN","feature_role":"label_point","type_zone":"zone_cpam"},"geometry":{"type":"Point","coordinates":[-2.773178,47.787932]}},{"type":"Feature","properties":{"id":"CPAM MOSELLE__LABEL","organisme":"CPAM MOSELLE","name":"CPAM MOSELLE","title":"CPAM MOSELLE","label":"CPAM MOSELLE","nom_court":"MOSELLE","feature_role":"label_point","type_zone":"zone_cpam"},"geometry":{"type":"Point","coordinates":[6.500279,49.039691]}},{"type":"Feature","properties":{"id":"CPAM NIEVRE__LABEL","organisme":"CPAM NIEVRE","name":"CPAM NIEVRE","title":"CPAM NIEVRE","label":"CPAM NIEVRE","nom_court":"NIEVRE","feature_role":"label_point","type_zone":"zone_cpam"},"geometry":{"type":"Point","coordinates":[3.524096,47.098385]}},{"type":"Feature","properties":{"id":"CPAM OISE__LABEL","organisme":"CPAM OISE","name":"CPAM OISE","title":"CPAM OISE","label":"CPAM OISE","nom_court":"OISE","feature_role":"label_point","type_zone":"zone_cpam"},"geometry":{"type":"Point","coordinates":[2.368441,49.421451]}},{"type":"Feature","properties":{"id":"CPAM ORNE__LABEL","organisme":"CPAM ORNE","name":"CPAM ORNE","title":"CPAM ORNE","label":"CPAM ORNE","nom_court":"ORNE","feature_role":"label_point","type_zone":"zone_cpam"},"geometry":{"type":"Point","coordinates":[0.01881,48.561336]}},{"type":"Feature","properties":{"id":"CPAM PARIS__LABEL","organisme":"CPAM PARIS","name":"CPAM PARIS","title":"CPAM PARIS","label":"CPAM PARIS","nom_court":"PARIS","feature_role":"label_point","type_zone":"ile_de_france"},"geometry":{"type":"Point","coordinates":[2.274351,48.953543]}},{"type":"Feature","properties":{"id":"CPAM PAU__LABEL","organisme":"CPAM PAU","name":"CPAM PAU","title":"CPAM PAU","label":"CPAM PAU","nom_court":"PAU","feature_role":"label_point","type_zone":"decoupage_cpam_special"},"geometry":{"type":"Point","coordinates":[-0.478946,43.153384]}},{"type":"Feature","properties":{"id":"CPAM PUY-DE-DOME__LABEL","organisme":"CPAM PUY-DE-DOME","name":"CPAM PUY-DE-DOME","title":"CPAM PUY-DE-DOME","label":"CPAM PUY-DE-DOME","nom_court":"PUY-DE-DOME","feature_role":"label_point","type_zone":"zone_cpam"},"geometry":{"type":"Point","coordinates":[3.066708,45.747573]}},{"type":"Feature","properties":{"id":"CPAM PYRENEES-ORIENTALES__LABEL","organisme":"CPAM PYRENEES-ORIENTALES","name":"CPAM PYRENEES-ORIENTALES","title":"CPAM PYRENEES-ORIENTALES","label":"CPAM PYRENEES-ORIENTALES","nom_court":"PYRENEES-ORIENTALES","feature_role":"label_point","type_zone":"zone_cpam"},"geometry":{"type":"Point","coordinates":[2.524294,42.600631]}},{"type":"Feature","properties":{"id":"CPAM RHONE__LABEL","organisme":"CPAM RHONE","name":"CPAM RHONE","title":"CPAM RHONE","label":"CPAM RHONE","nom_court":"RHONE","feature_role":"label_point","type_zone":"zone_cpam"},"geometry":{"type":"Point","coordinates":[4.61197,45.862528]}},{"type":"Feature","properties":{"id":"CPAM ROUBAIX-TOURCOING__LABEL","organisme":"CPAM ROUBAIX-TOURCOING","name":"CPAM ROUBAIX-TOURCOING","title":"CPAM ROUBAIX-TOURCOING","label":"CPAM ROUBAIX-TOURCOING","nom_court":"ROUBAIX-TOURCOING","feature_role":"label_point","type_zone":"decoupage_cpam_special"},"geometry":{"type":"Point","coordinates":[3.037135,50.767428]}},{"type":"Feature","properties":{"id":"CPAM ROUEN-ELBEUF-DIEPPE__LABEL","organisme":"CPAM ROUEN-ELBEUF-DIEPPE","name":"CPAM ROUEN-ELBEUF-DIEPPE","title":"CPAM ROUEN-ELBEUF-DIEPPE","label":"CPAM ROUEN-ELBEUF-DIEPPE","nom_court":"ROUEN-ELBEUF-DIEPPE","feature_role":"label_point","type_zone":"decoupage_cpam_special"},"geometry":{"type":"Point","coordinates":[1.139628,49.653841]}},{"type":"Feature","properties":{"id":"CPAM SAONE-ET-LOIRE__LABEL","organisme":"CPAM SAONE-ET-LOIRE","name":"CPAM SAONE-ET-LOIRE","title":"CPAM SAONE-ET-LOIRE","label":"CPAM SAONE-ET-LOIRE","nom_court":"SAONE-ET-LOIRE","feature_role":"label_point","type_zone":"zone_cpam"},"geometry":{"type":"Point","coordinates":[4.544273,46.640222]}},{"type":"Feature","properties":{"id":"CPAM SARTHE__LABEL","organisme":"CPAM SARTHE","name":"CPAM SARTHE","title":"CPAM SARTHE","label":"CPAM SARTHE","nom_court":"SARTHE","feature_role":"label_point","type_zone":"zone_cpam"},"geometry":{"type":"Point","coordinates":[0.229678,48.005277]}},{"type":"Feature","properties":{"id":"CPAM SAVOIE__LABEL","organisme":"CPAM SAVOIE","name":"CPAM SAVOIE","title":"CPAM SAVOIE","label":"CPAM SAVOIE","nom_court":"SAVOIE","feature_role":"label_point","type_zone":"zone_cpam"},"geometry":{"type":"Point","coordinates":[6.346306,45.49467]}},{"type":"Feature","properties":{"id":"CPAM SEINE ST DENIS__LABEL","organisme":"CPAM SEINE ST DENIS","name":"CPAM SEINE ST DENIS","title":"CPAM SEINE ST DENIS","label":"CPAM SEINE ST DENIS","nom_court":"SEINE ST DENIS","feature_role":"label_point","type_zone":"ile_de_france"},"geometry":{"type":"Point","coordinates":[2.37374,48.93058]}},{"type":"Feature","properties":{"id":"CPAM SEINE-ET-MARNE__LABEL","organisme":"CPAM SEINE-ET-MARNE","name":"CPAM SEINE-ET-MARNE","title":"CPAM SEINE-ET-MARNE","label":"CPAM SEINE-ET-MARNE","nom_court":"SEINE-ET-MARNE","feature_role":"label_point","type_zone":"ile_de_france"},"geometry":{"type":"Point","coordinates":[2.954901,48.635855]}},{"type":"Feature","properties":{"id":"CPAM SOMME__LABEL","organisme":"CPAM SOMME","name":"CPAM SOMME","title":"CPAM SOMME","label":"CPAM SOMME","nom_court":"SOMME","feature_role":"label_point","type_zone":"zone_cpam"},"geometry":{"type":"Point","coordinates":[2.337394,49.953453]}},{"type":"Feature","properties":{"id":"CPAM TARN__LABEL","organisme":"CPAM TARN","name":"CPAM TARN","title":"CPAM TARN","label":"CPAM TARN","nom_court":"TARN","feature_role":"label_point","type_zone":"zone_cpam"},"geometry":{"type":"Point","coordinates":[2.125007,43.7688]}},{"type":"Feature","properties":{"id":"CPAM TARN et GARONNE__LABEL","organisme":"CPAM TARN et GARONNE","name":"CPAM TARN et GARONNE","title":"CPAM TARN et GARONNE","label":"CPAM TARN et GARONNE","nom_court":"TARN et GARONNE","feature_role":"label_point","type_zone":"zone_cpam"},"geometry":{"type":"Point","coordinates":[1.195219,44.053911]}},{"type":"Feature","properties":{"id":"CPAM VAL-D'OISE__LABEL","organisme":"CPAM VAL-D'OISE","name":"CPAM VAL-D'OISE","title":"CPAM VAL-D'OISE","label":"CPAM VAL-D'OISE","nom_court":"VAL-D'OISE","feature_role":"label_point","type_zone":"ile_de_france"},"geometry":{"type":"Point","coordinates":[2.130856,49.083846]}},{"type":"Feature","properties":{"id":"CPAM VAL-DE-MARNE__LABEL","organisme":"CPAM VAL-DE-MARNE","name":"CPAM VAL-DE-MARNE","title":"CPAM VAL-DE-MARNE","label":"CPAM VAL-DE-MARNE","nom_court":"VAL-DE-MARNE","feature_role":"label_point","type_zone":"ile_de_france"},"geometry":{"type":"Point","coordinates":[2.383112,48.798971]}},{"type":"Feature","properties":{"id":"CPAM VAR__LABEL","organisme":"CPAM VAR","name":"CPAM VAR","title":"CPAM VAR","label":"CPAM VAR","nom_court":"VAR","feature_role":"label_point","type_zone":"zone_cpam"},"geometry":{"type":"Point","coordinates":[6.263132,43.409629]}},{"type":"Feature","properties":{"id":"CPAM VAUCLUSE__LABEL","organisme":"CPAM VAUCLUSE","name":"CPAM VAUCLUSE","title":"CPAM VAUCLUSE","label":"CPAM VAUCLUSE","nom_court":"VAUCLUSE","feature_role":"label_point","type_zone":"zone_cpam"},"geometry":{"type":"Point","coordinates":[5.172746,43.979794]}},{"type":"Feature","properties":{"id":"CPAM VENDEE__LABEL","organisme":"CPAM VENDEE","name":"CPAM VENDEE","title":"CPAM VENDEE","label":"CPAM VENDEE","nom_court":"VENDEE","feature_role":"label_point","type_zone":"zone_cpam"},"geometry":{"type":"Point","coordinates":[-1.313079,46.64647]}},{"type":"Feature","properties":{"id":"CPAM VIENNE__LABEL","organisme":"CPAM VIENNE","name":"CPAM VIENNE","title":"CPAM VIENNE","label":"CPAM VIENNE","nom_court":"VIENNE","feature_role":"label_point","type_zone":"zone_cpam"},"geometry":{"type":"Point","coordinates":[0.464312,46.580848]}},{"type":"Feature","properties":{"id":"CPAM VOSGES__LABEL","organisme":"CPAM VOSGES","name":"CPAM VOSGES","title":"CPAM VOSGES","label":"CPAM VOSGES","nom_court":"VOSGES","feature_role":"label_point","type_zone":"zone_cpam"},"geometry":{"type":"Point","coordinates":[6.359573,48.167585]}},{"type":"Feature","properties":{"id":"CPAM YONNE__LABEL","organisme":"CPAM YONNE","name":"CPAM YONNE","title":"CPAM YONNE","label":"CPAM YONNE","nom_court":"YONNE","feature_role":"label_point","type_zone":"zone_cpam"},"geometry":{"type":"Point","coordinates":[3.591927,47.853704]}},{"type":"Feature","properties":{"id":"CPAM YVELINES__LABEL","organisme":"CPAM YVELINES","name":"CPAM YVELINES","title":"CPAM YVELINES","label":"CPAM YVELINES","nom_court":"YVELINES","feature_role":"label_point","type_zone":"ile_de_france"},"geometry":{"type":"Point","coordinates":[1.813098,48.778275]}}]}